SC@16 — Tyler's half (MATH-500, window 256, budget 16). One entry per question, qid order.
Config: SEATS=MAX_TRACES=16, PROBE_EVERY=0, CONSENSUS=2.0, BAR_KEEP_TOP=100, LOOP=off, cert=off.
Grading below is strict math_equal (some ✗ are LaTeX-format false negatives).
Coverage: 253 questions = Q0-249 (Tyler) + Q422/460/478 (Mofe gaps).

============================================================
### Q0
============================================================
Ground truth: \left( 3, \frac{\pi}{2} \right)
Trace 0: finished at 1235 tokens | answer=(3,\ \dfrac{\pi}{2})
Trace 1: finished at 1017 tokens | answer=\left(3,\ \dfrac{\pi}{2}\right)
Trace 2: finished at 1322 tokens | answer=\left(3,\ \dfrac{\pi}{2}\right)
Trace 3: finished at 1149 tokens | answer=\left(3,\ \dfrac{\pi}{2}\right)
Trace 4: finished at 1079 tokens | answer=\left(3,\ \dfrac{\pi}{2}\right)
Trace 5: finished at 1358 tokens | answer=\left(3,\ \dfrac{\pi}{2}\right)
Trace 6: finished at 1334 tokens | answer=\left(3,\ \dfrac{\pi}{2}\right)
Trace 7: finished at 1475 tokens | answer=\left(3,\ \dfrac{\pi}{2}\right)
Trace 8: finished at 1269 tokens | answer=\left(3,\ \dfrac{\pi}{2}\right)
Trace 9: finished at 1661 tokens | answer=\left(3,\ \dfrac{\pi}{2}\right)
Trace 10: finished at 1647 tokens | answer=\left(3,\ \dfrac{\pi}{2}\right)
Trace 11: finished at 1201 tokens | answer=\left(3,\ \dfrac{\pi}{2}\right)
Trace 12: finished at 969 tokens | answer=\left(3,\ \dfrac{\pi}{2}\right)
Trace 13: finished at 1447 tokens | answer=\left(3,\ \dfrac{\pi}{2}\right)
Trace 14: finished at 1395 tokens | answer=\left(3,\ \dfrac{\pi}{2}\right)
Trace 15: finished at 1571 tokens | answer=\left(3,\ \dfrac{\pi}{2}\right)

=== Voting Results Summary ===
  majority: (3,\ \dfrac{\pi}{2}) [16 votes]
  mean_confidence_weighted: (3,\ \dfrac{\pi}{2}) (conf: 14.931) [16 votes]
  tail_confidence_weighted: (3,\ \dfrac{\pi}{2}) (conf: 16.912) [16 votes]
  bottom_window_weighted: (3,\ \dfrac{\pi}{2}) (conf: 13.466) [16 votes]
  min_window_weighted: (3,\ \dfrac{\pi}{2}) (conf: 13.218) [16 votes]
  top10_tail_filtered: \left(3,\ \dfrac{\pi}{2}\right) (conf: 17.757) [2 votes]
  top10_bottom_window_filtered: \left(3,\ \dfrac{\pi}{2}\right) (conf: 14.589) [2 votes]

=== Detailed Voting Results ===
----------------------------------------------------------------------
Method                        Answer      Votes  Confidence  Correct
----------------------------------------------------------------------
majority                      (3,\ \dfrac{\pi}{2}) 16     -           ✗
mean_confidence_weighted      (3,\ \dfrac{\pi}{2}) 16     14.931      ✗
tail_confidence_weighted      (3,\ \dfrac{\pi}{2}) 16     16.912      ✗
bottom_window_weighted        (3,\ \dfrac{\pi}{2}) 16     13.466      ✗
min_window_weighted           (3,\ \dfrac{\pi}{2}) 16     13.218      ✗
top10_tail_filtered           \left(3,\ \dfrac{\pi}{2}\right) 2      17.757      ✗
top10_bottom_window_filtered  \left(3,\ \dfrac{\pi}{2}\right) 2      14.589      ✗
Q0 done | gt=\left( 3, \frac{\pi}{2} \right) | majority:✗, mean_confidence_weighted:✗, tail_confidence_weighted:✗, bottom_window_weighted:✗, min_window_weighted:✗, top10_tail_filtered:✗, top10_bottom_window_filtered:✗
tokens=21129

============================================================
### Q1
============================================================
Ground truth: p - q
Trace 0: finished at 10349 tokens | answer=p - q
Trace 1: finished at 11487 tokens | answer=p - q
Trace 2: finished at 11804 tokens | answer=p-q
Trace 3: finished at 15888 tokens | answer=p - q
Trace 4: finished at 12315 tokens | answer=p - q
Trace 5: finished at 12564 tokens | answer=p - q
Trace 6: finished at 16913 tokens | answer=p - q
Trace 7: finished at 11661 tokens | answer=p - q
Trace 8: finished at 9093 tokens | answer=p - q
Trace 9: finished at 10546 tokens | answer=p - q
Trace 10: finished at 7606 tokens | answer=p - q
Trace 11: finished at 8869 tokens | answer=p - q
Trace 12: finished at 15336 tokens | answer=p - q
Trace 13: finished at 37006 tokens | answer=p - q
Trace 14: finished at 5680 tokens | answer=p-q
Trace 15: finished at 10683 tokens | answer=p-q

=== Voting Results Summary ===
  majority: p - q [16 votes]
  mean_confidence_weighted: p - q (conf: 15.839) [16 votes]
  tail_confidence_weighted: p - q (conf: 17.849) [16 votes]
  bottom_window_weighted: p - q (conf: 13.643) [16 votes]
  min_window_weighted: p - q (conf: 12.513) [16 votes]
  top10_tail_filtered: p - q (conf: 18.633) [2 votes]
  top10_bottom_window_filtered: p - q (conf: 14.395) [2 votes]

=== Detailed Voting Results ===
----------------------------------------------------------------------
Method                        Answer      Votes  Confidence  Correct
----------------------------------------------------------------------
majority                      p - q       16     -           ✓
mean_confidence_weighted      p - q       16     15.839      ✓
tail_confidence_weighted      p - q       16     17.849      ✓
bottom_window_weighted        p - q       16     13.643      ✓
min_window_weighted           p - q       16     12.513      ✓
top10_tail_filtered           p - q       2      18.633      ✓
top10_bottom_window_filtered  p - q       2      14.395      ✓
Q1 done | gt=p - q | majority:✓, mean_confidence_weighted:✓, tail_confidence_weighted:✓, bottom_window_weighted:✓, min_window_weighted:✓, top10_tail_filtered:✓, top10_bottom_window_filtered:✓
tokens=207800

============================================================
### Q2
============================================================
Ground truth: \frac{14}{3}
Trace 0: finished at 2387 tokens | answer=\dfrac{14}{3}
Trace 1: finished at 1851 tokens | answer=\dfrac{14}{3}
Trace 2: finished at 2655 tokens | answer=\dfrac{14}{3}
Trace 3: finished at 2052 tokens | answer=\dfrac{14}{3}
Trace 4: finished at 1916 tokens | answer=\dfrac{14}{3}
Trace 5: finished at 2164 tokens | answer=\dfrac{14}{3}
Trace 6: finished at 2000 tokens | answer=\dfrac{14}{3}
Trace 7: finished at 1750 tokens | answer=\dfrac{14}{3}
Trace 8: finished at 1918 tokens | answer=\dfrac{14}{3}
Trace 9: finished at 3240 tokens | answer=\dfrac{14}{3}
Trace 10: finished at 2638 tokens | answer=\dfrac{14}{3}
Trace 11: finished at 2011 tokens | answer=\dfrac{14}{3}
Trace 12: finished at 2567 tokens | answer=\dfrac{14}{3}
Trace 13: finished at 2537 tokens | answer=\dfrac{14}{3}
Trace 14: finished at 1991 tokens | answer=\dfrac{14}{3}
Trace 15: finished at 1695 tokens | answer=\dfrac{14}{3}

=== Voting Results Summary ===
  majority: \dfrac{14}{3} [16 votes]
  mean_confidence_weighted: \dfrac{14}{3} (conf: 16.858) [16 votes]
  tail_confidence_weighted: \dfrac{14}{3} (conf: 18.458) [16 votes]
  bottom_window_weighted: \dfrac{14}{3} (conf: 14.902) [16 votes]
  min_window_weighted: \dfrac{14}{3} (conf: 14.422) [16 votes]
  top10_tail_filtered: \dfrac{14}{3} (conf: 18.974) [2 votes]
  top10_bottom_window_filtered: \dfrac{14}{3} (conf: 16.039) [2 votes]

=== Detailed Voting Results ===
----------------------------------------------------------------------
Method                        Answer      Votes  Confidence  Correct
----------------------------------------------------------------------
majority                      \dfrac{14}{3} 16     -           ✓
mean_confidence_weighted      \dfrac{14}{3} 16     16.858      ✓
tail_confidence_weighted      \dfrac{14}{3} 16     18.458      ✓
bottom_window_weighted        \dfrac{14}{3} 16     14.902      ✓
min_window_weighted           \dfrac{14}{3} 16     14.422      ✓
top10_tail_filtered           \dfrac{14}{3} 2      18.974      ✓
top10_bottom_window_filtered  \dfrac{14}{3} 2      16.039      ✓
Q2 done | gt=\frac{14}{3} | majority:✓, mean_confidence_weighted:✓, tail_confidence_weighted:✓, bottom_window_weighted:✓, min_window_weighted:✓, top10_tail_filtered:✓, top10_bottom_window_filtered:✓
tokens=35372

============================================================
### Q3
============================================================
Ground truth: 9
Trace 0: finished at 1350 tokens | answer=9
Trace 1: finished at 1211 tokens | answer=9
Trace 2: finished at 1581 tokens | answer=9
Trace 3: finished at 1559 tokens | answer=9
Trace 4: finished at 2170 tokens | answer=9
Trace 5: finished at 1801 tokens | answer=9
Trace 6: finished at 907 tokens | answer=9
Trace 7: finished at 1451 tokens | answer=9
Trace 8: finished at 1667 tokens | answer=9
Trace 9: finished at 2891 tokens | answer=9
Trace 10: finished at 1233 tokens | answer=9
Trace 11: finished at 1314 tokens | answer=9
Trace 12: finished at 1311 tokens | answer=9
Trace 13: finished at 1440 tokens | answer=9
Trace 14: finished at 1233 tokens | answer=9
Trace 15: finished at 882 tokens | answer=9

=== Voting Results Summary ===
  majority: 9 [16 votes]
  mean_confidence_weighted: 9 (conf: 13.143) [16 votes]
  tail_confidence_weighted: 9 (conf: 14.704) [16 votes]
  bottom_window_weighted: 9 (conf: 11.336) [16 votes]
  min_window_weighted: 9 (conf: 11.065) [16 votes]
  top10_tail_filtered: 9 (conf: 15.780) [2 votes]
  top10_bottom_window_filtered: 9 (conf: 12.214) [2 votes]

=== Detailed Voting Results ===
----------------------------------------------------------------------
Method                        Answer      Votes  Confidence  Correct
----------------------------------------------------------------------
majority                      9           16     -           ✓
mean_confidence_weighted      9           16     13.143      ✓
tail_confidence_weighted      9           16     14.704      ✓
bottom_window_weighted        9           16     11.336      ✓
min_window_weighted           9           16     11.065      ✓
top10_tail_filtered           9           2      15.780      ✓
top10_bottom_window_filtered  9           2      12.214      ✓
Q3 done | gt=9 | majority:✓, mean_confidence_weighted:✓, tail_confidence_weighted:✓, bottom_window_weighted:✓, min_window_weighted:✓, top10_tail_filtered:✓, top10_bottom_window_filtered:✓
tokens=24001

============================================================
### Q4
============================================================
Ground truth: \text{Evelyn}
Trace 0: finished at 5809 tokens | answer=\text{Evelyn}
Trace 1: finished at 4691 tokens | answer=\text{Evelyn}
Trace 2: finished at 4666 tokens | answer=\text{Evelyn}
Trace 3: finished at 5184 tokens | answer=\text{Evelyn}
Trace 4: finished at 7791 tokens | answer=\text{Carla}
Trace 5: finished at 5288 tokens | answer=\text{Evelyn}
Trace 6: finished at 4534 tokens | answer=\text{Evelyn}
Trace 7: finished at 4644 tokens | answer=\text{Evelyn}
Trace 8: finished at 4894 tokens | answer=\text{Evelyn}
Trace 9: finished at 5423 tokens | answer=\text{Evelyn}
Trace 10: finished at 4964 tokens | answer=\text{Evelyn}
Trace 11: finished at 5958 tokens | answer=\text{Evelyn}
Trace 12: finished at 6615 tokens | answer=\text{Evelyn}
Trace 13: finished at 5304 tokens | answer=\text{Evelyn}
Trace 14: finished at 4493 tokens | answer=\text{Evelyn}
Trace 15: finished at 5388 tokens | answer=\text{Evelyn}

=== Voting Results Summary ===
  majority: \text{Evelyn} [16 votes]
  mean_confidence_weighted: \text{Evelyn} (conf: 11.644) [16 votes]
  tail_confidence_weighted: \text{Evelyn} (conf: 16.177) [16 votes]
  bottom_window_weighted: \text{Evelyn} (conf: 9.610) [16 votes]
  min_window_weighted: \text{Evelyn} (conf: 9.194) [16 votes]
  top10_tail_filtered: \text{Evelyn} (conf: 16.655) [2 votes]
  top10_bottom_window_filtered: \text{Evelyn} (conf: 10.245) [2 votes]

=== Detailed Voting Results ===
----------------------------------------------------------------------
Method                        Answer      Votes  Confidence  Correct
----------------------------------------------------------------------
majority                      \text{Evelyn} 16     -           ✓
mean_confidence_weighted      \text{Evelyn} 16     11.644      ✓
tail_confidence_weighted      \text{Evelyn} 16     16.177      ✓
bottom_window_weighted        \text{Evelyn} 16     9.610       ✓
min_window_weighted           \text{Evelyn} 16     9.194       ✓
top10_tail_filtered           \text{Evelyn} 2      16.655      ✓
top10_bottom_window_filtered  \text{Evelyn} 2      10.245      ✓
Q4 done | gt=\text{Evelyn} | majority:✓, mean_confidence_weighted:✓, tail_confidence_weighted:✓, bottom_window_weighted:✓, min_window_weighted:✓, top10_tail_filtered:✓, top10_bottom_window_filtered:✓
tokens=85646

============================================================
### Q5
============================================================
Ground truth: 42
Trace 0: finished at 6739 tokens | answer=42
Trace 1: finished at 2871 tokens | answer=42
Trace 2: finished at 5075 tokens | answer=42
Trace 3: finished at 3023 tokens | answer=42
Trace 4: finished at 2671 tokens | answer=42
Trace 5: finished at 5332 tokens | answer=42
Trace 6: finished at 2485 tokens | answer=42
Trace 7: finished at 4666 tokens | answer=42
Trace 8: finished at 5100 tokens | answer=42
Trace 9: finished at 4320 tokens | answer=42
Trace 10: finished at 3607 tokens | answer=42
Trace 11: finished at 6941 tokens | answer=42
Trace 12: finished at 2116 tokens | answer=42
Trace 13: finished at 4021 tokens | answer=42
Trace 14: finished at 4921 tokens | answer=42
Trace 15: finished at 4057 tokens | answer=42

=== Voting Results Summary ===
  majority: 42 [16 votes]
  mean_confidence_weighted: 42 (conf: 13.253) [16 votes]
  tail_confidence_weighted: 42 (conf: 16.769) [16 votes]
  bottom_window_weighted: 42 (conf: 11.787) [16 votes]
  min_window_weighted: 42 (conf: 11.459) [16 votes]
  top10_tail_filtered: 42 (conf: 17.588) [2 votes]
  top10_bottom_window_filtered: 42 (conf: 12.134) [2 votes]

=== Detailed Voting Results ===
----------------------------------------------------------------------
Method                        Answer      Votes  Confidence  Correct
----------------------------------------------------------------------
majority                      42          16     -           ✓
mean_confidence_weighted      42          16     13.253      ✓
tail_confidence_weighted      42          16     16.769      ✓
bottom_window_weighted        42          16     11.787      ✓
min_window_weighted           42          16     11.459      ✓
top10_tail_filtered           42          2      17.588      ✓
top10_bottom_window_filtered  42          2      12.134      ✓
Q5 done | gt=42 | majority:✓, mean_confidence_weighted:✓, tail_confidence_weighted:✓, bottom_window_weighted:✓, min_window_weighted:✓, top10_tail_filtered:✓, top10_bottom_window_filtered:✓
tokens=67945

============================================================
### Q6
============================================================
Ground truth: 27
Trace 0: finished at 4300 tokens | answer=27
Trace 1: finished at 6848 tokens | answer=27
Trace 2: finished at 7445 tokens | answer=27
Trace 3: finished at 6961 tokens | answer=27
Trace 4: finished at 4630 tokens | answer=27
Trace 5: finished at 7234 tokens | answer=27
Trace 6: finished at 4363 tokens | answer=27
Trace 7: finished at 8301 tokens | answer=27
Trace 8: finished at 4864 tokens | answer=27
Trace 9: finished at 7134 tokens | answer=27
Trace 10: finished at 6265 tokens | answer=27
Trace 11: finished at 6931 tokens | answer=27
Trace 12: finished at 4474 tokens | answer=27
Trace 13: finished at 7185 tokens | answer=27
Trace 14: finished at 7215 tokens | answer=27
Trace 15: finished at 5470 tokens | answer=27

=== Voting Results Summary ===
  majority: 27 [16 votes]
  mean_confidence_weighted: 27 (conf: 14.142) [16 votes]
  tail_confidence_weighted: 27 (conf: 16.757) [16 votes]
  bottom_window_weighted: 27 (conf: 12.629) [16 votes]
  min_window_weighted: 27 (conf: 12.034) [16 votes]
  top10_tail_filtered: 27 (conf: 17.617) [2 votes]
  top10_bottom_window_filtered: 27 (conf: 13.287) [2 votes]

=== Detailed Voting Results ===
----------------------------------------------------------------------
Method                        Answer      Votes  Confidence  Correct
----------------------------------------------------------------------
majority                      27          16     -           ✓
mean_confidence_weighted      27          16     14.142      ✓
tail_confidence_weighted      27          16     16.757      ✓
bottom_window_weighted        27          16     12.629      ✓
min_window_weighted           27          16     12.034      ✓
top10_tail_filtered           27          2      17.617      ✓
top10_bottom_window_filtered  27          2      13.287      ✓
Q6 done | gt=27 | majority:✓, mean_confidence_weighted:✓, tail_confidence_weighted:✓, bottom_window_weighted:✓, min_window_weighted:✓, top10_tail_filtered:✓, top10_bottom_window_filtered:✓
tokens=99620

============================================================
### Q7
============================================================
Ground truth: 90^\circ
Trace 0: finished at 5777 tokens | answer=90
Trace 1: finished at 5568 tokens | answer=90
Trace 2: finished at 5691 tokens | answer=90
Trace 3: finished at 4905 tokens | answer=90
Trace 4: finished at 4512 tokens | answer=90
Trace 5: finished at 5345 tokens | answer=90
Trace 6: finished at 5313 tokens | answer=90
Trace 7: finished at 4132 tokens | answer=90
Trace 8: finished at 5803 tokens | answer=90
Trace 9: finished at 5458 tokens | answer=90
Trace 10: finished at 5937 tokens | answer=90
Trace 11: finished at 5620 tokens | answer=90
Trace 12: finished at 6106 tokens | answer=90
Trace 13: finished at 5098 tokens | answer=90
Trace 14: finished at 4909 tokens | answer=90
Trace 15: finished at 6346 tokens | answer=90

=== Voting Results Summary ===
  majority: 90 [16 votes]
  mean_confidence_weighted: 90 (conf: 15.253) [16 votes]
  tail_confidence_weighted: 90 (conf: 18.278) [16 votes]
  bottom_window_weighted: 90 (conf: 13.306) [16 votes]
  min_window_weighted: 90 (conf: 12.759) [16 votes]
  top10_tail_filtered: 90 (conf: 19.216) [2 votes]
  top10_bottom_window_filtered: 90 (conf: 13.861) [2 votes]

=== Detailed Voting Results ===
----------------------------------------------------------------------
Method                        Answer      Votes  Confidence  Correct
----------------------------------------------------------------------
majority                      90          16     -           ✗
mean_confidence_weighted      90          16     15.253      ✗
tail_confidence_weighted      90          16     18.278      ✗
bottom_window_weighted        90          16     13.306      ✗
min_window_weighted           90          16     12.759      ✗
top10_tail_filtered           90          2      19.216      ✗
top10_bottom_window_filtered  90          2      13.861      ✗
Q7 done | gt=90^\circ | majority:✗, mean_confidence_weighted:✗, tail_confidence_weighted:✗, bottom_window_weighted:✗, min_window_weighted:✗, top10_tail_filtered:✗, top10_bottom_window_filtered:✗
tokens=86520

============================================================
### Q8
============================================================
Ground truth: 3\sqrt{13}
Trace 0: finished at 1923 tokens | answer=3\sqrt{13}
Trace 1: finished at 1560 tokens | answer=3\sqrt{13}
Trace 2: finished at 1334 tokens | answer=3\sqrt{13}
Trace 3: finished at 1338 tokens | answer=3\sqrt{13}
Trace 4: finished at 1416 tokens | answer=3\sqrt{13}
Trace 5: finished at 1598 tokens | answer=3\sqrt{13}
Trace 6: finished at 1513 tokens | answer=3\sqrt{13}
Trace 7: finished at 1432 tokens | answer=3\sqrt{13}
Trace 8: finished at 1334 tokens | answer=3\sqrt{13}
Trace 9: finished at 1660 tokens | answer=3\sqrt{13}
Trace 10: finished at 1044 tokens | answer=3\sqrt{13}
Trace 11: finished at 1233 tokens | answer=3\sqrt{13}
Trace 12: finished at 1644 tokens | answer=3\sqrt{13}
Trace 13: finished at 1404 tokens | answer=3\sqrt{13}
Trace 14: finished at 1646 tokens | answer=3\sqrt{13}
Trace 15: finished at 1602 tokens | answer=3\sqrt{13}

=== Voting Results Summary ===
  majority: 3\sqrt{13} [16 votes]
  mean_confidence_weighted: 3\sqrt{13} (conf: 15.900) [16 votes]
  tail_confidence_weighted: 3\sqrt{13} (conf: 18.259) [16 votes]
  bottom_window_weighted: 3\sqrt{13} (conf: 13.761) [16 votes]
  min_window_weighted: 3\sqrt{13} (conf: 13.498) [16 votes]
  top10_tail_filtered: 3\sqrt{13} (conf: 18.940) [2 votes]
  top10_bottom_window_filtered: 3\sqrt{13} (conf: 14.845) [2 votes]

=== Detailed Voting Results ===
----------------------------------------------------------------------
Method                        Answer      Votes  Confidence  Correct
----------------------------------------------------------------------
majority                      3\sqrt{13}  16     -           ✓
mean_confidence_weighted      3\sqrt{13}  16     15.900      ✓
tail_confidence_weighted      3\sqrt{13}  16     18.259      ✓
bottom_window_weighted        3\sqrt{13}  16     13.761      ✓
min_window_weighted           3\sqrt{13}  16     13.498      ✓
top10_tail_filtered           3\sqrt{13}  2      18.940      ✓
top10_bottom_window_filtered  3\sqrt{13}  2      14.845      ✓
Q8 done | gt=3\sqrt{13} | majority:✓, mean_confidence_weighted:✓, tail_confidence_weighted:✓, bottom_window_weighted:✓, min_window_weighted:✓, top10_tail_filtered:✓, top10_bottom_window_filtered:✓
tokens=23681

============================================================
### Q9
============================================================
Ground truth: 4
Trace 0: finished at 22081 tokens | answer=4
Trace 1: finished at 22973 tokens | answer=4
Trace 2: finished at 23051 tokens | answer=4
Trace 3: finished at 29003 tokens | answer=4
Trace 4: finished at 30531 tokens | answer=4
Trace 5: finished at 21961 tokens | answer=4
Trace 6: finished at 29116 tokens | answer=4
Trace 7: finished at 21401 tokens | answer=4
Trace 8: finished at 22494 tokens | answer=4
Trace 9: finished at 22453 tokens | answer=4
Trace 10: finished at 21008 tokens | answer=4
Trace 11: finished at 23480 tokens | answer=4
Trace 12: finished at 18178 tokens | answer=4
Trace 13: finished at 13282 tokens | answer=4
Trace 14: finished at 23487 tokens | answer=4
Trace 15: finished at 18516 tokens | answer=4

=== Voting Results Summary ===
  majority: 4 [16 votes]
  mean_confidence_weighted: 4 (conf: 13.493) [16 votes]
  tail_confidence_weighted: 4 (conf: 17.332) [16 votes]
  bottom_window_weighted: 4 (conf: 11.211) [16 votes]
  min_window_weighted: 4 (conf: 10.340) [16 votes]
  top10_tail_filtered: 4 (conf: 17.946) [2 votes]
  top10_bottom_window_filtered: 4 (conf: 11.729) [2 votes]

=== Detailed Voting Results ===
----------------------------------------------------------------------
Method                        Answer      Votes  Confidence  Correct
----------------------------------------------------------------------
majority                      4           16     -           ✓
mean_confidence_weighted      4           16     13.493      ✓
tail_confidence_weighted      4           16     17.332      ✓
bottom_window_weighted        4           16     11.211      ✓
min_window_weighted           4           16     10.340      ✓
top10_tail_filtered           4           2      17.946      ✓
top10_bottom_window_filtered  4           2      11.729      ✓
Q9 done | gt=4 | majority:✓, mean_confidence_weighted:✓, tail_confidence_weighted:✓, bottom_window_weighted:✓, min_window_weighted:✓, top10_tail_filtered:✓, top10_bottom_window_filtered:✓
tokens=363015

============================================================
### Q10
============================================================
Ground truth: 2220
Trace 0: finished at 13625 tokens | answer=2220
Trace 1: finished at 10547 tokens | answer=2220
Trace 2: finished at 11840 tokens | answer=2220
Trace 3: finished at 8854 tokens | answer=2220
Trace 4: finished at 10812 tokens | answer=2220
Trace 5: finished at 12494 tokens | answer=2220
Trace 6: finished at 12752 tokens | answer=2220
Trace 7: finished at 11586 tokens | answer=2220
Trace 8: finished at 10268 tokens | answer=2220
Trace 9: finished at 14161 tokens | answer=2220
Trace 10: finished at 8694 tokens | answer=2220
Trace 11: finished at 10793 tokens | answer=2220
Trace 12: finished at 12499 tokens | answer=2220
Trace 13: finished at 10834 tokens | answer=2220
Trace 14: finished at 11546 tokens | answer=2220
Trace 15: finished at 15637 tokens | answer=2220

=== Voting Results Summary ===
  majority: 2220 [16 votes]
  mean_confidence_weighted: 2220 (conf: 14.656) [16 votes]
  tail_confidence_weighted: 2220 (conf: 17.430) [16 votes]
  bottom_window_weighted: 2220 (conf: 13.200) [16 votes]
  min_window_weighted: 2220 (conf: 12.563) [16 votes]
  top10_tail_filtered: 2220 (conf: 18.243) [2 votes]
  top10_bottom_window_filtered: 2220 (conf: 13.624) [2 votes]

=== Detailed Voting Results ===
----------------------------------------------------------------------
Method                        Answer      Votes  Confidence  Correct
----------------------------------------------------------------------
majority                      2220        16     -           ✓
mean_confidence_weighted      2220        16     14.656      ✓
tail_confidence_weighted      2220        16     17.430      ✓
bottom_window_weighted        2220        16     13.200      ✓
min_window_weighted           2220        16     12.563      ✓
top10_tail_filtered           2220        2      18.243      ✓
top10_bottom_window_filtered  2220        2      13.624      ✓
Q10 done | gt=2220 | majority:✓, mean_confidence_weighted:✓, tail_confidence_weighted:✓, bottom_window_weighted:✓, min_window_weighted:✓, top10_tail_filtered:✓, top10_bottom_window_filtered:✓
tokens=186942

============================================================
### Q11
============================================================
Ground truth: \frac{3}{56}
Trace 0: finished at 13080 tokens | answer=\dfrac{3}{56}
Trace 1: finished at 10664 tokens | answer=\dfrac{3}{56}
Trace 2: finished at 8037 tokens | answer=\dfrac{3}{56}
Trace 3: finished at 8654 tokens | answer=\dfrac{3}{56}
Trace 4: finished at 11426 tokens | answer=\dfrac{3}{56}
Trace 5: finished at 6882 tokens | answer=\dfrac{3}{56}
Trace 6: finished at 7893 tokens | answer=\dfrac{3}{56}
Trace 7: finished at 13742 tokens | answer=\dfrac{3}{56}
Trace 8: finished at 11115 tokens | answer=\dfrac{3}{56}
Trace 9: finished at 7981 tokens | answer=\dfrac{3}{56}
Trace 10: finished at 10871 tokens | answer=\dfrac{3}{56}
Trace 11: finished at 6758 tokens | answer=\dfrac{101}{504}
Trace 12: finished at 13160 tokens | answer=\dfrac{3}{56}
Trace 13: finished at 16462 tokens | answer=\dfrac{3}{56}
Trace 14: finished at 14403 tokens | answer=\dfrac{3}{56}
Trace 15: finished at 18155 tokens | answer=\dfrac{3}{56}

=== Voting Results Summary ===
  majority: \dfrac{3}{56} [16 votes]
  mean_confidence_weighted: \dfrac{3}{56} (conf: 16.086) [16 votes]
  tail_confidence_weighted: \dfrac{3}{56} (conf: 18.033) [16 votes]
  bottom_window_weighted: \dfrac{3}{56} (conf: 13.285) [16 votes]
  min_window_weighted: \dfrac{3}{56} (conf: 12.301) [16 votes]
  top10_tail_filtered: \dfrac{3}{56} (conf: 19.076) [2 votes]
  top10_bottom_window_filtered: \dfrac{3}{56} (conf: 14.219) [2 votes]

=== Detailed Voting Results ===
----------------------------------------------------------------------
Method                        Answer      Votes  Confidence  Correct
----------------------------------------------------------------------
majority                      \dfrac{3}{56} 16     -           ✓
mean_confidence_weighted      \dfrac{3}{56} 16     16.086      ✓
tail_confidence_weighted      \dfrac{3}{56} 16     18.033      ✓
bottom_window_weighted        \dfrac{3}{56} 16     13.285      ✓
min_window_weighted           \dfrac{3}{56} 16     12.301      ✓
top10_tail_filtered           \dfrac{3}{56} 2      19.076      ✓
top10_bottom_window_filtered  \dfrac{3}{56} 2      14.219      ✓
Q11 done | gt=\frac{3}{56} | majority:✓, mean_confidence_weighted:✓, tail_confidence_weighted:✓, bottom_window_weighted:✓, min_window_weighted:✓, top10_tail_filtered:✓, top10_bottom_window_filtered:✓
tokens=179283

============================================================
### Q12
============================================================
Ground truth: 284
Trace 0: finished at 6935 tokens | answer=284
Trace 1: finished at 4451 tokens | answer=284
Trace 2: finished at 7214 tokens | answer=284
Trace 3: finished at 4433 tokens | answer=284
Trace 4: finished at 6653 tokens | answer=284
Trace 5: finished at 7900 tokens | answer=284
Trace 6: finished at 5280 tokens | answer=284
Trace 7: finished at 6739 tokens | answer=284
Trace 8: finished at 5459 tokens | answer=284
Trace 9: finished at 6111 tokens | answer=284
Trace 10: finished at 4142 tokens | answer=284
Trace 11: finished at 5524 tokens | answer=284
Trace 12: finished at 5871 tokens | answer=284
Trace 13: finished at 5323 tokens | answer=284
Trace 14: finished at 2555 tokens | answer=284
Trace 15: finished at 4353 tokens | answer=284

=== Voting Results Summary ===
  majority: 284 [16 votes]
  mean_confidence_weighted: 284 (conf: 15.451) [16 votes]
  tail_confidence_weighted: 284 (conf: 18.442) [16 votes]
  bottom_window_weighted: 284 (conf: 13.477) [16 votes]
  min_window_weighted: 284 (conf: 12.926) [16 votes]
  top10_tail_filtered: 284 (conf: 19.096) [2 votes]
  top10_bottom_window_filtered: 284 (conf: 14.291) [2 votes]

=== Detailed Voting Results ===
----------------------------------------------------------------------
Method                        Answer      Votes  Confidence  Correct
----------------------------------------------------------------------
majority                      284         16     -           ✓
mean_confidence_weighted      284         16     15.451      ✓
tail_confidence_weighted      284         16     18.442      ✓
bottom_window_weighted        284         16     13.477      ✓
min_window_weighted           284         16     12.926      ✓
top10_tail_filtered           284         2      19.096      ✓
top10_bottom_window_filtered  284         2      14.291      ✓
Q12 done | gt=284 | majority:✓, mean_confidence_weighted:✓, tail_confidence_weighted:✓, bottom_window_weighted:✓, min_window_weighted:✓, top10_tail_filtered:✓, top10_bottom_window_filtered:✓
tokens=88943

============================================================
### Q13
============================================================
Ground truth: 5
Trace 0: finished at 785 tokens | answer=5
Trace 1: finished at 598 tokens | answer=5
Trace 2: finished at 672 tokens | answer=5
Trace 3: finished at 1697 tokens | answer=5
Trace 4: finished at 2655 tokens | answer=5
Trace 5: finished at 741 tokens | answer=5
Trace 6: finished at 1470 tokens | answer=5
Trace 7: finished at 1516 tokens | answer=5
Trace 8: finished at 847 tokens | answer=5
Trace 9: finished at 593 tokens | answer=5
Trace 10: finished at 841 tokens | answer=5
Trace 11: finished at 1306 tokens | answer=5
Trace 12: finished at 665 tokens | answer=5
Trace 13: finished at 2670 tokens | answer=5
Trace 14: finished at 1240 tokens | answer=5
Trace 15: finished at 6168 tokens | answer=5

=== Voting Results Summary ===
  majority: 5 [16 votes]
  mean_confidence_weighted: 5 (conf: 13.640) [16 votes]
  tail_confidence_weighted: 5 (conf: 16.624) [16 votes]
  bottom_window_weighted: 5 (conf: 12.063) [16 votes]
  min_window_weighted: 5 (conf: 11.837) [16 votes]
  top10_tail_filtered: 5 (conf: 17.552) [2 votes]
  top10_bottom_window_filtered: 5 (conf: 14.171) [2 votes]

=== Detailed Voting Results ===
----------------------------------------------------------------------
Method                        Answer      Votes  Confidence  Correct
----------------------------------------------------------------------
majority                      5           16     -           ✓
mean_confidence_weighted      5           16     13.640      ✓
tail_confidence_weighted      5           16     16.624      ✓
bottom_window_weighted        5           16     12.063      ✓
min_window_weighted           5           16     11.837      ✓
top10_tail_filtered           5           2      17.552      ✓
top10_bottom_window_filtered  5           2      14.171      ✓
Q13 done | gt=5 | majority:✓, mean_confidence_weighted:✓, tail_confidence_weighted:✓, bottom_window_weighted:✓, min_window_weighted:✓, top10_tail_filtered:✓, top10_bottom_window_filtered:✓
tokens=24464

============================================================
### Q14
============================================================
Ground truth: \sqrt{51}
Trace 0: finished at 4650 tokens | answer=\sqrt{51}
Trace 1: finished at 4644 tokens | answer=\sqrt{51}
Trace 2: finished at 5817 tokens | answer=\sqrt{51}
Trace 3: finished at 4506 tokens | answer=\sqrt{51}
Trace 4: finished at 5677 tokens | answer=\sqrt{51}
Trace 5: finished at 5367 tokens | answer=\sqrt{51}
Trace 6: finished at 2998 tokens | answer=\sqrt{51}
Trace 7: finished at 3749 tokens | answer=\sqrt{51}
Trace 8: finished at 3474 tokens | answer=\sqrt{51}
Trace 9: finished at 6185 tokens | answer=\sqrt{51}
Trace 10: finished at 4418 tokens | answer=\sqrt{51}
Trace 11: finished at 6310 tokens | answer=\sqrt{51}
Trace 12: finished at 5875 tokens | answer=\sqrt{51}
Trace 13: finished at 4261 tokens | answer=\sqrt{51}
Trace 14: finished at 4481 tokens | answer=\sqrt{51}
Trace 15: finished at 4588 tokens | answer=\sqrt{51}

=== Voting Results Summary ===
  majority: \sqrt{51} [16 votes]
  mean_confidence_weighted: \sqrt{51} (conf: 13.673) [16 votes]
  tail_confidence_weighted: \sqrt{51} (conf: 16.512) [16 votes]
  bottom_window_weighted: \sqrt{51} (conf: 11.747) [16 votes]
  min_window_weighted: \sqrt{51} (conf: 11.270) [16 votes]
  top10_tail_filtered: \sqrt{51} (conf: 17.495) [2 votes]
  top10_bottom_window_filtered: \sqrt{51} (conf: 12.245) [2 votes]

=== Detailed Voting Results ===
----------------------------------------------------------------------
Method                        Answer      Votes  Confidence  Correct
----------------------------------------------------------------------
majority                      \sqrt{51}   16     -           ✓
mean_confidence_weighted      \sqrt{51}   16     13.673      ✓
tail_confidence_weighted      \sqrt{51}   16     16.512      ✓
bottom_window_weighted        \sqrt{51}   16     11.747      ✓
min_window_weighted           \sqrt{51}   16     11.270      ✓
top10_tail_filtered           \sqrt{51}   2      17.495      ✓
top10_bottom_window_filtered  \sqrt{51}   2      12.245      ✓
Q14 done | gt=\sqrt{51} | majority:✓, mean_confidence_weighted:✓, tail_confidence_weighted:✓, bottom_window_weighted:✓, min_window_weighted:✓, top10_tail_filtered:✓, top10_bottom_window_filtered:✓
tokens=77000

============================================================
### Q15
============================================================
Ground truth: 6 - 5i
Trace 0: finished at 4939 tokens | answer=6-5i
Trace 1: finished at 5056 tokens | answer=6-5i
Trace 2: finished at 5729 tokens | answer=6-5i
Trace 3: finished at 4095 tokens | answer=6-5i
Trace 4: finished at 6453 tokens | answer=6-5i
Trace 5: finished at 4926 tokens | answer=6-5i
Trace 6: finished at 5123 tokens | answer=6-5i
Trace 7: finished at 4473 tokens | answer=6-5i
Trace 8: finished at 3903 tokens | answer=6-5i
Trace 9: finished at 3592 tokens | answer=6-5i
Trace 10: finished at 4314 tokens | answer=6-5i
Trace 11: finished at 4252 tokens | answer=6-5i
Trace 12: finished at 4440 tokens | answer=6-5i
Trace 13: finished at 3663 tokens | answer=6-5i
Trace 14: finished at 5430 tokens | answer=6-5i
Trace 15: finished at 5509 tokens | answer=6-5i

=== Voting Results Summary ===
  majority: 6-5i [16 votes]
  mean_confidence_weighted: 6-5i (conf: 16.474) [16 votes]
  tail_confidence_weighted: 6-5i (conf: 17.023) [16 votes]
  bottom_window_weighted: 6-5i (conf: 13.797) [16 votes]
  min_window_weighted: 6-5i (conf: 13.016) [16 votes]
  top10_tail_filtered: 6-5i (conf: 17.710) [2 votes]
  top10_bottom_window_filtered: 6-5i (conf: 14.594) [2 votes]

=== Detailed Voting Results ===
----------------------------------------------------------------------
Method                        Answer      Votes  Confidence  Correct
----------------------------------------------------------------------
majority                      6-5i        16     -           ✓
mean_confidence_weighted      6-5i        16     16.474      ✓
tail_confidence_weighted      6-5i        16     17.023      ✓
bottom_window_weighted        6-5i        16     13.797      ✓
min_window_weighted           6-5i        16     13.016      ✓
top10_tail_filtered           6-5i        2      17.710      ✓
top10_bottom_window_filtered  6-5i        2      14.594      ✓
Q15 done | gt=6 - 5i | majority:✓, mean_confidence_weighted:✓, tail_confidence_weighted:✓, bottom_window_weighted:✓, min_window_weighted:✓, top10_tail_filtered:✓, top10_bottom_window_filtered:✓
tokens=75897

============================================================
### Q16
============================================================
Ground truth: -50
Trace 0: finished at 4280 tokens | answer=-50
Trace 1: finished at 3092 tokens | answer=-50
Trace 2: finished at 2758 tokens | answer=-50
Trace 3: finished at 3356 tokens | answer=-50
Trace 4: finished at 2443 tokens | answer=-50
Trace 5: finished at 3159 tokens | answer=-50
Trace 6: finished at 1422 tokens | answer=-50
Trace 7: finished at 3855 tokens | answer=-50
Trace 8: finished at 2745 tokens | answer=-50
Trace 9: finished at 2114 tokens | answer=-50
Trace 10: finished at 2797 tokens | answer=-50
Trace 11: finished at 2800 tokens | answer=-50
Trace 12: finished at 2760 tokens | answer=-50
Trace 13: finished at 1634 tokens | answer=-50
Trace 14: finished at 2304 tokens | answer=-50
Trace 15: finished at 2730 tokens | answer=-50

=== Voting Results Summary ===
  majority: -50 [16 votes]
  mean_confidence_weighted: -50 (conf: 15.145) [16 votes]
  tail_confidence_weighted: -50 (conf: 17.186) [16 votes]
  bottom_window_weighted: -50 (conf: 13.102) [16 votes]
  min_window_weighted: -50 (conf: 12.500) [16 votes]
  top10_tail_filtered: -50 (conf: 18.243) [2 votes]
  top10_bottom_window_filtered: -50 (conf: 13.886) [2 votes]

=== Detailed Voting Results ===
----------------------------------------------------------------------
Method                        Answer      Votes  Confidence  Correct
----------------------------------------------------------------------
majority                      -50         16     -           ✓
mean_confidence_weighted      -50         16     15.145      ✓
tail_confidence_weighted      -50         16     17.186      ✓
bottom_window_weighted        -50         16     13.102      ✓
min_window_weighted           -50         16     12.500      ✓
top10_tail_filtered           -50         2      18.243      ✓
top10_bottom_window_filtered  -50         2      13.886      ✓
Q16 done | gt=-50 | majority:✓, mean_confidence_weighted:✓, tail_confidence_weighted:✓, bottom_window_weighted:✓, min_window_weighted:✓, top10_tail_filtered:✓, top10_bottom_window_filtered:✓
tokens=44249

============================================================
### Q17
============================================================
Ground truth: \pi
Trace 0: finished at 12943 tokens | answer=\pi
Trace 1: finished at 18343 tokens | answer=\pi
Trace 2: finished at 21872 tokens | answer=\pi
Trace 3: finished at 16301 tokens | answer=\pi
Trace 4: finished at 22943 tokens | answer=\pi
Trace 5: finished at 13965 tokens | answer=\pi
Trace 6: finished at 16455 tokens | answer=\pi
Trace 7: finished at 20896 tokens | answer=\pi
Trace 8: finished at 20199 tokens | answer=\pi
Trace 9: finished at 22943 tokens | answer=\pi
Trace 10: finished at 15193 tokens | answer=\pi
Trace 11: finished at 18183 tokens | answer=\pi
Trace 12: finished at 22110 tokens | answer=\pi
Trace 13: finished at 17989 tokens | answer=\pi
Trace 14: finished at 17321 tokens | answer=\pi
Trace 15: finished at 21743 tokens | answer=\pi

=== Voting Results Summary ===
  majority: \pi [16 votes]
  mean_confidence_weighted: \pi (conf: 13.598) [16 votes]
  tail_confidence_weighted: \pi (conf: 15.663) [16 votes]
  bottom_window_weighted: \pi (conf: 11.761) [16 votes]
  min_window_weighted: \pi (conf: 10.958) [16 votes]
  top10_tail_filtered: \pi (conf: 16.955) [2 votes]
  top10_bottom_window_filtered: \pi (conf: 12.072) [2 votes]

=== Detailed Voting Results ===
----------------------------------------------------------------------
Method                        Answer      Votes  Confidence  Correct
----------------------------------------------------------------------
majority                      \pi         16     -           ✓
mean_confidence_weighted      \pi         16     13.598      ✓
tail_confidence_weighted      \pi         16     15.663      ✓
bottom_window_weighted        \pi         16     11.761      ✓
min_window_weighted           \pi         16     10.958      ✓
top10_tail_filtered           \pi         2      16.955      ✓
top10_bottom_window_filtered  \pi         2      12.072      ✓
Q17 done | gt=\pi | majority:✓, mean_confidence_weighted:✓, tail_confidence_weighted:✓, bottom_window_weighted:✓, min_window_weighted:✓, top10_tail_filtered:✓, top10_bottom_window_filtered:✓
tokens=299399

============================================================
### Q18
============================================================
Ground truth: 28
Trace 0: finished at 21383 tokens | answer=28
Trace 1: finished at 23558 tokens | answer=28
Trace 2: finished at 26541 tokens | answer=28
Trace 3: finished at 26391 tokens | answer=28
Trace 4: finished at 28116 tokens | answer=28
Trace 5: finished at 22177 tokens | answer=28
Trace 6: finished at 23486 tokens | answer=28
Trace 7: finished at 26084 tokens | answer=28
Trace 8: finished at 26689 tokens | answer=28
Trace 9: finished at 22608 tokens | answer=28
Trace 10: finished at 26223 tokens | answer=28
Trace 11: finished at 24528 tokens | answer=56
Trace 12: finished at 23047 tokens | answer=28
Trace 13: finished at 22244 tokens | answer=28
Trace 14: finished at 24488 tokens | answer=56
Trace 15: finished at 28251 tokens | answer=28

=== Voting Results Summary ===
  majority: 28 [16 votes]
  mean_confidence_weighted: 28 (conf: 14.059) [16 votes]
  tail_confidence_weighted: 28 (conf: 15.505) [16 votes]
  bottom_window_weighted: 28 (conf: 12.086) [16 votes]
  min_window_weighted: 28 (conf: 11.214) [16 votes]
  top10_tail_filtered: 28 (conf: 17.434) [2 votes]
  top10_bottom_window_filtered: 28 (conf: 12.332) [2 votes]

=== Detailed Voting Results ===
----------------------------------------------------------------------
Method                        Answer      Votes  Confidence  Correct
----------------------------------------------------------------------
majority                      28          16     -           ✓
mean_confidence_weighted      28          16     14.059      ✓
tail_confidence_weighted      28          16     15.505      ✓
bottom_window_weighted        28          16     12.086      ✓
min_window_weighted           28          16     11.214      ✓
top10_tail_filtered           28          2      17.434      ✓
top10_bottom_window_filtered  28          2      12.332      ✓
Q18 done | gt=28 | majority:✓, mean_confidence_weighted:✓, tail_confidence_weighted:✓, bottom_window_weighted:✓, min_window_weighted:✓, top10_tail_filtered:✓, top10_bottom_window_filtered:✓
tokens=395814

============================================================
### Q19
============================================================
Ground truth: 3
Trace 0: finished at 11584 tokens | answer=3
Trace 1: finished at 13864 tokens | answer=3
Trace 2: finished at 8053 tokens | answer=3
Trace 3: finished at 13088 tokens | answer=3
Trace 4: finished at 14290 tokens | answer=3
Trace 5: finished at 12279 tokens | answer=3
Trace 6: finished at 11874 tokens | answer=3
Trace 7: finished at 10852 tokens | answer=3
Trace 8: finished at 12265 tokens | answer=3
Trace 9: finished at 15106 tokens | answer=3
Trace 10: finished at 12551 tokens | answer=3
Trace 11: finished at 13373 tokens | answer=3
Trace 12: finished at 12669 tokens | answer=3
Trace 13: finished at 9935 tokens | answer=3
Trace 14: finished at 11711 tokens | answer=3
Trace 15: finished at 11346 tokens | answer=3

=== Voting Results Summary ===
  majority: 3 [16 votes]
  mean_confidence_weighted: 3 (conf: 15.456) [16 votes]
  tail_confidence_weighted: 3 (conf: 18.448) [16 votes]
  bottom_window_weighted: 3 (conf: 13.034) [16 votes]
  min_window_weighted: 3 (conf: 12.094) [16 votes]
  top10_tail_filtered: 3 (conf: 19.160) [2 votes]
  top10_bottom_window_filtered: 3 (conf: 13.637) [2 votes]

=== Detailed Voting Results ===
----------------------------------------------------------------------
Method                        Answer      Votes  Confidence  Correct
----------------------------------------------------------------------
majority                      3           16     -           ✓
mean_confidence_weighted      3           16     15.456      ✓
tail_confidence_weighted      3           16     18.448      ✓
bottom_window_weighted        3           16     13.034      ✓
min_window_weighted           3           16     12.094      ✓
top10_tail_filtered           3           2      19.160      ✓
top10_bottom_window_filtered  3           2      13.637      ✓
Q19 done | gt=3 | majority:✓, mean_confidence_weighted:✓, tail_confidence_weighted:✓, bottom_window_weighted:✓, min_window_weighted:✓, top10_tail_filtered:✓, top10_bottom_window_filtered:✓
tokens=194840

============================================================
### Q20
============================================================
Ground truth: 6+9i
Trace 0: finished at 550 tokens | answer=6+9i
Trace 1: finished at 878 tokens | answer=6+9i
Trace 2: finished at 995 tokens | answer=6+9i
Trace 3: finished at 907 tokens | answer=6+9i
Trace 4: finished at 557 tokens | answer=6+9i
Trace 5: finished at 1058 tokens | answer=6+9i
Trace 6: finished at 801 tokens | answer=6+9i
Trace 7: finished at 698 tokens | answer=6+9i
Trace 8: finished at 907 tokens | answer=6+9i
Trace 9: finished at 677 tokens | answer=6+9i
Trace 10: finished at 582 tokens | answer=6+9i
Trace 11: finished at 852 tokens | answer=6+9i
Trace 12: finished at 878 tokens | answer=6+9i
Trace 13: finished at 609 tokens | answer=6+9i
Trace 14: finished at 639 tokens | answer=6+9i
Trace 15: finished at 753 tokens | answer=6+9i

=== Voting Results Summary ===
  majority: 6+9i [16 votes]
  mean_confidence_weighted: 6+9i (conf: 14.629) [16 votes]
  tail_confidence_weighted: 6+9i (conf: 15.777) [16 votes]
  bottom_window_weighted: 6+9i (conf: 13.700) [16 votes]
  min_window_weighted: 6+9i (conf: 13.579) [16 votes]
  top10_tail_filtered: 6+9i (conf: 16.305) [2 votes]
  top10_bottom_window_filtered: 6+9i (conf: 14.424) [2 votes]

=== Detailed Voting Results ===
----------------------------------------------------------------------
Method                        Answer      Votes  Confidence  Correct
----------------------------------------------------------------------
majority                      6+9i        16     -           ✓
mean_confidence_weighted      6+9i        16     14.629      ✓
tail_confidence_weighted      6+9i        16     15.777      ✓
bottom_window_weighted        6+9i        16     13.700      ✓
min_window_weighted           6+9i        16     13.579      ✓
top10_tail_filtered           6+9i        2      16.305      ✓
top10_bottom_window_filtered  6+9i        2      14.424      ✓
Q20 done | gt=6+9i | majority:✓, mean_confidence_weighted:✓, tail_confidence_weighted:✓, bottom_window_weighted:✓, min_window_weighted:✓, top10_tail_filtered:✓, top10_bottom_window_filtered:✓
tokens=12341

============================================================
### Q21
============================================================
Ground truth: 13535
Trace 0: finished at 14597 tokens | answer=13535
Trace 1: finished at 25543 tokens | answer=13535
Trace 2: finished at 18305 tokens | answer=13535
Trace 3: finished at 18775 tokens | answer=13535
Trace 4: finished at 14344 tokens | answer=13535
Trace 5: finished at 11158 tokens | answer=13535
Trace 6: finished at 13607 tokens | answer=13535
Trace 7: finished at 18532 tokens | answer=13535
Trace 8: finished at 23921 tokens | answer=13535
Trace 9: finished at 16453 tokens | answer=13535
Trace 10: finished at 20075 tokens | answer=13535
Trace 11: finished at 12749 tokens | answer=13535
Trace 12: finished at 25293 tokens | answer=13535
Trace 13: finished at 14827 tokens | answer=13535
Trace 14: finished at 25186 tokens | answer=13535
Trace 15: finished at 21337 tokens | answer=13535

=== Voting Results Summary ===
  majority: 13535 [16 votes]
  mean_confidence_weighted: 13535 (conf: 16.291) [16 votes]
  tail_confidence_weighted: 13535 (conf: 16.945) [16 votes]
  bottom_window_weighted: 13535 (conf: 14.218) [16 votes]
  min_window_weighted: 13535 (conf: 12.946) [16 votes]
  top10_tail_filtered: 13535 (conf: 17.489) [2 votes]
  top10_bottom_window_filtered: 13535 (conf: 14.548) [2 votes]

=== Detailed Voting Results ===
----------------------------------------------------------------------
Method                        Answer      Votes  Confidence  Correct
----------------------------------------------------------------------
majority                      13535       16     -           ✓
mean_confidence_weighted      13535       16     16.291      ✓
tail_confidence_weighted      13535       16     16.945      ✓
bottom_window_weighted        13535       16     14.218      ✓
min_window_weighted           13535       16     12.946      ✓
top10_tail_filtered           13535       2      17.489      ✓
top10_bottom_window_filtered  13535       2      14.548      ✓
Q21 done | gt=13535 | majority:✓, mean_confidence_weighted:✓, tail_confidence_weighted:✓, bottom_window_weighted:✓, min_window_weighted:✓, top10_tail_filtered:✓, top10_bottom_window_filtered:✓
tokens=294702

============================================================
### Q22
============================================================
Ground truth: 5
Trace 0: finished at 4034 tokens | answer=5
Trace 1: finished at 4805 tokens | answer=5
Trace 2: finished at 4683 tokens | answer=5
Trace 3: finished at 4785 tokens | answer=5
Trace 4: finished at 4813 tokens | answer=5
Trace 5: finished at 1796 tokens | answer=5
Trace 6: finished at 3904 tokens | answer=5
Trace 7: finished at 2425 tokens | answer=5
Trace 8: finished at 3830 tokens | answer=5
Trace 9: finished at 2627 tokens | answer=5
Trace 10: finished at 3121 tokens | answer=5
Trace 11: finished at 4165 tokens | answer=5
Trace 12: finished at 4877 tokens | answer=5
Trace 13: finished at 3316 tokens | answer=5
Trace 14: finished at 3426 tokens | answer=5
Trace 15: finished at 6273 tokens | answer=5

=== Voting Results Summary ===
  majority: 5 [16 votes]
  mean_confidence_weighted: 5 (conf: 13.870) [16 votes]
  tail_confidence_weighted: 5 (conf: 17.371) [16 votes]
  bottom_window_weighted: 5 (conf: 11.213) [16 votes]
  min_window_weighted: 5 (conf: 10.763) [16 votes]
  top10_tail_filtered: 5 (conf: 18.744) [2 votes]
  top10_bottom_window_filtered: 5 (conf: 12.438) [2 votes]

=== Detailed Voting Results ===
----------------------------------------------------------------------
Method                        Answer      Votes  Confidence  Correct
----------------------------------------------------------------------
majority                      5           16     -           ✓
mean_confidence_weighted      5           16     13.870      ✓
tail_confidence_weighted      5           16     17.371      ✓
bottom_window_weighted        5           16     11.213      ✓
min_window_weighted           5           16     10.763      ✓
top10_tail_filtered           5           2      18.744      ✓
top10_bottom_window_filtered  5           2      12.438      ✓
Q22 done | gt=5 | majority:✓, mean_confidence_weighted:✓, tail_confidence_weighted:✓, bottom_window_weighted:✓, min_window_weighted:✓, top10_tail_filtered:✓, top10_bottom_window_filtered:✓
tokens=62880

============================================================
### Q23
============================================================
Ground truth: x=5
Trace 0: finished at 5548 tokens | answer=5
Trace 1: finished at 3611 tokens | answer=5
Trace 2: finished at 3537 tokens | answer=5
Trace 3: finished at 4405 tokens | answer=5
Trace 4: finished at 3055 tokens | answer=5
Trace 5: finished at 5329 tokens | answer=5
Trace 6: finished at 5823 tokens | answer=5
Trace 7: finished at 2964 tokens | answer=5
Trace 8: finished at 4198 tokens | answer=5
Trace 9: finished at 4785 tokens | answer=5
Trace 10: finished at 4793 tokens | answer=5
Trace 11: finished at 3481 tokens | answer=5
Trace 12: finished at 4558 tokens | answer=5
Trace 13: finished at 4824 tokens | answer=5
Trace 14: finished at 2627 tokens | answer=5
Trace 15: finished at 2802 tokens | answer=5

=== Voting Results Summary ===
  majority: 5 [16 votes]
  mean_confidence_weighted: 5 (conf: 15.889) [16 votes]
  tail_confidence_weighted: 5 (conf: 17.389) [16 votes]
  bottom_window_weighted: 5 (conf: 13.385) [16 votes]
  min_window_weighted: 5 (conf: 12.800) [16 votes]
  top10_tail_filtered: 5 (conf: 18.399) [2 votes]
  top10_bottom_window_filtered: 5 (conf: 13.777) [2 votes]

=== Detailed Voting Results ===
----------------------------------------------------------------------
Method                        Answer      Votes  Confidence  Correct
----------------------------------------------------------------------
majority                      5           16     -           ✓
mean_confidence_weighted      5           16     15.889      ✓
tail_confidence_weighted      5           16     17.389      ✓
bottom_window_weighted        5           16     13.385      ✓
min_window_weighted           5           16     12.800      ✓
top10_tail_filtered           5           2      18.399      ✓
top10_bottom_window_filtered  5           2      13.777      ✓
Q23 done | gt=x=5 | majority:✓, mean_confidence_weighted:✓, tail_confidence_weighted:✓, bottom_window_weighted:✓, min_window_weighted:✓, top10_tail_filtered:✓, top10_bottom_window_filtered:✓
tokens=66340

============================================================
### Q24
============================================================
Ground truth: 10
Trace 0: finished at 9328 tokens | answer=10
Trace 1: finished at 8441 tokens | answer=10
Trace 2: finished at 11190 tokens | answer=10
Trace 3: finished at 8341 tokens | answer=10
Trace 4: finished at 8958 tokens | answer=10
Trace 5: finished at 11993 tokens | answer=10
Trace 6: finished at 10487 tokens | answer=10
Trace 7: finished at 9888 tokens | answer=10
Trace 8: finished at 10561 tokens | answer=10
Trace 9: finished at 10819 tokens | answer=10
Trace 10: finished at 9775 tokens | answer=10
Trace 11: finished at 6715 tokens | answer=10
Trace 12: finished at 6581 tokens | answer=10
Trace 13: finished at 7969 tokens | answer=10
Trace 14: finished at 12192 tokens | answer=10
Trace 15: finished at 15026 tokens | answer=10

=== Voting Results Summary ===
  majority: 10 [16 votes]
  mean_confidence_weighted: 10 (conf: 15.194) [16 votes]
  tail_confidence_weighted: 10 (conf: 18.135) [16 votes]
  bottom_window_weighted: 10 (conf: 12.508) [16 votes]
  min_window_weighted: 10 (conf: 11.671) [16 votes]
  top10_tail_filtered: 10 (conf: 18.702) [2 votes]
  top10_bottom_window_filtered: 10 (conf: 13.001) [2 votes]

=== Detailed Voting Results ===
----------------------------------------------------------------------
Method                        Answer      Votes  Confidence  Correct
----------------------------------------------------------------------
majority                      10          16     -           ✓
mean_confidence_weighted      10          16     15.194      ✓
tail_confidence_weighted      10          16     18.135      ✓
bottom_window_weighted        10          16     12.508      ✓
min_window_weighted           10          16     11.671      ✓
top10_tail_filtered           10          2      18.702      ✓
top10_bottom_window_filtered  10          2      13.001      ✓
Q24 done | gt=10 | majority:✓, mean_confidence_weighted:✓, tail_confidence_weighted:✓, bottom_window_weighted:✓, min_window_weighted:✓, top10_tail_filtered:✓, top10_bottom_window_filtered:✓
tokens=158264

============================================================
### Q25
============================================================
Ground truth: 1,-2
Trace 0: finished at 10075 tokens | answer=-2,1
Trace 1: finished at 11136 tokens | answer=-2,1
Trace 2: finished at 24360 tokens | answer=-2,1
Trace 3: finished at 9618 tokens | answer=-2,1
Trace 4: finished at 5685 tokens | answer=-2,1
Trace 5: finished at 13280 tokens | answer=-2,1
Trace 6: finished at 12300 tokens | answer=-2,1
Trace 7: finished at 11908 tokens | answer=-2,1
Trace 8: finished at 7080 tokens | answer=-2,1
Trace 9: finished at 14117 tokens | answer=-2,1
Trace 10: finished at 11525 tokens | answer=-2,1
Trace 11: finished at 6429 tokens | answer=-2,1
Trace 12: finished at 7731 tokens | answer=-2,1
Trace 13: finished at 6922 tokens | answer=-2,1
Trace 14: finished at 5206 tokens | answer=-2,1
Trace 15: finished at 8609 tokens | answer=-2,1

=== Voting Results Summary ===
  majority: -2,1 [16 votes]
  mean_confidence_weighted: -2,1 (conf: 15.934) [16 votes]
  tail_confidence_weighted: -2,1 (conf: 18.539) [16 votes]
  bottom_window_weighted: -2,1 (conf: 13.345) [16 votes]
  min_window_weighted: -2,1 (conf: 12.255) [16 votes]
  top10_tail_filtered: -2,1 (conf: 19.520) [2 votes]
  top10_bottom_window_filtered: -2,1 (conf: 14.178) [2 votes]

=== Detailed Voting Results ===
----------------------------------------------------------------------
Method                        Answer      Votes  Confidence  Correct
----------------------------------------------------------------------
majority                      -2,1        16     -           ✗
mean_confidence_weighted      -2,1        16     15.934      ✗
tail_confidence_weighted      -2,1        16     18.539      ✗
bottom_window_weighted        -2,1        16     13.345      ✗
min_window_weighted           -2,1        16     12.255      ✗
top10_tail_filtered           -2,1        2      19.520      ✗
top10_bottom_window_filtered  -2,1        2      14.178      ✗
Q25 done | gt=1,-2 | majority:✗, mean_confidence_weighted:✗, tail_confidence_weighted:✗, bottom_window_weighted:✗, min_window_weighted:✗, top10_tail_filtered:✗, top10_bottom_window_filtered:✗
tokens=165981

============================================================
### Q26
============================================================
Ground truth: 144
Trace 0: finished at 18138 tokens | answer=144
Trace 1: finished at 15759 tokens | answer=144
Trace 2: finished at 22088 tokens | answer=144
Trace 3: finished at 17556 tokens | answer=144
Trace 4: finished at 11893 tokens | answer=144
Trace 5: finished at 29188 tokens | answer=144
Trace 6: finished at 23987 tokens | answer=144
Trace 7: finished at 16024 tokens | answer=144
Trace 8: finished at 14258 tokens | answer=144
Trace 9: finished at 13866 tokens | answer=144
Trace 10: finished at 17419 tokens | answer=144
Trace 11: finished at 18270 tokens | answer=144
Trace 12: finished at 18536 tokens | answer=144
Trace 13: finished at 22832 tokens | answer=144
Trace 14: finished at 22926 tokens | answer=144
Trace 15: finished at 14851 tokens | answer=144

=== Voting Results Summary ===
  majority: 144 [16 votes]
  mean_confidence_weighted: 144 (conf: 14.299) [16 votes]
  tail_confidence_weighted: 144 (conf: 18.489) [16 votes]
  bottom_window_weighted: 144 (conf: 12.045) [16 votes]
  min_window_weighted: 144 (conf: 11.177) [16 votes]
  top10_tail_filtered: 144 (conf: 19.344) [2 votes]
  top10_bottom_window_filtered: 144 (conf: 12.404) [2 votes]

=== Detailed Voting Results ===
----------------------------------------------------------------------
Method                        Answer      Votes  Confidence  Correct
----------------------------------------------------------------------
majority                      144         16     -           ✓
mean_confidence_weighted      144         16     14.299      ✓
tail_confidence_weighted      144         16     18.489      ✓
bottom_window_weighted        144         16     12.045      ✓
min_window_weighted           144         16     11.177      ✓
top10_tail_filtered           144         2      19.344      ✓
top10_bottom_window_filtered  144         2      12.404      ✓
Q26 done | gt=144 | majority:✓, mean_confidence_weighted:✓, tail_confidence_weighted:✓, bottom_window_weighted:✓, min_window_weighted:✓, top10_tail_filtered:✓, top10_bottom_window_filtered:✓
tokens=297591

============================================================
### Q27
============================================================
Ground truth: 78
Trace 0: finished at 1575 tokens | answer=78
Trace 1: finished at 2046 tokens | answer=78
Trace 2: finished at 1235 tokens | answer=78
Trace 3: finished at 1594 tokens | answer=78
Trace 4: finished at 1486 tokens | answer=78
Trace 5: finished at 1399 tokens | answer=78
Trace 6: finished at 1312 tokens | answer=78
Trace 7: finished at 1652 tokens | answer=78
Trace 8: finished at 969 tokens | answer=78
Trace 9: finished at 1898 tokens | answer=78
Trace 10: finished at 1224 tokens | answer=78
Trace 11: finished at 1490 tokens | answer=78
Trace 12: finished at 1537 tokens | answer=78
Trace 13: finished at 1593 tokens | answer=78
Trace 14: finished at 1352 tokens | answer=78
Trace 15: finished at 1368 tokens | answer=78

=== Voting Results Summary ===
  majority: 78 [16 votes]
  mean_confidence_weighted: 78 (conf: 12.453) [16 votes]
  tail_confidence_weighted: 78 (conf: 13.885) [16 votes]
  bottom_window_weighted: 78 (conf: 10.782) [16 votes]
  min_window_weighted: 78 (conf: 10.521) [16 votes]
  top10_tail_filtered: 78 (conf: 14.958) [2 votes]
  top10_bottom_window_filtered: 78 (conf: 11.532) [2 votes]

=== Detailed Voting Results ===
----------------------------------------------------------------------
Method                        Answer      Votes  Confidence  Correct
----------------------------------------------------------------------
majority                      78          16     -           ✓
mean_confidence_weighted      78          16     12.453      ✓
tail_confidence_weighted      78          16     13.885      ✓
bottom_window_weighted        78          16     10.782      ✓
min_window_weighted           78          16     10.521      ✓
top10_tail_filtered           78          2      14.958      ✓
top10_bottom_window_filtered  78          2      11.532      ✓
Q27 done | gt=78 | majority:✓, mean_confidence_weighted:✓, tail_confidence_weighted:✓, bottom_window_weighted:✓, min_window_weighted:✓, top10_tail_filtered:✓, top10_bottom_window_filtered:✓
tokens=23730

============================================================
### Q28
============================================================
Ground truth: -2 + 7i
Trace 0: finished at 1447 tokens | answer=-2+7i
Trace 1: finished at 1122 tokens | answer=-2+7i
Trace 2: finished at 1396 tokens | answer=-2+7i
Trace 3: finished at 1256 tokens | answer=-2+7i
Trace 4: finished at 718 tokens | answer=-2+7i
Trace 5: finished at 1239 tokens | answer=-2+7i
Trace 6: finished at 2410 tokens | answer=-2+7i
Trace 7: finished at 1327 tokens | answer=-2+7i
Trace 8: finished at 909 tokens | answer=-2+7i
Trace 9: finished at 1263 tokens | answer=-2+7i
Trace 10: finished at 1542 tokens | answer=-2+7i
Trace 11: finished at 1278 tokens | answer=-2+7i
Trace 12: finished at 1407 tokens | answer=-2+7i
Trace 13: finished at 1059 tokens | answer=-2+7i
Trace 14: finished at 1355 tokens | answer=-2+7i
Trace 15: finished at 794 tokens | answer=-2+7i

=== Voting Results Summary ===
  majority: -2+7i [16 votes]
  mean_confidence_weighted: -2+7i (conf: 14.520) [16 votes]
  tail_confidence_weighted: -2+7i (conf: 16.092) [16 votes]
  bottom_window_weighted: -2+7i (conf: 13.367) [16 votes]
  min_window_weighted: -2+7i (conf: 13.150) [16 votes]
  top10_tail_filtered: -2+7i (conf: 17.035) [2 votes]
  top10_bottom_window_filtered: -2+7i (conf: 14.579) [2 votes]

=== Detailed Voting Results ===
----------------------------------------------------------------------
Method                        Answer      Votes  Confidence  Correct
----------------------------------------------------------------------
majority                      -2+7i       16     -           ✓
mean_confidence_weighted      -2+7i       16     14.520      ✓
tail_confidence_weighted      -2+7i       16     16.092      ✓
bottom_window_weighted        -2+7i       16     13.367      ✓
min_window_weighted           -2+7i       16     13.150      ✓
top10_tail_filtered           -2+7i       2      17.035      ✓
top10_bottom_window_filtered  -2+7i       2      14.579      ✓
Q28 done | gt=-2 + 7i | majority:✓, mean_confidence_weighted:✓, tail_confidence_weighted:✓, bottom_window_weighted:✓, min_window_weighted:✓, top10_tail_filtered:✓, top10_bottom_window_filtered:✓
tokens=20522

============================================================
### Q29
============================================================
Ground truth: 225
Trace 0: finished at 2738 tokens | answer=225
Trace 1: finished at 2922 tokens | answer=225
Trace 2: finished at 7667 tokens | answer=336
Trace 3: finished at 2035 tokens | answer=225
Trace 4: finished at 4839 tokens | answer=225
Trace 5: finished at 6151 tokens | answer=225
Trace 6: finished at 4280 tokens | answer=225
Trace 7: finished at 3581 tokens | answer=225
Trace 8: finished at 4630 tokens | answer=225
Trace 9: finished at 4991 tokens | answer=225
Trace 10: finished at 3257 tokens | answer=225
Trace 11: finished at 6256 tokens | answer=225
Trace 12: finished at 2267 tokens | answer=225
Trace 13: finished at 3351 tokens | answer=225
Trace 14: finished at 2788 tokens | answer=225
Trace 15: finished at 3906 tokens | answer=225

=== Voting Results Summary ===
  majority: 225 [16 votes]
  mean_confidence_weighted: 225 (conf: 13.621) [16 votes]
  tail_confidence_weighted: 225 (conf: 18.736) [16 votes]
  bottom_window_weighted: 225 (conf: 11.740) [16 votes]
  min_window_weighted: 225 (conf: 11.321) [16 votes]
  top10_tail_filtered: 225 (conf: 19.214) [2 votes]
  top10_bottom_window_filtered: 225 (conf: 12.531) [2 votes]

=== Detailed Voting Results ===
----------------------------------------------------------------------
Method                        Answer      Votes  Confidence  Correct
----------------------------------------------------------------------
majority                      225         16     -           ✓
mean_confidence_weighted      225         16     13.621      ✓
tail_confidence_weighted      225         16     18.736      ✓
bottom_window_weighted        225         16     11.740      ✓
min_window_weighted           225         16     11.321      ✓
top10_tail_filtered           225         2      19.214      ✓
top10_bottom_window_filtered  225         2      12.531      ✓
Q29 done | gt=225 | majority:✓, mean_confidence_weighted:✓, tail_confidence_weighted:✓, bottom_window_weighted:✓, min_window_weighted:✓, top10_tail_filtered:✓, top10_bottom_window_filtered:✓
tokens=65659

============================================================
### Q30
============================================================
Ground truth: 52_8
Trace 0: finished at 1524 tokens | answer=52_8
Trace 1: finished at 4606 tokens | answer=52_8
Trace 2: finished at 2803 tokens | answer=52_8
Trace 3: finished at 2500 tokens | answer=52_8
Trace 4: finished at 3469 tokens | answer=52
Trace 5: finished at 2873 tokens | answer=52
Trace 6: finished at 2739 tokens | answer=52
Trace 7: finished at 5396 tokens | answer=52
Trace 8: finished at 2509 tokens | answer=52
Trace 9: finished at 2647 tokens | answer=52
Trace 10: finished at 2874 tokens | answer=52
Trace 11: finished at 2417 tokens | answer=52
Trace 12: finished at 2912 tokens | answer=52_8
Trace 13: finished at 5836 tokens | answer=52_8
Trace 14: finished at 2333 tokens | answer=52_8
Trace 15: finished at 3735 tokens | answer=52

=== Voting Results Summary ===
  majority: 52 [16 votes]
  mean_confidence_weighted: 52 (conf: 13.552) [16 votes]
  tail_confidence_weighted: 52 (conf: 16.890) [16 votes]
  bottom_window_weighted: 52 (conf: 11.826) [16 votes]
  min_window_weighted: 52 (conf: 11.428) [16 votes]
  top10_tail_filtered: 52 (conf: 17.981) [2 votes]
  top10_bottom_window_filtered: 52 (conf: 12.549) [2 votes]

=== Detailed Voting Results ===
----------------------------------------------------------------------
Method                        Answer      Votes  Confidence  Correct
----------------------------------------------------------------------
majority                      52          16     -           ✗
mean_confidence_weighted      52          16     13.552      ✗
tail_confidence_weighted      52          16     16.890      ✗
bottom_window_weighted        52          16     11.826      ✗
min_window_weighted           52          16     11.428      ✗
top10_tail_filtered           52          2      17.981      ✗
top10_bottom_window_filtered  52          2      12.549      ✗
Q30 done | gt=52_8 | majority:✗, mean_confidence_weighted:✗, tail_confidence_weighted:✗, bottom_window_weighted:✗, min_window_weighted:✗, top10_tail_filtered:✗, top10_bottom_window_filtered:✗
tokens=51173

============================================================
### Q31
============================================================
Ground truth: 11\sqrt2
Trace 0: finished at 847 tokens | answer=11\sqrt{2}
Trace 1: finished at 1148 tokens | answer=11\sqrt{2}
Trace 2: finished at 1142 tokens | answer=11\sqrt{2}
Trace 3: finished at 1637 tokens | answer=11\sqrt{2}
Trace 4: finished at 1391 tokens | answer=11\sqrt{2}
Trace 5: finished at 1314 tokens | answer=11\sqrt{2}
Trace 6: finished at 937 tokens | answer=11\sqrt{2}
Trace 7: finished at 1480 tokens | answer=11\sqrt{2}
Trace 8: finished at 1422 tokens | answer=11\sqrt{2}
Trace 9: finished at 1800 tokens | answer=11\sqrt{2}
Trace 10: finished at 1337 tokens | answer=11\sqrt{2}
Trace 11: finished at 1128 tokens | answer=11\sqrt{2}
Trace 12: finished at 1084 tokens | answer=11\sqrt{2}
Trace 13: finished at 1363 tokens | answer=11\sqrt{2}
Trace 14: finished at 985 tokens | answer=11\sqrt{2}
Trace 15: finished at 965 tokens | answer=11\sqrt{2}

=== Voting Results Summary ===
  majority: 11\sqrt{2} [16 votes]
  mean_confidence_weighted: 11\sqrt{2} (conf: 15.315) [16 votes]
  tail_confidence_weighted: 11\sqrt{2} (conf: 16.871) [16 votes]
  bottom_window_weighted: 11\sqrt{2} (conf: 13.729) [16 votes]
  min_window_weighted: 11\sqrt{2} (conf: 13.498) [16 votes]
  top10_tail_filtered: 11\sqrt{2} (conf: 17.617) [2 votes]
  top10_bottom_window_filtered: 11\sqrt{2} (conf: 14.726) [2 votes]

=== Detailed Voting Results ===
----------------------------------------------------------------------
Method                        Answer      Votes  Confidence  Correct
----------------------------------------------------------------------
majority                      11\sqrt{2}  16     -           ✓
mean_confidence_weighted      11\sqrt{2}  16     15.315      ✓
tail_confidence_weighted      11\sqrt{2}  16     16.871      ✓
bottom_window_weighted        11\sqrt{2}  16     13.729      ✓
min_window_weighted           11\sqrt{2}  16     13.498      ✓
top10_tail_filtered           11\sqrt{2}  2      17.617      ✓
top10_bottom_window_filtered  11\sqrt{2}  2      14.726      ✓
Q31 done | gt=11\sqrt2 | majority:✓, mean_confidence_weighted:✓, tail_confidence_weighted:✓, bottom_window_weighted:✓, min_window_weighted:✓, top10_tail_filtered:✓, top10_bottom_window_filtered:✓
tokens=19980

============================================================
### Q32
============================================================
Ground truth: 720
Trace 0: finished at 4819 tokens | answer=720
Trace 1: finished at 6207 tokens | answer=720
Trace 2: finished at 6673 tokens | answer=720
Trace 3: finished at 8797 tokens | answer=720
Trace 4: finished at 15233 tokens | answer=720
Trace 5: finished at 12487 tokens | answer=720
Trace 6: finished at 14799 tokens | answer=720
Trace 7: finished at 13452 tokens | answer=720
Trace 8: finished at 13795 tokens | answer=720
Trace 9: finished at 14651 tokens | answer=720
Trace 10: finished at 11817 tokens | answer=720
Trace 11: finished at 5131 tokens | answer=720
Trace 12: finished at 6164 tokens | answer=720
Trace 13: finished at 10304 tokens | answer=720
Trace 14: finished at 14868 tokens | answer=720
Trace 15: finished at 8621 tokens | answer=720

=== Voting Results Summary ===
  majority: 720 [16 votes]
  mean_confidence_weighted: 720 (conf: 11.241) [16 votes]
  tail_confidence_weighted: 720 (conf: 15.042) [16 votes]
  bottom_window_weighted: 720 (conf: 9.770) [16 votes]
  min_window_weighted: 720 (conf: 9.156) [16 votes]
  top10_tail_filtered: 720 (conf: 15.771) [2 votes]
  top10_bottom_window_filtered: 720 (conf: 10.176) [2 votes]

=== Detailed Voting Results ===
----------------------------------------------------------------------
Method                        Answer      Votes  Confidence  Correct
----------------------------------------------------------------------
majority                      720         16     -           ✓
mean_confidence_weighted      720         16     11.241      ✓
tail_confidence_weighted      720         16     15.042      ✓
bottom_window_weighted        720         16     9.770       ✓
min_window_weighted           720         16     9.156       ✓
top10_tail_filtered           720         2      15.771      ✓
top10_bottom_window_filtered  720         2      10.176      ✓
Q32 done | gt=720 | majority:✓, mean_confidence_weighted:✓, tail_confidence_weighted:✓, bottom_window_weighted:✓, min_window_weighted:✓, top10_tail_filtered:✓, top10_bottom_window_filtered:✓
tokens=167818

============================================================
### Q33
============================================================
Ground truth: \frac{243}{625}
Trace 0: finished at 3755 tokens | answer=\dfrac{243}{625}
Trace 1: finished at 3365 tokens | answer=\dfrac{243}{625}
Trace 2: finished at 3178 tokens | answer=\dfrac{243}{625}
Trace 3: finished at 3176 tokens | answer=\dfrac{243}{625}
Trace 4: finished at 3583 tokens | answer=\dfrac{243}{625}
Trace 5: finished at 3366 tokens | answer=\dfrac{243}{625}
Trace 6: finished at 4088 tokens | answer=\dfrac{243}{625}
Trace 7: finished at 5518 tokens | answer=\dfrac{243}{625}
Trace 8: finished at 3649 tokens | answer=\dfrac{243}{625}
Trace 9: finished at 4271 tokens | answer=\dfrac{243}{625}
Trace 10: finished at 3915 tokens | answer=\dfrac{243}{625}
Trace 11: finished at 4746 tokens | answer=\dfrac{243}{625}
Trace 12: finished at 2397 tokens | answer=\dfrac{243}{625}
Trace 13: finished at 4091 tokens | answer=\dfrac{243}{625}
Trace 14: finished at 3738 tokens | answer=\dfrac{243}{625}
Trace 15: finished at 3966 tokens | answer=\dfrac{243}{625}

=== Voting Results Summary ===
  majority: \dfrac{243}{625} [16 votes]
  mean_confidence_weighted: \dfrac{243}{625} (conf: 16.938) [16 votes]
  tail_confidence_weighted: \dfrac{243}{625} (conf: 18.216) [16 votes]
  bottom_window_weighted: \dfrac{243}{625} (conf: 14.862) [16 votes]
  min_window_weighted: \dfrac{243}{625} (conf: 14.097) [16 votes]
  top10_tail_filtered: \dfrac{243}{625} (conf: 18.872) [2 votes]
  top10_bottom_window_filtered: \dfrac{243}{625} (conf: 16.089) [2 votes]

=== Detailed Voting Results ===
----------------------------------------------------------------------
Method                        Answer      Votes  Confidence  Correct
----------------------------------------------------------------------
majority                      \dfrac{243}{625} 16     -           ✓
mean_confidence_weighted      \dfrac{243}{625} 16     16.938      ✓
tail_confidence_weighted      \dfrac{243}{625} 16     18.216      ✓
bottom_window_weighted        \dfrac{243}{625} 16     14.862      ✓
min_window_weighted           \dfrac{243}{625} 16     14.097      ✓
top10_tail_filtered           \dfrac{243}{625} 2      18.872      ✓
top10_bottom_window_filtered  \dfrac{243}{625} 2      16.089      ✓
Q33 done | gt=\frac{243}{625} | majority:✓, mean_confidence_weighted:✓, tail_confidence_weighted:✓, bottom_window_weighted:✓, min_window_weighted:✓, top10_tail_filtered:✓, top10_bottom_window_filtered:✓
tokens=60802

============================================================
### Q34
============================================================
Ground truth: -125
Trace 0: finished at 7396 tokens | answer=-125
Trace 1: finished at 3792 tokens | answer=-125
Trace 2: finished at 5686 tokens | answer=-125
Trace 3: finished at 4972 tokens | answer=-125
Trace 4: finished at 7021 tokens | answer=-125
Trace 5: finished at 4692 tokens | answer=-125
Trace 6: finished at 4592 tokens | answer=-125
Trace 7: finished at 3783 tokens | answer=-125
Trace 8: finished at 4735 tokens | answer=-125
Trace 9: finished at 4360 tokens | answer=-125
Trace 10: finished at 6466 tokens | answer=-125
Trace 11: finished at 5419 tokens | answer=-125
Trace 12: finished at 3696 tokens | answer=-125
Trace 13: finished at 5553 tokens | answer=-125
Trace 14: finished at 3498 tokens | answer=-125
Trace 15: finished at 5081 tokens | answer=-125

=== Voting Results Summary ===
  majority: -125 [16 votes]
  mean_confidence_weighted: -125 (conf: 16.337) [16 votes]
  tail_confidence_weighted: -125 (conf: 18.724) [16 votes]
  bottom_window_weighted: -125 (conf: 13.608) [16 votes]
  min_window_weighted: -125 (conf: 12.659) [16 votes]
  top10_tail_filtered: -125 (conf: 19.807) [2 votes]
  top10_bottom_window_filtered: -125 (conf: 14.764) [2 votes]

=== Detailed Voting Results ===
----------------------------------------------------------------------
Method                        Answer      Votes  Confidence  Correct
----------------------------------------------------------------------
majority                      -125        16     -           ✓
mean_confidence_weighted      -125        16     16.337      ✓
tail_confidence_weighted      -125        16     18.724      ✓
bottom_window_weighted        -125        16     13.608      ✓
min_window_weighted           -125        16     12.659      ✓
top10_tail_filtered           -125        2      19.807      ✓
top10_bottom_window_filtered  -125        2      14.764      ✓
Q34 done | gt=-125 | majority:✓, mean_confidence_weighted:✓, tail_confidence_weighted:✓, bottom_window_weighted:✓, min_window_weighted:✓, top10_tail_filtered:✓, top10_bottom_window_filtered:✓
tokens=80742

============================================================
### Q35
============================================================
Ground truth: 3
Trace 0: finished at 2169 tokens | answer=3
Trace 1: finished at 2525 tokens | answer=3
Trace 2: finished at 2255 tokens | answer=3
Trace 3: finished at 3109 tokens | answer=3
Trace 4: finished at 2441 tokens | answer=3
Trace 5: finished at 2016 tokens | answer=3
Trace 6: finished at 2732 tokens | answer=3
Trace 7: finished at 2741 tokens | answer=3
Trace 8: finished at 2234 tokens | answer=3
Trace 9: finished at 2534 tokens | answer=3
Trace 10: finished at 2361 tokens | answer=3
Trace 11: finished at 3772 tokens | answer=3
Trace 12: finished at 3378 tokens | answer=3
Trace 13: finished at 2601 tokens | answer=3
Trace 14: finished at 2361 tokens | answer=3
Trace 15: finished at 2174 tokens | answer=3

=== Voting Results Summary ===
  majority: 3 [16 votes]
  mean_confidence_weighted: 3 (conf: 15.927) [16 votes]
  tail_confidence_weighted: 3 (conf: 17.657) [16 votes]
  bottom_window_weighted: 3 (conf: 13.508) [16 votes]
  min_window_weighted: 3 (conf: 13.046) [16 votes]
  top10_tail_filtered: 3 (conf: 18.321) [2 votes]
  top10_bottom_window_filtered: 3 (conf: 14.304) [2 votes]

=== Detailed Voting Results ===
----------------------------------------------------------------------
Method                        Answer      Votes  Confidence  Correct
----------------------------------------------------------------------
majority                      3           16     -           ✓
mean_confidence_weighted      3           16     15.927      ✓
tail_confidence_weighted      3           16     17.657      ✓
bottom_window_weighted        3           16     13.508      ✓
min_window_weighted           3           16     13.046      ✓
top10_tail_filtered           3           2      18.321      ✓
top10_bottom_window_filtered  3           2      14.304      ✓
Q35 done | gt=3 | majority:✓, mean_confidence_weighted:✓, tail_confidence_weighted:✓, bottom_window_weighted:✓, min_window_weighted:✓, top10_tail_filtered:✓, top10_bottom_window_filtered:✓
tokens=41403

============================================================
### Q36
============================================================
Ground truth: 3, 5, 7
Trace 0: finished at 3510 tokens | answer=3,\ 5,\ 7
Trace 1: finished at 2797 tokens | answer=3,\ 5,\ 7
Trace 2: finished at 2848 tokens | answer=3,\ 5,\ 7
Trace 3: finished at 4321 tokens | answer=3,5,7
Trace 4: finished at 4699 tokens | answer=3,\ 5,\ 7
Trace 5: finished at 3590 tokens | answer=3,\ 5,\ 7
Trace 6: finished at 4167 tokens | answer=3,\ 5,\ 7
Trace 7: finished at 2722 tokens | answer=3,\ 5,\ 7
Trace 8: finished at 2801 tokens | answer=3,\ 5,\ 7
Trace 9: finished at 3062 tokens | answer=3,\ 5,\ 7
Trace 10: finished at 3702 tokens | answer=3,\ 5,\ 7
Trace 11: finished at 3407 tokens | answer=3,\ 5,\ 7
Trace 12: finished at 3979 tokens | answer=3,\ 5,\ 7
Trace 13: finished at 2798 tokens | answer=3,\ 5,\ 7
Trace 14: finished at 2873 tokens | answer=3,\ 5,\ 7
Trace 15: finished at 3285 tokens | answer=3,\ 5,\ 7

=== Voting Results Summary ===
  majority: 3,\ 5,\ 7 [16 votes]
  mean_confidence_weighted: 3,\ 5,\ 7 (conf: 17.084) [16 votes]
  tail_confidence_weighted: 3,\ 5,\ 7 (conf: 17.939) [16 votes]
  bottom_window_weighted: 3,\ 5,\ 7 (conf: 14.220) [16 votes]
  min_window_weighted: 3,\ 5,\ 7 (conf: 13.498) [16 votes]
  top10_tail_filtered: 3,\ 5,\ 7 (conf: 18.439) [2 votes]
  top10_bottom_window_filtered: 3,\ 5,\ 7 (conf: 15.557) [2 votes]

=== Detailed Voting Results ===
----------------------------------------------------------------------
Method                        Answer      Votes  Confidence  Correct
----------------------------------------------------------------------
majority                      3,\ 5,\ 7   16     -           ✗
mean_confidence_weighted      3,\ 5,\ 7   16     17.084      ✗
tail_confidence_weighted      3,\ 5,\ 7   16     17.939      ✗
bottom_window_weighted        3,\ 5,\ 7   16     14.220      ✗
min_window_weighted           3,\ 5,\ 7   16     13.498      ✗
top10_tail_filtered           3,\ 5,\ 7   2      18.439      ✗
top10_bottom_window_filtered  3,\ 5,\ 7   2      15.557      ✗
Q36 done | gt=3, 5, 7 | majority:✗, mean_confidence_weighted:✗, tail_confidence_weighted:✗, bottom_window_weighted:✗, min_window_weighted:✗, top10_tail_filtered:✗, top10_bottom_window_filtered:✗
tokens=54561

============================================================
### Q37
============================================================
Ground truth: 72
Trace 0: finished at 5023 tokens | answer=72
Trace 1: finished at 8805 tokens | answer=72
Trace 2: finished at 1144 tokens | answer=72
Trace 3: finished at 4184 tokens | answer=72
Trace 4: finished at 2060 tokens | answer=72
Trace 5: finished at 2987 tokens | answer=72
Trace 6: finished at 4601 tokens | answer=72
Trace 7: finished at 3879 tokens | answer=72
Trace 8: finished at 3949 tokens | answer=72
Trace 9: finished at 4349 tokens | answer=72
Trace 10: finished at 3529 tokens | answer=72
Trace 11: finished at 3279 tokens | answer=72
Trace 12: finished at 2910 tokens | answer=72
Trace 13: finished at 5328 tokens | answer=72
Trace 14: finished at 3309 tokens | answer=72
Trace 15: finished at 6906 tokens | answer=72

=== Voting Results Summary ===
  majority: 72 [16 votes]
  mean_confidence_weighted: 72 (conf: 13.364) [16 votes]
  tail_confidence_weighted: 72 (conf: 15.969) [16 votes]
  bottom_window_weighted: 72 (conf: 12.018) [16 votes]
  min_window_weighted: 72 (conf: 11.601) [16 votes]
  top10_tail_filtered: 72 (conf: 17.193) [2 votes]
  top10_bottom_window_filtered: 72 (conf: 12.631) [2 votes]

=== Detailed Voting Results ===
----------------------------------------------------------------------
Method                        Answer      Votes  Confidence  Correct
----------------------------------------------------------------------
majority                      72          16     -           ✓
mean_confidence_weighted      72          16     13.364      ✓
tail_confidence_weighted      72          16     15.969      ✓
bottom_window_weighted        72          16     12.018      ✓
min_window_weighted           72          16     11.601      ✓
top10_tail_filtered           72          2      17.193      ✓
top10_bottom_window_filtered  72          2      12.631      ✓
Q37 done | gt=72 | majority:✓, mean_confidence_weighted:✓, tail_confidence_weighted:✓, bottom_window_weighted:✓, min_window_weighted:✓, top10_tail_filtered:✓, top10_bottom_window_filtered:✓
tokens=66242

============================================================
### Q38
============================================================
Ground truth: 2000
Trace 0: finished at 790 tokens | answer=2000
Trace 1: finished at 880 tokens | answer=2000
Trace 2: finished at 875 tokens | answer=2000
Trace 3: finished at 684 tokens | answer=2000
Trace 4: finished at 1126 tokens | answer=2000
Trace 5: finished at 810 tokens | answer=2000
Trace 6: finished at 1165 tokens | answer=2000
Trace 7: finished at 843 tokens | answer=2000
Trace 8: finished at 1324 tokens | answer=2000
Trace 9: truncated at 819 tokens | answer=None
Trace 10: finished at 1005 tokens | answer=2000
Trace 11: finished at 1668 tokens | answer=2000
Trace 12: finished at 640 tokens | answer=2000
Trace 13: finished at 998 tokens | answer=2000
Trace 14: finished at 825 tokens | answer=2000
Trace 15: finished at 1009 tokens | answer=2000

=== Voting Results Summary ===
  majority: 2000 [15 votes]
  mean_confidence_weighted: 2000 (conf: 13.374) [15 votes]
  tail_confidence_weighted: 2000 (conf: 14.940) [15 votes]
  bottom_window_weighted: 2000 (conf: 12.180) [15 votes]
  min_window_weighted: 2000 (conf: 12.014) [15 votes]
  top10_tail_filtered: 2000 (conf: 15.718) [2 votes]
  top10_bottom_window_filtered: 2000 (conf: 13.038) [2 votes]

=== Detailed Voting Results ===
----------------------------------------------------------------------
Method                        Answer      Votes  Confidence  Correct
----------------------------------------------------------------------
majority                      2000        15     -           ✓
mean_confidence_weighted      2000        15     13.374      ✓
tail_confidence_weighted      2000        15     14.940      ✓
bottom_window_weighted        2000        15     12.180      ✓
min_window_weighted           2000        15     12.014      ✓
top10_tail_filtered           2000        2      15.718      ✓
top10_bottom_window_filtered  2000        2      13.038      ✓
Q38 done | gt=2000 | majority:✓, mean_confidence_weighted:✓, tail_confidence_weighted:✓, bottom_window_weighted:✓, min_window_weighted:✓, top10_tail_filtered:✓, top10_bottom_window_filtered:✓
tokens=15461

============================================================
### Q39
============================================================
Ground truth: 23
Trace 0: finished at 3355 tokens | answer=23
Trace 1: finished at 2201 tokens | answer=23
Trace 2: finished at 2310 tokens | answer=23
Trace 3: finished at 1746 tokens | answer=23
Trace 4: finished at 2675 tokens | answer=23
Trace 5: finished at 2310 tokens | answer=23
Trace 6: finished at 2968 tokens | answer=23
Trace 7: finished at 1882 tokens | answer=23
Trace 8: finished at 2261 tokens | answer=23
Trace 9: finished at 2380 tokens | answer=23
Trace 10: finished at 2636 tokens | answer=23
Trace 11: finished at 2501 tokens | answer=23
Trace 12: finished at 2866 tokens | answer=23
Trace 13: finished at 2391 tokens | answer=23
Trace 14: finished at 2568 tokens | answer=23
Trace 15: finished at 3365 tokens | answer=23

=== Voting Results Summary ===
  majority: 23 [16 votes]
  mean_confidence_weighted: 23 (conf: 13.300) [16 votes]
  tail_confidence_weighted: 23 (conf: 15.579) [16 votes]
  bottom_window_weighted: 23 (conf: 11.525) [16 votes]
  min_window_weighted: 23 (conf: 11.143) [16 votes]
  top10_tail_filtered: 23 (conf: 16.373) [2 votes]
  top10_bottom_window_filtered: 23 (conf: 12.364) [2 votes]

=== Detailed Voting Results ===
----------------------------------------------------------------------
Method                        Answer      Votes  Confidence  Correct
----------------------------------------------------------------------
majority                      23          16     -           ✓
mean_confidence_weighted      23          16     13.300      ✓
tail_confidence_weighted      23          16     15.579      ✓
bottom_window_weighted        23          16     11.525      ✓
min_window_weighted           23          16     11.143      ✓
top10_tail_filtered           23          2      16.373      ✓
top10_bottom_window_filtered  23          2      12.364      ✓
Q39 done | gt=23 | majority:✓, mean_confidence_weighted:✓, tail_confidence_weighted:✓, bottom_window_weighted:✓, min_window_weighted:✓, top10_tail_filtered:✓, top10_bottom_window_filtered:✓
tokens=40415

============================================================
### Q40
============================================================
Ground truth: 12
Trace 0: finished at 1756 tokens | answer=12
Trace 1: finished at 3814 tokens | answer=12
Trace 2: finished at 3594 tokens | answer=12
Trace 3: finished at 2686 tokens | answer=12
Trace 4: finished at 1118 tokens | answer=12
Trace 5: finished at 3379 tokens | answer=12
Trace 6: finished at 1410 tokens | answer=12
Trace 7: finished at 1633 tokens | answer=12
Trace 8: finished at 1441 tokens | answer=12
Trace 9: finished at 2404 tokens | answer=12
Trace 10: finished at 2871 tokens | answer=12
Trace 11: finished at 2148 tokens | answer=12
Trace 12: finished at 1953 tokens | answer=12
Trace 13: finished at 2495 tokens | answer=12
Trace 14: finished at 2288 tokens | answer=12
Trace 15: finished at 3154 tokens | answer=12

=== Voting Results Summary ===
  majority: 12 [16 votes]
  mean_confidence_weighted: 12 (conf: 11.933) [16 votes]
  tail_confidence_weighted: 12 (conf: 13.620) [16 votes]
  bottom_window_weighted: 12 (conf: 10.563) [16 votes]
  min_window_weighted: 12 (conf: 10.281) [16 votes]
  top10_tail_filtered: 12 (conf: 14.707) [2 votes]
  top10_bottom_window_filtered: 12 (conf: 11.188) [2 votes]

=== Detailed Voting Results ===
----------------------------------------------------------------------
Method                        Answer      Votes  Confidence  Correct
----------------------------------------------------------------------
majority                      12          16     -           ✓
mean_confidence_weighted      12          16     11.933      ✓
tail_confidence_weighted      12          16     13.620      ✓
bottom_window_weighted        12          16     10.563      ✓
min_window_weighted           12          16     10.281      ✓
top10_tail_filtered           12          2      14.707      ✓
top10_bottom_window_filtered  12          2      11.188      ✓
Q40 done | gt=12 | majority:✓, mean_confidence_weighted:✓, tail_confidence_weighted:✓, bottom_window_weighted:✓, min_window_weighted:✓, top10_tail_filtered:✓, top10_bottom_window_filtered:✓
tokens=38144

============================================================
### Q41
============================================================
Ground truth: 17
Trace 0: finished at 13991 tokens | answer=17
Trace 1: finished at 12404 tokens | answer=17
Trace 2: finished at 14285 tokens | answer=17
Trace 3: finished at 14477 tokens | answer=17
Trace 4: finished at 21284 tokens | answer=17
Trace 5: finished at 13110 tokens | answer=17
Trace 6: finished at 12468 tokens | answer=17
Trace 7: finished at 9417 tokens | answer=17
Trace 8: finished at 20557 tokens | answer=17
Trace 9: finished at 10293 tokens | answer=17
Trace 10: finished at 17022 tokens | answer=17
Trace 11: finished at 14769 tokens | answer=17
Trace 12: finished at 15968 tokens | answer=17
Trace 13: finished at 23734 tokens | answer=17
Trace 14: finished at 6353 tokens | answer=17
Trace 15: finished at 15683 tokens | answer=17

=== Voting Results Summary ===
  majority: 17 [16 votes]
  mean_confidence_weighted: 17 (conf: 14.069) [16 votes]
  tail_confidence_weighted: 17 (conf: 16.509) [16 votes]
  bottom_window_weighted: 17 (conf: 12.346) [16 votes]
  min_window_weighted: 17 (conf: 11.493) [16 votes]
  top10_tail_filtered: 17 (conf: 17.275) [2 votes]
  top10_bottom_window_filtered: 17 (conf: 12.846) [2 votes]

=== Detailed Voting Results ===
----------------------------------------------------------------------
Method                        Answer      Votes  Confidence  Correct
----------------------------------------------------------------------
majority                      17          16     -           ✓
mean_confidence_weighted      17          16     14.069      ✓
tail_confidence_weighted      17          16     16.509      ✓
bottom_window_weighted        17          16     12.346      ✓
min_window_weighted           17          16     11.493      ✓
top10_tail_filtered           17          2      17.275      ✓
top10_bottom_window_filtered  17          2      12.846      ✓
Q41 done | gt=17 | majority:✓, mean_confidence_weighted:✓, tail_confidence_weighted:✓, bottom_window_weighted:✓, min_window_weighted:✓, top10_tail_filtered:✓, top10_bottom_window_filtered:✓
tokens=235815

============================================================
### Q42
============================================================
Ground truth: 4
Trace 0: finished at 1292 tokens | answer=4
Trace 1: finished at 1276 tokens | answer=4
Trace 2: finished at 1356 tokens | answer=4
Trace 3: finished at 1200 tokens | answer=4
Trace 4: finished at 1003 tokens | answer=4
Trace 5: finished at 1143 tokens | answer=4
Trace 6: finished at 1107 tokens | answer=4
Trace 7: finished at 1048 tokens | answer=4
Trace 8: finished at 1056 tokens | answer=4
Trace 9: finished at 1212 tokens | answer=4
Trace 10: finished at 1436 tokens | answer=4
Trace 11: finished at 1338 tokens | answer=4
Trace 12: finished at 1015 tokens | answer=4
Trace 13: finished at 1308 tokens | answer=4
Trace 14: finished at 1196 tokens | answer=4
Trace 15: finished at 1319 tokens | answer=4

=== Voting Results Summary ===
  majority: 4 [16 votes]
  mean_confidence_weighted: 4 (conf: 16.130) [16 votes]
  tail_confidence_weighted: 4 (conf: 16.895) [16 votes]
  bottom_window_weighted: 4 (conf: 14.897) [16 votes]
  min_window_weighted: 4 (conf: 14.669) [16 votes]
  top10_tail_filtered: 4 (conf: 17.686) [2 votes]
  top10_bottom_window_filtered: 4 (conf: 15.709) [2 votes]

=== Detailed Voting Results ===
----------------------------------------------------------------------
Method                        Answer      Votes  Confidence  Correct
----------------------------------------------------------------------
majority                      4           16     -           ✓
mean_confidence_weighted      4           16     16.130      ✓
tail_confidence_weighted      4           16     16.895      ✓
bottom_window_weighted        4           16     14.897      ✓
min_window_weighted           4           16     14.669      ✓
top10_tail_filtered           4           2      17.686      ✓
top10_bottom_window_filtered  4           2      15.709      ✓
Q42 done | gt=4 | majority:✓, mean_confidence_weighted:✓, tail_confidence_weighted:✓, bottom_window_weighted:✓, min_window_weighted:✓, top10_tail_filtered:✓, top10_bottom_window_filtered:✓
tokens=19305

============================================================
### Q43
============================================================
Ground truth: 70 \sqrt{2}
Trace 0: finished at 23920 tokens | answer=70\sqrt{2}
Trace 1: finished at 22958 tokens | answer=70\sqrt{2}
Trace 2: finished at 22138 tokens | answer=70\sqrt{2}
Trace 3: finished at 18546 tokens | answer=70\sqrt{2}
Trace 4: finished at 16271 tokens | answer=70\sqrt{2}
Trace 5: finished at 17414 tokens | answer=70\sqrt{2}
Trace 6: finished at 21424 tokens | answer=70\sqrt{2}
Trace 7: finished at 19401 tokens | answer=70\sqrt{2}
Trace 8: finished at 17358 tokens | answer=70\sqrt{2}
Trace 9: finished at 13154 tokens | answer=70\sqrt{2}
Trace 10: finished at 22421 tokens | answer=70\sqrt{2}
Trace 11: finished at 23369 tokens | answer=70\sqrt{2}
Trace 12: finished at 14499 tokens | answer=70\sqrt{2}
Trace 13: finished at 22603 tokens | answer=70\sqrt{2}
Trace 14: finished at 21621 tokens | answer=70\sqrt{2}
Trace 15: finished at 20054 tokens | answer=70\sqrt{2}

=== Voting Results Summary ===
  majority: 70\sqrt{2} [16 votes]
  mean_confidence_weighted: 70\sqrt{2} (conf: 16.427) [16 votes]
  tail_confidence_weighted: 70\sqrt{2} (conf: 18.293) [16 votes]
  bottom_window_weighted: 70\sqrt{2} (conf: 13.170) [16 votes]
  min_window_weighted: 70\sqrt{2} (conf: 12.096) [16 votes]
  top10_tail_filtered: 70\sqrt{2} (conf: 18.788) [2 votes]
  top10_bottom_window_filtered: 70\sqrt{2} (conf: 13.771) [2 votes]

=== Detailed Voting Results ===
----------------------------------------------------------------------
Method                        Answer      Votes  Confidence  Correct
----------------------------------------------------------------------
majority                      70\sqrt{2}  16     -           ✓
mean_confidence_weighted      70\sqrt{2}  16     16.427      ✓
tail_confidence_weighted      70\sqrt{2}  16     18.293      ✓
bottom_window_weighted        70\sqrt{2}  16     13.170      ✓
min_window_weighted           70\sqrt{2}  16     12.096      ✓
top10_tail_filtered           70\sqrt{2}  2      18.788      ✓
top10_bottom_window_filtered  70\sqrt{2}  2      13.771      ✓
Q43 done | gt=70 \sqrt{2} | majority:✓, mean_confidence_weighted:✓, tail_confidence_weighted:✓, bottom_window_weighted:✓, min_window_weighted:✓, top10_tail_filtered:✓, top10_bottom_window_filtered:✓
tokens=317151

============================================================
### Q44
============================================================
Ground truth: 1.25
Trace 0: finished at 3384 tokens | answer=1.25
Trace 1: finished at 4019 tokens | answer=1.25
Trace 2: finished at 4620 tokens | answer=1.25
Trace 3: finished at 4615 tokens | answer=1.25
Trace 4: finished at 4292 tokens | answer=1.25
Trace 5: finished at 3778 tokens | answer=1.25
Trace 6: finished at 6678 tokens | answer=1.25
Trace 7: finished at 4697 tokens | answer=1.25
Trace 8: finished at 4421 tokens | answer=1.25
Trace 9: finished at 4290 tokens | answer=1.25
Trace 10: finished at 5867 tokens | answer=1.25
Trace 11: finished at 4091 tokens | answer=1.25
Trace 12: finished at 4579 tokens | answer=1.25
Trace 13: finished at 5316 tokens | answer=1.25
Trace 14: finished at 4380 tokens | answer=1.25
Trace 15: finished at 4941 tokens | answer=1.25

=== Voting Results Summary ===
  majority: 1.25 [16 votes]
  mean_confidence_weighted: 1.25 (conf: 14.556) [16 votes]
  tail_confidence_weighted: 1.25 (conf: 17.892) [16 votes]
  bottom_window_weighted: 1.25 (conf: 12.428) [16 votes]
  min_window_weighted: 1.25 (conf: 11.834) [16 votes]
  top10_tail_filtered: 1.25 (conf: 18.491) [2 votes]
  top10_bottom_window_filtered: 1.25 (conf: 13.077) [2 votes]

=== Detailed Voting Results ===
----------------------------------------------------------------------
Method                        Answer      Votes  Confidence  Correct
----------------------------------------------------------------------
majority                      1.25        16     -           ✓
mean_confidence_weighted      1.25        16     14.556      ✓
tail_confidence_weighted      1.25        16     17.892      ✓
bottom_window_weighted        1.25        16     12.428      ✓
min_window_weighted           1.25        16     11.834      ✓
top10_tail_filtered           1.25        2      18.491      ✓
top10_bottom_window_filtered  1.25        2      13.077      ✓
Q44 done | gt=1.25 | majority:✓, mean_confidence_weighted:✓, tail_confidence_weighted:✓, bottom_window_weighted:✓, min_window_weighted:✓, top10_tail_filtered:✓, top10_bottom_window_filtered:✓
tokens=73968

============================================================
### Q45
============================================================
Ground truth: 2
Trace 0: finished at 2913 tokens | answer=2
Trace 1: finished at 1594 tokens | answer=2
Trace 2: finished at 1966 tokens | answer=2
Trace 3: finished at 2722 tokens | answer=2
Trace 4: finished at 2324 tokens | answer=2
Trace 5: finished at 1576 tokens | answer=2
Trace 6: finished at 2753 tokens | answer=2
Trace 7: finished at 2184 tokens | answer=2
Trace 8: finished at 2436 tokens | answer=2
Trace 9: finished at 2741 tokens | answer=2
Trace 10: finished at 1898 tokens | answer=2
Trace 11: finished at 3152 tokens | answer=2
Trace 12: finished at 2246 tokens | answer=2
Trace 13: finished at 1886 tokens | answer=2
Trace 14: finished at 1914 tokens | answer=2
Trace 15: finished at 2563 tokens | answer=2

=== Voting Results Summary ===
  majority: 2 [16 votes]
  mean_confidence_weighted: 2 (conf: 15.617) [16 votes]
  tail_confidence_weighted: 2 (conf: 17.047) [16 votes]
  bottom_window_weighted: 2 (conf: 13.598) [16 votes]
  min_window_weighted: 2 (conf: 13.194) [16 votes]
  top10_tail_filtered: 2 (conf: 18.117) [2 votes]
  top10_bottom_window_filtered: 2 (conf: 14.700) [2 votes]

=== Detailed Voting Results ===
----------------------------------------------------------------------
Method                        Answer      Votes  Confidence  Correct
----------------------------------------------------------------------
majority                      2           16     -           ✓
mean_confidence_weighted      2           16     15.617      ✓
tail_confidence_weighted      2           16     17.047      ✓
bottom_window_weighted        2           16     13.598      ✓
min_window_weighted           2           16     13.194      ✓
top10_tail_filtered           2           2      18.117      ✓
top10_bottom_window_filtered  2           2      14.700      ✓
Q45 done | gt=2 | majority:✓, mean_confidence_weighted:✓, tail_confidence_weighted:✓, bottom_window_weighted:✓, min_window_weighted:✓, top10_tail_filtered:✓, top10_bottom_window_filtered:✓
tokens=36868

============================================================
### Q46
============================================================
Ground truth: 6
Trace 0: finished at 9926 tokens | answer=6
Trace 1: finished at 10545 tokens | answer=6
Trace 2: finished at 9514 tokens | answer=6
Trace 3: finished at 11655 tokens | answer=6
Trace 4: finished at 10867 tokens | answer=6
Trace 5: finished at 10730 tokens | answer=6
Trace 6: finished at 10338 tokens | answer=6
Trace 7: finished at 11987 tokens | answer=6
Trace 8: finished at 8533 tokens | answer=6
Trace 9: finished at 11646 tokens | answer=6
Trace 10: finished at 11500 tokens | answer=6
Trace 11: finished at 9870 tokens | answer=6
Trace 12: finished at 7561 tokens | answer=6
Trace 13: finished at 10555 tokens | answer=6
Trace 14: finished at 10889 tokens | answer=6
Trace 15: finished at 9619 tokens | answer=6

=== Voting Results Summary ===
  majority: 6 [16 votes]
  mean_confidence_weighted: 6 (conf: 15.364) [16 votes]
  tail_confidence_weighted: 6 (conf: 17.874) [16 votes]
  bottom_window_weighted: 6 (conf: 13.282) [16 votes]
  min_window_weighted: 6 (conf: 12.625) [16 votes]
  top10_tail_filtered: 6 (conf: 18.419) [2 votes]
  top10_bottom_window_filtered: 6 (conf: 13.708) [2 votes]

=== Detailed Voting Results ===
----------------------------------------------------------------------
Method                        Answer      Votes  Confidence  Correct
----------------------------------------------------------------------
majority                      6           16     -           ✓
mean_confidence_weighted      6           16     15.364      ✓
tail_confidence_weighted      6           16     17.874      ✓
bottom_window_weighted        6           16     13.282      ✓
min_window_weighted           6           16     12.625      ✓
top10_tail_filtered           6           2      18.419      ✓
top10_bottom_window_filtered  6           2      13.708      ✓
Q46 done | gt=6 | majority:✓, mean_confidence_weighted:✓, tail_confidence_weighted:✓, bottom_window_weighted:✓, min_window_weighted:✓, top10_tail_filtered:✓, top10_bottom_window_filtered:✓
tokens=165735

============================================================
### Q47
============================================================
Ground truth: 5
Trace 0: finished at 6502 tokens | answer=5
Trace 1: finished at 2882 tokens | answer=5
Trace 2: finished at 2670 tokens | answer=5
Trace 3: finished at 3274 tokens | answer=5
Trace 4: finished at 4310 tokens | answer=5
Trace 5: finished at 3400 tokens | answer=5
Trace 6: finished at 1094 tokens | answer=5
Trace 7: finished at 3777 tokens | answer=5
Trace 8: finished at 2578 tokens | answer=5
Trace 9: finished at 2967 tokens | answer=5
Trace 10: finished at 3627 tokens | answer=5
Trace 11: finished at 5133 tokens | answer=5
Trace 12: finished at 4858 tokens | answer=5
Trace 13: finished at 2388 tokens | answer=5
Trace 14: finished at 3977 tokens | answer=5
Trace 15: finished at 5608 tokens | answer=5

=== Voting Results Summary ===
  majority: 5 [16 votes]
  mean_confidence_weighted: 5 (conf: 14.332) [16 votes]
  tail_confidence_weighted: 5 (conf: 18.378) [16 votes]
  bottom_window_weighted: 5 (conf: 12.430) [16 votes]
  min_window_weighted: 5 (conf: 11.985) [16 votes]
  top10_tail_filtered: 5 (conf: 19.164) [2 votes]
  top10_bottom_window_filtered: 5 (conf: 13.831) [2 votes]

=== Detailed Voting Results ===
----------------------------------------------------------------------
Method                        Answer      Votes  Confidence  Correct
----------------------------------------------------------------------
majority                      5           16     -           ✓
mean_confidence_weighted      5           16     14.332      ✓
tail_confidence_weighted      5           16     18.378      ✓
bottom_window_weighted        5           16     12.430      ✓
min_window_weighted           5           16     11.985      ✓
top10_tail_filtered           5           2      19.164      ✓
top10_bottom_window_filtered  5           2      13.831      ✓
Q47 done | gt=5 | majority:✓, mean_confidence_weighted:✓, tail_confidence_weighted:✓, bottom_window_weighted:✓, min_window_weighted:✓, top10_tail_filtered:✓, top10_bottom_window_filtered:✓
tokens=59045

============================================================
### Q48
============================================================
Ground truth: \frac{3}{2}
Trace 0: finished at 861 tokens | answer=\dfrac{3}{2}
Trace 1: finished at 1321 tokens | answer=\dfrac{3}{2}
Trace 2: finished at 1403 tokens | answer=\dfrac{3}{2}
Trace 3: finished at 1253 tokens | answer=\dfrac{3}{2}
Trace 4: finished at 1133 tokens | answer=\dfrac{3}{2}
Trace 5: finished at 1353 tokens | answer=\dfrac{3}{2}
Trace 6: finished at 1649 tokens | answer=\dfrac{3}{2}
Trace 7: finished at 1063 tokens | answer=\dfrac{3}{2}
Trace 8: finished at 1130 tokens | answer=\dfrac{3}{2}
Trace 9: finished at 1228 tokens | answer=\dfrac{3}{2}
Trace 10: finished at 1333 tokens | answer=\dfrac{3}{2}
Trace 11: finished at 1164 tokens | answer=\dfrac{3}{2}
Trace 12: finished at 1010 tokens | answer=\dfrac{3}{2}
Trace 13: finished at 1119 tokens | answer=\dfrac{3}{2}
Trace 14: finished at 1391 tokens | answer=\dfrac{3}{2}
Trace 15: finished at 1069 tokens | answer=\dfrac{3}{2}

=== Voting Results Summary ===
  majority: \dfrac{3}{2} [16 votes]
  mean_confidence_weighted: \dfrac{3}{2} (conf: 15.307) [16 votes]
  tail_confidence_weighted: \dfrac{3}{2} (conf: 17.400) [16 votes]
  bottom_window_weighted: \dfrac{3}{2} (conf: 13.431) [16 votes]
  min_window_weighted: \dfrac{3}{2} (conf: 13.189) [16 votes]
  top10_tail_filtered: \dfrac{3}{2} (conf: 18.423) [2 votes]
  top10_bottom_window_filtered: \dfrac{3}{2} (conf: 14.250) [2 votes]

=== Detailed Voting Results ===
----------------------------------------------------------------------
Method                        Answer      Votes  Confidence  Correct
----------------------------------------------------------------------
majority                      \dfrac{3}{2} 16     -           ✓
mean_confidence_weighted      \dfrac{3}{2} 16     15.307      ✓
tail_confidence_weighted      \dfrac{3}{2} 16     17.400      ✓
bottom_window_weighted        \dfrac{3}{2} 16     13.431      ✓
min_window_weighted           \dfrac{3}{2} 16     13.189      ✓
top10_tail_filtered           \dfrac{3}{2} 2      18.423      ✓
top10_bottom_window_filtered  \dfrac{3}{2} 2      14.250      ✓
Q48 done | gt=\frac{3}{2} | majority:✓, mean_confidence_weighted:✓, tail_confidence_weighted:✓, bottom_window_weighted:✓, min_window_weighted:✓, top10_tail_filtered:✓, top10_bottom_window_filtered:✓
tokens=19480

============================================================
### Q49
============================================================
Ground truth: 83
Trace 0: finished at 1438 tokens | answer=83
Trace 1: finished at 1442 tokens | answer=83
Trace 2: finished at 1114 tokens | answer=83
Trace 3: finished at 884 tokens | answer=83
Trace 4: finished at 1066 tokens | answer=83
Trace 5: finished at 995 tokens | answer=83
Trace 6: finished at 1335 tokens | answer=83
Trace 7: finished at 1080 tokens | answer=83
Trace 8: finished at 1529 tokens | answer=83
Trace 9: finished at 1401 tokens | answer=83
Trace 10: finished at 1204 tokens | answer=83
Trace 11: finished at 1251 tokens | answer=83
Trace 12: finished at 1037 tokens | answer=83
Trace 13: finished at 1401 tokens | answer=83
Trace 14: finished at 874 tokens | answer=83
Trace 15: finished at 1231 tokens | answer=83

=== Voting Results Summary ===
  majority: 83 [16 votes]
  mean_confidence_weighted: 83 (conf: 14.853) [16 votes]
  tail_confidence_weighted: 83 (conf: 16.850) [16 votes]
  bottom_window_weighted: 83 (conf: 12.940) [16 votes]
  min_window_weighted: 83 (conf: 12.705) [16 votes]
  top10_tail_filtered: 83 (conf: 18.119) [2 votes]
  top10_bottom_window_filtered: 83 (conf: 14.759) [2 votes]

=== Detailed Voting Results ===
----------------------------------------------------------------------
Method                        Answer      Votes  Confidence  Correct
----------------------------------------------------------------------
majority                      83          16     -           ✓
mean_confidence_weighted      83          16     14.853      ✓
tail_confidence_weighted      83          16     16.850      ✓
bottom_window_weighted        83          16     12.940      ✓
min_window_weighted           83          16     12.705      ✓
top10_tail_filtered           83          2      18.119      ✓
top10_bottom_window_filtered  83          2      14.759      ✓
Q49 done | gt=83 | majority:✓, mean_confidence_weighted:✓, tail_confidence_weighted:✓, bottom_window_weighted:✓, min_window_weighted:✓, top10_tail_filtered:✓, top10_bottom_window_filtered:✓
tokens=19282

============================================================
### Q50
============================================================
Ground truth: 203
Trace 0: finished at 5195 tokens | answer=203
Trace 1: finished at 6990 tokens | answer=203
Trace 2: finished at 7257 tokens | answer=203
Trace 3: finished at 5535 tokens | answer=203
Trace 4: finished at 8693 tokens | answer=203
Trace 5: finished at 4871 tokens | answer=203
Trace 6: finished at 5511 tokens | answer=203
Trace 7: finished at 5211 tokens | answer=203
Trace 8: finished at 6873 tokens | answer=203
Trace 9: finished at 6259 tokens | answer=203
Trace 10: finished at 6127 tokens | answer=203
Trace 11: finished at 6682 tokens | answer=203
Trace 12: finished at 8703 tokens | answer=203
Trace 13: finished at 6968 tokens | answer=203
Trace 14: finished at 9307 tokens | answer=203
Trace 15: finished at 7801 tokens | answer=203

=== Voting Results Summary ===
  majority: 203 [16 votes]
  mean_confidence_weighted: 203 (conf: 12.992) [16 votes]
  tail_confidence_weighted: 203 (conf: 14.753) [16 votes]
  bottom_window_weighted: 203 (conf: 11.019) [16 votes]
  min_window_weighted: 203 (conf: 10.445) [16 votes]
  top10_tail_filtered: 203 (conf: 17.013) [2 votes]
  top10_bottom_window_filtered: 203 (conf: 12.592) [2 votes]

=== Detailed Voting Results ===
----------------------------------------------------------------------
Method                        Answer      Votes  Confidence  Correct
----------------------------------------------------------------------
majority                      203         16     -           ✓
mean_confidence_weighted      203         16     12.992      ✓
tail_confidence_weighted      203         16     14.753      ✓
bottom_window_weighted        203         16     11.019      ✓
min_window_weighted           203         16     10.445      ✓
top10_tail_filtered           203         2      17.013      ✓
top10_bottom_window_filtered  203         2      12.592      ✓
Q50 done | gt=203 | majority:✓, mean_confidence_weighted:✓, tail_confidence_weighted:✓, bottom_window_weighted:✓, min_window_weighted:✓, top10_tail_filtered:✓, top10_bottom_window_filtered:✓
tokens=107983

============================================================
### Q51
============================================================
Ground truth: x^5 - x^4 + x^3 - x^2 + x - 1
Trace 0: finished at 3379 tokens | answer=x^{5} - x^{4} + x^{3} - x^{2} + x - 1
Trace 1: finished at 4789 tokens | answer=x^{5}-x^{4}+x^{3}-x^{2}+x-1
Trace 2: finished at 4904 tokens | answer=x^5 - x^4 + x^3 - x^2 + x - 1
Trace 3: finished at 2783 tokens | answer=x^{5} - x^{4} + x^{3} - x^{2} + x - 1
Trace 4: finished at 4945 tokens | answer=x^{5} - x^{4} + x^{3} - x^{2} + x - 1
Trace 5: finished at 6032 tokens | answer=x^{5}-x^{4}+x^{3}-x^{2}+x-1
Trace 6: finished at 4291 tokens | answer=x^5 - x^4 + x^3 - x^2 + x - 1
Trace 7: finished at 5393 tokens | answer=x^{5} - x^{4} + x^{3} - x^{2} + x - 1
Trace 8: finished at 3269 tokens | answer=x^{5} - x^{4} + x^{3} - x^{2} + x - 1
Trace 9: finished at 4074 tokens | answer=x^{5} - x^{4} + x^{3} - x^{2} + x - 1
Trace 10: finished at 4192 tokens | answer=x^{5} - x^{4} + x^{3} - x^{2} + x - 1
Trace 11: finished at 3818 tokens | answer=x^{5}-x^{4}+x^{3}-x^{2}+x-1
Trace 12: finished at 4085 tokens | answer=x^{5}-x^{4}+x^{3}-x^{2}+x-1
Trace 13: finished at 5097 tokens | answer=x^5 - x^4 + x^3 - x^2 + x - 1
Trace 14: finished at 5336 tokens | answer=x^{5}-x^{4}+x^{3}-x^{2}+x-1
Trace 15: finished at 3505 tokens | answer=x^{5} - x^{4} + x^{3} - x^{2} + x - 1

=== Voting Results Summary ===
  majority: x^{5} - x^{4} + x^{3} - x^{2} + x - 1 [16 votes]
  mean_confidence_weighted: x^{5} - x^{4} + x^{3} - x^{2} + x - 1 (conf: 15.893) [16 votes]
  tail_confidence_weighted: x^{5} - x^{4} + x^{3} - x^{2} + x - 1 (conf: 16.747) [16 votes]
  bottom_window_weighted: x^{5} - x^{4} + x^{3} - x^{2} + x - 1 (conf: 13.613) [16 votes]
  min_window_weighted: x^{5} - x^{4} + x^{3} - x^{2} + x - 1 (conf: 12.956) [16 votes]
  top10_tail_filtered: x^{5} - x^{4} + x^{3} - x^{2} + x - 1 (conf: 17.086) [2 votes]
  top10_bottom_window_filtered: x^{5} - x^{4} + x^{3} - x^{2} + x - 1 (conf: 14.903) [2 votes]

=== Detailed Voting Results ===
----------------------------------------------------------------------
Method                        Answer      Votes  Confidence  Correct
----------------------------------------------------------------------
majority                      x^{5} - x^{4} + x^{3} - x^{2} + x - 1 16     -           ✓
mean_confidence_weighted      x^{5} - x^{4} + x^{3} - x^{2} + x - 1 16     15.893      ✓
tail_confidence_weighted      x^{5} - x^{4} + x^{3} - x^{2} + x - 1 16     16.747      ✓
bottom_window_weighted        x^{5} - x^{4} + x^{3} - x^{2} + x - 1 16     13.613      ✓
min_window_weighted           x^{5} - x^{4} + x^{3} - x^{2} + x - 1 16     12.956      ✓
top10_tail_filtered           x^{5} - x^{4} + x^{3} - x^{2} + x - 1 2      17.086      ✓
top10_bottom_window_filtered  x^{5} - x^{4} + x^{3} - x^{2} + x - 1 2      14.903      ✓
Q51 done | gt=x^5 - x^4 + x^3 - x^2 + x - 1 | majority:✓, mean_confidence_weighted:✓, tail_confidence_weighted:✓, bottom_window_weighted:✓, min_window_weighted:✓, top10_tail_filtered:✓, top10_bottom_window_filtered:✓
tokens=69892

============================================================
### Q52
============================================================
Ground truth: 12
Trace 0: finished at 2591 tokens | answer=12
Trace 1: finished at 3899 tokens | answer=12
Trace 2: finished at 3921 tokens | answer=12
Trace 3: finished at 4410 tokens | answer=12
Trace 4: finished at 3224 tokens | answer=12
Trace 5: finished at 4678 tokens | answer=12
Trace 6: finished at 3208 tokens | answer=12
Trace 7: finished at 5332 tokens | answer=12
Trace 8: finished at 4153 tokens | answer=12
Trace 9: finished at 3578 tokens | answer=12
Trace 10: finished at 3221 tokens | answer=12
Trace 11: finished at 2790 tokens | answer=12
Trace 12: finished at 3291 tokens | answer=12
Trace 13: finished at 2398 tokens | answer=12
Trace 14: finished at 4326 tokens | answer=12
Trace 15: finished at 2630 tokens | answer=12

=== Voting Results Summary ===
  majority: 12 [16 votes]
  mean_confidence_weighted: 12 (conf: 15.780) [16 votes]
  tail_confidence_weighted: 12 (conf: 17.879) [16 votes]
  bottom_window_weighted: 12 (conf: 13.576) [16 votes]
  min_window_weighted: 12 (conf: 13.064) [16 votes]
  top10_tail_filtered: 12 (conf: 18.365) [2 votes]
  top10_bottom_window_filtered: 12 (conf: 13.905) [2 votes]

=== Detailed Voting Results ===
----------------------------------------------------------------------
Method                        Answer      Votes  Confidence  Correct
----------------------------------------------------------------------
majority                      12          16     -           ✓
mean_confidence_weighted      12          16     15.780      ✓
tail_confidence_weighted      12          16     17.879      ✓
bottom_window_weighted        12          16     13.576      ✓
min_window_weighted           12          16     13.064      ✓
top10_tail_filtered           12          2      18.365      ✓
top10_bottom_window_filtered  12          2      13.905      ✓
Q52 done | gt=12 | majority:✓, mean_confidence_weighted:✓, tail_confidence_weighted:✓, bottom_window_weighted:✓, min_window_weighted:✓, top10_tail_filtered:✓, top10_bottom_window_filtered:✓
tokens=57650

============================================================
### Q53
============================================================
Ground truth: -\frac{\pi}{6}
Trace 0: finished at 1266 tokens | answer=-\dfrac{\pi}{6}
Trace 1: finished at 2013 tokens | answer=-\dfrac{\pi}{6}
Trace 2: finished at 1113 tokens | answer=-\dfrac{\pi}{6}
Trace 3: finished at 2119 tokens | answer=-\dfrac{\pi}{6}
Trace 4: finished at 1067 tokens | answer=-\dfrac{\pi}{6}
Trace 5: finished at 1152 tokens | answer=-\dfrac{\pi}{6}
Trace 6: finished at 1079 tokens | answer=-\dfrac{\pi}{6}
Trace 7: finished at 1027 tokens | answer=-\dfrac{\pi}{6}
Trace 8: finished at 1127 tokens | answer=-\dfrac{\pi}{6}
Trace 9: finished at 1650 tokens | answer=-\dfrac{\pi}{6}
Trace 10: finished at 1305 tokens | answer=-\dfrac{\pi}{6}
Trace 11: finished at 1276 tokens | answer=-\dfrac{\pi}{6}
Trace 12: finished at 1559 tokens | answer=-\dfrac{\pi}{6}
Trace 13: finished at 605 tokens | answer=-\dfrac{\pi}{6}
Trace 14: finished at 1146 tokens | answer=-\dfrac{\pi}{6}
Trace 15: finished at 1342 tokens | answer=-\dfrac{\pi}{6}

=== Voting Results Summary ===
  majority: -\dfrac{\pi}{6} [16 votes]
  mean_confidence_weighted: -\dfrac{\pi}{6} (conf: 14.626) [16 votes]
  tail_confidence_weighted: -\dfrac{\pi}{6} (conf: 16.288) [16 votes]
  bottom_window_weighted: -\dfrac{\pi}{6} (conf: 13.573) [16 votes]
  min_window_weighted: -\dfrac{\pi}{6} (conf: 13.362) [16 votes]
  top10_tail_filtered: -\dfrac{\pi}{6} (conf: 17.031) [2 votes]
  top10_bottom_window_filtered: -\dfrac{\pi}{6} (conf: 14.252) [2 votes]

=== Detailed Voting Results ===
----------------------------------------------------------------------
Method                        Answer      Votes  Confidence  Correct
----------------------------------------------------------------------
majority                      -\dfrac{\pi}{6} 16     -           ✓
mean_confidence_weighted      -\dfrac{\pi}{6} 16     14.626      ✓
tail_confidence_weighted      -\dfrac{\pi}{6} 16     16.288      ✓
bottom_window_weighted        -\dfrac{\pi}{6} 16     13.573      ✓
min_window_weighted           -\dfrac{\pi}{6} 16     13.362      ✓
top10_tail_filtered           -\dfrac{\pi}{6} 2      17.031      ✓
top10_bottom_window_filtered  -\dfrac{\pi}{6} 2      14.252      ✓
Q53 done | gt=-\frac{\pi}{6} | majority:✓, mean_confidence_weighted:✓, tail_confidence_weighted:✓, bottom_window_weighted:✓, min_window_weighted:✓, top10_tail_filtered:✓, top10_bottom_window_filtered:✓
tokens=20846

============================================================
### Q54
============================================================
Ground truth: 0.15
Trace 0: finished at 1025 tokens | answer=0.15
Trace 1: finished at 687 tokens | answer=0.15
Trace 2: truncated at 1105 tokens | answer=None
Trace 3: finished at 968 tokens | answer=0.15
Trace 4: finished at 715 tokens | answer=0.15
Trace 5: finished at 782 tokens | answer=0.15
Trace 6: finished at 1426 tokens | answer=0.15
Trace 7: finished at 954 tokens | answer=0.15
Trace 8: finished at 888 tokens | answer=0.15
Trace 9: finished at 752 tokens | answer=0.15
Trace 10: finished at 769 tokens | answer=0.15
Trace 11: finished at 812 tokens | answer=0.15
Trace 12: finished at 906 tokens | answer=0.15
Trace 13: finished at 760 tokens | answer=0.15
Trace 14: finished at 1240 tokens | answer=0.15
Trace 15: finished at 940 tokens | answer=0.15

=== Voting Results Summary ===
  majority: 0.15 [15 votes]
  mean_confidence_weighted: 0.15 (conf: 14.588) [15 votes]
  tail_confidence_weighted: 0.15 (conf: 16.595) [15 votes]
  bottom_window_weighted: 0.15 (conf: 13.452) [15 votes]
  min_window_weighted: 0.15 (conf: 13.265) [15 votes]
  top10_tail_filtered: 0.15 (conf: 17.477) [2 votes]
  top10_bottom_window_filtered: 0.15 (conf: 14.526) [2 votes]

=== Detailed Voting Results ===
----------------------------------------------------------------------
Method                        Answer      Votes  Confidence  Correct
----------------------------------------------------------------------
majority                      0.15        15     -           ✓
mean_confidence_weighted      0.15        15     14.588      ✓
tail_confidence_weighted      0.15        15     16.595      ✓
bottom_window_weighted        0.15        15     13.452      ✓
min_window_weighted           0.15        15     13.265      ✓
top10_tail_filtered           0.15        2      17.477      ✓
top10_bottom_window_filtered  0.15        2      14.526      ✓
Q54 done | gt=0.15 | majority:✓, mean_confidence_weighted:✓, tail_confidence_weighted:✓, bottom_window_weighted:✓, min_window_weighted:✓, top10_tail_filtered:✓, top10_bottom_window_filtered:✓
tokens=14729

============================================================
### Q55
============================================================
Ground truth: 3
Trace 0: finished at 3750 tokens | answer=3
Trace 1: finished at 3115 tokens | answer=3
Trace 2: finished at 2896 tokens | answer=3
Trace 3: finished at 2911 tokens | answer=3
Trace 4: finished at 2135 tokens | answer=3
Trace 5: finished at 4022 tokens | answer=3
Trace 6: finished at 3071 tokens | answer=3
Trace 7: finished at 2727 tokens | answer=3
Trace 8: finished at 2500 tokens | answer=3
Trace 9: finished at 4178 tokens | answer=3
Trace 10: finished at 2986 tokens | answer=3
Trace 11: finished at 3975 tokens | answer=3
Trace 12: finished at 2966 tokens | answer=3
Trace 13: finished at 2661 tokens | answer=3
Trace 14: finished at 2876 tokens | answer=3
Trace 15: finished at 3015 tokens | answer=3

=== Voting Results Summary ===
  majority: 3 [16 votes]
  mean_confidence_weighted: 3 (conf: 15.383) [16 votes]
  tail_confidence_weighted: 3 (conf: 16.674) [16 votes]
  bottom_window_weighted: 3 (conf: 12.736) [16 votes]
  min_window_weighted: 3 (conf: 12.340) [16 votes]
  top10_tail_filtered: 3 (conf: 17.702) [2 votes]
  top10_bottom_window_filtered: 3 (conf: 13.340) [2 votes]

=== Detailed Voting Results ===
----------------------------------------------------------------------
Method                        Answer      Votes  Confidence  Correct
----------------------------------------------------------------------
majority                      3           16     -           ✓
mean_confidence_weighted      3           16     15.383      ✓
tail_confidence_weighted      3           16     16.674      ✓
bottom_window_weighted        3           16     12.736      ✓
min_window_weighted           3           16     12.340      ✓
top10_tail_filtered           3           2      17.702      ✓
top10_bottom_window_filtered  3           2      13.340      ✓
Q55 done | gt=3 | majority:✓, mean_confidence_weighted:✓, tail_confidence_weighted:✓, bottom_window_weighted:✓, min_window_weighted:✓, top10_tail_filtered:✓, top10_bottom_window_filtered:✓
tokens=49784

============================================================
### Q56
============================================================
Ground truth: 11
Trace 0: finished at 791 tokens | answer=11
Trace 1: finished at 723 tokens | answer=11
Trace 2: finished at 1049 tokens | answer=11
Trace 3: finished at 931 tokens | answer=11
Trace 4: finished at 853 tokens | answer=11
Trace 5: finished at 764 tokens | answer=11
Trace 6: finished at 1362 tokens | answer=11
Trace 7: finished at 1027 tokens | answer=11
Trace 8: finished at 678 tokens | answer=11
Trace 9: finished at 1110 tokens | answer=11
Trace 10: finished at 1095 tokens | answer=11
Trace 11: finished at 951 tokens | answer=11
Trace 12: finished at 859 tokens | answer=11
Trace 13: finished at 880 tokens | answer=11
Trace 14: finished at 912 tokens | answer=11
Trace 15: finished at 1055 tokens | answer=11

=== Voting Results Summary ===
  majority: 11 [16 votes]
  mean_confidence_weighted: 11 (conf: 16.016) [16 votes]
  tail_confidence_weighted: 11 (conf: 17.274) [16 votes]
  bottom_window_weighted: 11 (conf: 14.695) [16 votes]
  min_window_weighted: 11 (conf: 14.490) [16 votes]
  top10_tail_filtered: 11 (conf: 17.998) [2 votes]
  top10_bottom_window_filtered: 11 (conf: 16.167) [2 votes]

=== Detailed Voting Results ===
----------------------------------------------------------------------
Method                        Answer      Votes  Confidence  Correct
----------------------------------------------------------------------
majority                      11          16     -           ✓
mean_confidence_weighted      11          16     16.016      ✓
tail_confidence_weighted      11          16     17.274      ✓
bottom_window_weighted        11          16     14.695      ✓
min_window_weighted           11          16     14.490      ✓
top10_tail_filtered           11          2      17.998      ✓
top10_bottom_window_filtered  11          2      16.167      ✓
Q56 done | gt=11 | majority:✓, mean_confidence_weighted:✓, tail_confidence_weighted:✓, bottom_window_weighted:✓, min_window_weighted:✓, top10_tail_filtered:✓, top10_bottom_window_filtered:✓
tokens=15040

============================================================
### Q57
============================================================
Ground truth: 16
Trace 0: finished at 1923 tokens | answer=16
Trace 1: finished at 3254 tokens | answer=16
Trace 2: finished at 2802 tokens | answer=16
Trace 3: finished at 2124 tokens | answer=16
Trace 4: finished at 1445 tokens | answer=16
Trace 5: finished at 1951 tokens | answer=16
Trace 6: finished at 2460 tokens | answer=16
Trace 7: finished at 1601 tokens | answer=16
Trace 8: finished at 2684 tokens | answer=16
Trace 9: finished at 3272 tokens | answer=16
Trace 10: finished at 1987 tokens | answer=16
Trace 11: finished at 2231 tokens | answer=16
Trace 12: finished at 2092 tokens | answer=16
Trace 13: finished at 1989 tokens | answer=16
Trace 14: finished at 2065 tokens | answer=16
Trace 15: finished at 1958 tokens | answer=16

=== Voting Results Summary ===
  majority: 16 [16 votes]
  mean_confidence_weighted: 16 (conf: 12.359) [16 votes]
  tail_confidence_weighted: 16 (conf: 15.070) [16 votes]
  bottom_window_weighted: 16 (conf: 10.490) [16 votes]
  min_window_weighted: 16 (conf: 10.213) [16 votes]
  top10_tail_filtered: 16 (conf: 15.767) [2 votes]
  top10_bottom_window_filtered: 16 (conf: 11.282) [2 votes]

=== Detailed Voting Results ===
----------------------------------------------------------------------
Method                        Answer      Votes  Confidence  Correct
----------------------------------------------------------------------
majority                      16          16     -           ✓
mean_confidence_weighted      16          16     12.359      ✓
tail_confidence_weighted      16          16     15.070      ✓
bottom_window_weighted        16          16     10.490      ✓
min_window_weighted           16          16     10.213      ✓
top10_tail_filtered           16          2      15.767      ✓
top10_bottom_window_filtered  16          2      11.282      ✓
Q57 done | gt=16 | majority:✓, mean_confidence_weighted:✓, tail_confidence_weighted:✓, bottom_window_weighted:✓, min_window_weighted:✓, top10_tail_filtered:✓, top10_bottom_window_filtered:✓
tokens=35838

============================================================
### Q58
============================================================
Ground truth: 9901
Trace 0: finished at 2497 tokens | answer=9901
Trace 1: finished at 2821 tokens | answer=9901
Trace 2: finished at 2118 tokens | answer=9901
Trace 3: finished at 1650 tokens | answer=9901
Trace 4: finished at 3551 tokens | answer=9901
Trace 5: finished at 2205 tokens | answer=9901
Trace 6: finished at 1727 tokens | answer=9901
Trace 7: finished at 3013 tokens | answer=9901
Trace 8: finished at 1878 tokens | answer=9901
Trace 9: finished at 2787 tokens | answer=9901
Trace 10: finished at 1909 tokens | answer=9901
Trace 11: finished at 2671 tokens | answer=9901
Trace 12: finished at 3071 tokens | answer=9901
Trace 13: finished at 3974 tokens | answer=9901
Trace 14: finished at 1803 tokens | answer=9901
Trace 15: finished at 1282 tokens | answer=9901

=== Voting Results Summary ===
  majority: 9901 [16 votes]
  mean_confidence_weighted: 9901 (conf: 12.985) [16 votes]
  tail_confidence_weighted: 9901 (conf: 15.347) [16 votes]
  bottom_window_weighted: 9901 (conf: 11.658) [16 votes]
  min_window_weighted: 9901 (conf: 11.305) [16 votes]
  top10_tail_filtered: 9901 (conf: 16.223) [2 votes]
  top10_bottom_window_filtered: 9901 (conf: 12.493) [2 votes]

=== Detailed Voting Results ===
----------------------------------------------------------------------
Method                        Answer      Votes  Confidence  Correct
----------------------------------------------------------------------
majority                      9901        16     -           ✓
mean_confidence_weighted      9901        16     12.985      ✓
tail_confidence_weighted      9901        16     15.347      ✓
bottom_window_weighted        9901        16     11.658      ✓
min_window_weighted           9901        16     11.305      ✓
top10_tail_filtered           9901        2      16.223      ✓
top10_bottom_window_filtered  9901        2      12.493      ✓
Q58 done | gt=9901 | majority:✓, mean_confidence_weighted:✓, tail_confidence_weighted:✓, bottom_window_weighted:✓, min_window_weighted:✓, top10_tail_filtered:✓, top10_bottom_window_filtered:✓
tokens=38957

============================================================
### Q59
============================================================
Ground truth: 5
Trace 0: finished at 1250 tokens | answer=5
Trace 1: finished at 1644 tokens | answer=5
Trace 2: finished at 1382 tokens | answer=5
Trace 3: finished at 1067 tokens | answer=5
Trace 4: finished at 1080 tokens | answer=5
Trace 5: finished at 1189 tokens | answer=5
Trace 6: finished at 2129 tokens | answer=5
Trace 7: finished at 2038 tokens | answer=5
Trace 8: finished at 1676 tokens | answer=5
Trace 9: finished at 1331 tokens | answer=5
Trace 10: finished at 1205 tokens | answer=5
Trace 11: finished at 2487 tokens | answer=5
Trace 12: finished at 921 tokens | answer=5
Trace 13: finished at 1126 tokens | answer=5
Trace 14: finished at 1767 tokens | answer=5
Trace 15: finished at 1414 tokens | answer=5

=== Voting Results Summary ===
  majority: 5 [16 votes]
  mean_confidence_weighted: 5 (conf: 13.277) [16 votes]
  tail_confidence_weighted: 5 (conf: 15.663) [16 votes]
  bottom_window_weighted: 5 (conf: 11.459) [16 votes]
  min_window_weighted: 5 (conf: 11.180) [16 votes]
  top10_tail_filtered: 5 (conf: 16.249) [2 votes]
  top10_bottom_window_filtered: 5 (conf: 12.655) [2 votes]

=== Detailed Voting Results ===
----------------------------------------------------------------------
Method                        Answer      Votes  Confidence  Correct
----------------------------------------------------------------------
majority                      5           16     -           ✓
mean_confidence_weighted      5           16     13.277      ✓
tail_confidence_weighted      5           16     15.663      ✓
bottom_window_weighted        5           16     11.459      ✓
min_window_weighted           5           16     11.180      ✓
top10_tail_filtered           5           2      16.249      ✓
top10_bottom_window_filtered  5           2      12.655      ✓
Q59 done | gt=5 | majority:✓, mean_confidence_weighted:✓, tail_confidence_weighted:✓, bottom_window_weighted:✓, min_window_weighted:✓, top10_tail_filtered:✓, top10_bottom_window_filtered:✓
tokens=23706

============================================================
### Q60
============================================================
Ground truth: (6,31,-1)
Trace 0: finished at 8356 tokens | answer=(6,\ 31,\ -1)
Trace 1: finished at 12062 tokens | answer=(6,\ 31,\ -1)
Trace 2: finished at 8842 tokens | answer=(6,\ 35,\ -1)
Trace 3: finished at 11840 tokens | answer=(6,\ 31,\ -1)
Trace 4: finished at 9247 tokens | answer=(6,31,-1)
Trace 5: finished at 13545 tokens | answer=(6,31,-1)
Trace 6: finished at 8281 tokens | answer=(6,\ 31,\ -1)
Trace 7: finished at 9223 tokens | answer=(6,\ 31,\ -1)
Trace 8: finished at 13734 tokens | answer=(6,\ 31,\ -1)
Trace 9: finished at 14402 tokens | answer=(6,\ 31,\ -1)
Trace 10: finished at 9028 tokens | answer=(6,\ 31,\ -1)
Trace 11: finished at 12445 tokens | answer=(6,\ 31,\ -1)
Trace 12: finished at 11413 tokens | answer=(6,\ 31,\ -1)
Trace 13: finished at 11557 tokens | answer=(6,\ 31,\ -1)
Trace 14: finished at 32737 tokens | answer=(6,31,-1)
Trace 15: finished at 10342 tokens | answer=(6,31,-1)

=== Voting Results Summary ===
  majority: (6,\ 31,\ -1) [16 votes]
  mean_confidence_weighted: (6,\ 31,\ -1) (conf: 15.711) [16 votes]
  tail_confidence_weighted: (6,\ 31,\ -1) (conf: 17.555) [16 votes]
  bottom_window_weighted: (6,\ 31,\ -1) (conf: 12.613) [16 votes]
  min_window_weighted: (6,\ 31,\ -1) (conf: 11.577) [16 votes]
  top10_tail_filtered: (6,\ 31,\ -1) (conf: 18.386) [2 votes]
  top10_bottom_window_filtered: (6,\ 31,\ -1) (conf: 13.330) [2 votes]

=== Detailed Voting Results ===
----------------------------------------------------------------------
Method                        Answer      Votes  Confidence  Correct
----------------------------------------------------------------------
majority                      (6,\ 31,\ -1) 16     -           ✗
mean_confidence_weighted      (6,\ 31,\ -1) 16     15.711      ✗
tail_confidence_weighted      (6,\ 31,\ -1) 16     17.555      ✗
bottom_window_weighted        (6,\ 31,\ -1) 16     12.613      ✗
min_window_weighted           (6,\ 31,\ -1) 16     11.577      ✗
top10_tail_filtered           (6,\ 31,\ -1) 2      18.386      ✗
top10_bottom_window_filtered  (6,\ 31,\ -1) 2      13.330      ✗
Q60 done | gt=(6,31,-1) | majority:✗, mean_confidence_weighted:✗, tail_confidence_weighted:✗, bottom_window_weighted:✗, min_window_weighted:✗, top10_tail_filtered:✗, top10_bottom_window_filtered:✗
tokens=197054

============================================================
### Q61
============================================================
Ground truth: -256
Trace 0: finished at 18673 tokens | answer=-256
Trace 1: finished at 26058 tokens | answer=-256
Trace 2: finished at 23357 tokens | answer=-256
Trace 3: finished at 21063 tokens | answer=-256
Trace 4: finished at 16594 tokens | answer=-256
Trace 5: finished at 29350 tokens | answer=-256
Trace 6: finished at 19016 tokens | answer=-256
Trace 7: finished at 20243 tokens | answer=-256
Trace 8: finished at 20482 tokens | answer=-256
Trace 9: finished at 27984 tokens | answer=-256
Trace 10: finished at 22830 tokens | answer=-256
Trace 11: finished at 29631 tokens | answer=-256
Trace 12: finished at 23258 tokens | answer=-256
Trace 13: finished at 25970 tokens | answer=-256
Trace 14: finished at 17870 tokens | answer=-256
Trace 15: finished at 15723 tokens | answer=-256

=== Voting Results Summary ===
  majority: -256 [16 votes]
  mean_confidence_weighted: -256 (conf: 14.715) [16 votes]
  tail_confidence_weighted: -256 (conf: 17.226) [16 votes]
  bottom_window_weighted: -256 (conf: 12.628) [16 votes]
  min_window_weighted: -256 (conf: 11.552) [16 votes]
  top10_tail_filtered: -256 (conf: 17.970) [2 votes]
  top10_bottom_window_filtered: -256 (conf: 13.051) [2 votes]

=== Detailed Voting Results ===
----------------------------------------------------------------------
Method                        Answer      Votes  Confidence  Correct
----------------------------------------------------------------------
majority                      -256        16     -           ✓
mean_confidence_weighted      -256        16     14.715      ✓
tail_confidence_weighted      -256        16     17.226      ✓
bottom_window_weighted        -256        16     12.628      ✓
min_window_weighted           -256        16     11.552      ✓
top10_tail_filtered           -256        2      17.970      ✓
top10_bottom_window_filtered  -256        2      13.051      ✓
Q61 done | gt=-256 | majority:✓, mean_confidence_weighted:✓, tail_confidence_weighted:✓, bottom_window_weighted:✓, min_window_weighted:✓, top10_tail_filtered:✓, top10_bottom_window_filtered:✓
tokens=358102

============================================================
### Q62
============================================================
Ground truth: 4
Trace 0: finished at 9464 tokens | answer=4
Trace 1: finished at 10310 tokens | answer=4
Trace 2: finished at 13162 tokens | answer=4
Trace 3: finished at 9648 tokens | answer=4
Trace 4: finished at 8176 tokens | answer=4
Trace 5: finished at 8276 tokens | answer=4
Trace 6: finished at 8252 tokens | answer=4
Trace 7: finished at 8626 tokens | answer=4
Trace 8: finished at 7514 tokens | answer=4
Trace 9: finished at 9426 tokens | answer=4
Trace 10: finished at 6413 tokens | answer=4
Trace 11: finished at 7269 tokens | answer=4
Trace 12: finished at 9104 tokens | answer=4
Trace 13: finished at 14431 tokens | answer=4
Trace 14: finished at 5834 tokens | answer=4
Trace 15: finished at 7179 tokens | answer=4

=== Voting Results Summary ===
  majority: 4 [16 votes]
  mean_confidence_weighted: 4 (conf: 16.800) [16 votes]
  tail_confidence_weighted: 4 (conf: 18.191) [16 votes]
  bottom_window_weighted: 4 (conf: 13.949) [16 votes]
  min_window_weighted: 4 (conf: 13.049) [16 votes]
  top10_tail_filtered: 4 (conf: 18.948) [2 votes]
  top10_bottom_window_filtered: 4 (conf: 14.470) [2 votes]

=== Detailed Voting Results ===
----------------------------------------------------------------------
Method                        Answer      Votes  Confidence  Correct
----------------------------------------------------------------------
majority                      4           16     -           ✓
mean_confidence_weighted      4           16     16.800      ✓
tail_confidence_weighted      4           16     18.191      ✓
bottom_window_weighted        4           16     13.949      ✓
min_window_weighted           4           16     13.049      ✓
top10_tail_filtered           4           2      18.948      ✓
top10_bottom_window_filtered  4           2      14.470      ✓
Q62 done | gt=4 | majority:✓, mean_confidence_weighted:✓, tail_confidence_weighted:✓, bottom_window_weighted:✓, min_window_weighted:✓, top10_tail_filtered:✓, top10_bottom_window_filtered:✓
tokens=143084

============================================================
### Q63
============================================================
Ground truth: 10
Trace 0: finished at 4611 tokens | answer=10
Trace 1: finished at 7498 tokens | answer=10
Trace 2: finished at 4187 tokens | answer=10
Trace 3: finished at 3598 tokens | answer=10
Trace 4: finished at 3725 tokens | answer=10
Trace 5: finished at 5703 tokens | answer=10
Trace 6: finished at 4926 tokens | answer=10
Trace 7: finished at 5960 tokens | answer=10
Trace 8: finished at 5974 tokens | answer=10
Trace 9: finished at 4200 tokens | answer=10
Trace 10: finished at 5103 tokens | answer=10
Trace 11: finished at 5018 tokens | answer=10
Trace 12: finished at 5886 tokens | answer=10
Trace 13: finished at 8651 tokens | answer=10
Trace 14: finished at 4467 tokens | answer=10
Trace 15: finished at 5912 tokens | answer=10

=== Voting Results Summary ===
  majority: 10 [16 votes]
  mean_confidence_weighted: 10 (conf: 15.515) [16 votes]
  tail_confidence_weighted: 10 (conf: 18.135) [16 votes]
  bottom_window_weighted: 10 (conf: 12.780) [16 votes]
  min_window_weighted: 10 (conf: 12.160) [16 votes]
  top10_tail_filtered: 10 (conf: 18.822) [2 votes]
  top10_bottom_window_filtered: 10 (conf: 13.195) [2 votes]

=== Detailed Voting Results ===
----------------------------------------------------------------------
Method                        Answer      Votes  Confidence  Correct
----------------------------------------------------------------------
majority                      10          16     -           ✓
mean_confidence_weighted      10          16     15.515      ✓
tail_confidence_weighted      10          16     18.135      ✓
bottom_window_weighted        10          16     12.780      ✓
min_window_weighted           10          16     12.160      ✓
top10_tail_filtered           10          2      18.822      ✓
top10_bottom_window_filtered  10          2      13.195      ✓
Q63 done | gt=10 | majority:✓, mean_confidence_weighted:✓, tail_confidence_weighted:✓, bottom_window_weighted:✓, min_window_weighted:✓, top10_tail_filtered:✓, top10_bottom_window_filtered:✓
tokens=85419

============================================================
### Q64
============================================================
Ground truth: \frac{35}{64}
Trace 0: finished at 10197 tokens | answer=\dfrac{35}{64}
Trace 1: finished at 17815 tokens | answer=\dfrac{35}{64}
Trace 2: finished at 24404 tokens | answer=\dfrac{35}{64}
Trace 3: finished at 28305 tokens | answer=-\dfrac{35}{128}
Trace 4: finished at 13953 tokens | answer=\dfrac{35}{64}
Trace 5: finished at 12184 tokens | answer=\dfrac{35}{64}
Trace 6: finished at 9463 tokens | answer=\dfrac{35}{64}
Trace 7: finished at 9242 tokens | answer=\dfrac{35}{64}
Trace 8: finished at 14306 tokens | answer=\dfrac{35}{64}
Trace 9: finished at 11494 tokens | answer=\dfrac{35}{64}
Trace 10: finished at 9309 tokens | answer=\dfrac{35}{64}
Trace 11: finished at 22659 tokens | answer=\dfrac{35}{64}
Trace 12: finished at 12617 tokens | answer=\dfrac{35}{64}
Trace 13: finished at 9471 tokens | answer=\dfrac{35}{64}
Trace 14: finished at 11989 tokens | answer=\dfrac{35}{64}
Trace 15: finished at 13752 tokens | answer=\dfrac{35}{64}

=== Voting Results Summary ===
  majority: \dfrac{35}{64} [16 votes]
  mean_confidence_weighted: \dfrac{35}{64} (conf: 15.600) [16 votes]
  tail_confidence_weighted: \dfrac{35}{64} (conf: 17.556) [16 votes]
  bottom_window_weighted: \dfrac{35}{64} (conf: 12.604) [16 votes]
  min_window_weighted: \dfrac{35}{64} (conf: 11.488) [16 votes]
  top10_tail_filtered: \dfrac{35}{64} (conf: 18.650) [2 votes]
  top10_bottom_window_filtered: \dfrac{35}{64} (conf: 13.259) [2 votes]

=== Detailed Voting Results ===
----------------------------------------------------------------------
Method                        Answer      Votes  Confidence  Correct
----------------------------------------------------------------------
majority                      \dfrac{35}{64} 16     -           ✓
mean_confidence_weighted      \dfrac{35}{64} 16     15.600      ✓
tail_confidence_weighted      \dfrac{35}{64} 16     17.556      ✓
bottom_window_weighted        \dfrac{35}{64} 16     12.604      ✓
min_window_weighted           \dfrac{35}{64} 16     11.488      ✓
top10_tail_filtered           \dfrac{35}{64} 2      18.650      ✓
top10_bottom_window_filtered  \dfrac{35}{64} 2      13.259      ✓
Q64 done | gt=\frac{35}{64} | majority:✓, mean_confidence_weighted:✓, tail_confidence_weighted:✓, bottom_window_weighted:✓, min_window_weighted:✓, top10_tail_filtered:✓, top10_bottom_window_filtered:✓
tokens=231160

============================================================
### Q65
============================================================
Ground truth: 1
Trace 0: finished at 1220 tokens | answer=1
Trace 1: finished at 879 tokens | answer=1
Trace 2: finished at 819 tokens | answer=1
Trace 3: finished at 622 tokens | answer=1
Trace 4: finished at 775 tokens | answer=1
Trace 5: finished at 1159 tokens | answer=1
Trace 6: finished at 750 tokens | answer=1
Trace 7: finished at 663 tokens | answer=1
Trace 8: finished at 590 tokens | answer=1
Trace 9: finished at 1158 tokens | answer=1
Trace 10: finished at 1033 tokens | answer=1
Trace 11: finished at 819 tokens | answer=1
Trace 12: finished at 1379 tokens | answer=1
Trace 13: finished at 1578 tokens | answer=1
Trace 14: finished at 554 tokens | answer=1
Trace 15: finished at 715 tokens | answer=1

=== Voting Results Summary ===
  majority: 1 [16 votes]
  mean_confidence_weighted: 1 (conf: 13.137) [16 votes]
  tail_confidence_weighted: 1 (conf: 14.049) [16 votes]
  bottom_window_weighted: 1 (conf: 12.526) [16 votes]
  min_window_weighted: 1 (conf: 12.388) [16 votes]
  top10_tail_filtered: 1 (conf: 14.875) [2 votes]
  top10_bottom_window_filtered: 1 (conf: 13.028) [2 votes]

=== Detailed Voting Results ===
----------------------------------------------------------------------
Method                        Answer      Votes  Confidence  Correct
----------------------------------------------------------------------
majority                      1           16     -           ✓
mean_confidence_weighted      1           16     13.137      ✓
tail_confidence_weighted      1           16     14.049      ✓
bottom_window_weighted        1           16     12.526      ✓
min_window_weighted           1           16     12.388      ✓
top10_tail_filtered           1           2      14.875      ✓
top10_bottom_window_filtered  1           2      13.028      ✓
Q65 done | gt=1 | majority:✓, mean_confidence_weighted:✓, tail_confidence_weighted:✓, bottom_window_weighted:✓, min_window_weighted:✓, top10_tail_filtered:✓, top10_bottom_window_filtered:✓
tokens=14713

============================================================
### Q66
============================================================
Ground truth: x^3+3x-6
Trace 0: finished at 2433 tokens | answer=x^{3} + 3x - 6
Trace 1: finished at 1657 tokens | answer=x^{3} + 3x - 6
Trace 2: finished at 2833 tokens | answer=x^{3} + 3x - 6
Trace 3: finished at 2358 tokens | answer=x^{3}+3x-6
Trace 4: finished at 3133 tokens | answer=x^{3} + 3x - 6
Trace 5: finished at 2556 tokens | answer=x^{3} + 3x - 6
Trace 6: finished at 1728 tokens | answer=x^{3} + 3x - 6
Trace 7: finished at 2187 tokens | answer=x^{3} + 3x - 6
Trace 8: finished at 2450 tokens | answer=x^{3} + 3x - 6
Trace 9: finished at 3622 tokens | answer=x^{3} + 3x - 6
Trace 10: finished at 3085 tokens | answer=x^{3} + 3x - 6
Trace 11: finished at 2208 tokens | answer=x^{3} + 3x - 6
Trace 12: finished at 2446 tokens | answer=x^{3} + 3x - 6
Trace 13: finished at 7554 tokens | answer=x^3+3x-6
Trace 14: finished at 3179 tokens | answer=x^{3} + 3x - 6
Trace 15: finished at 2778 tokens | answer=x^{3} + 3x - 6

=== Voting Results Summary ===
  majority: x^{3} + 3x - 6 [16 votes]
  mean_confidence_weighted: x^{3} + 3x - 6 (conf: 15.538) [16 votes]
  tail_confidence_weighted: x^{3} + 3x - 6 (conf: 16.663) [16 votes]
  bottom_window_weighted: x^{3} + 3x - 6 (conf: 13.935) [16 votes]
  min_window_weighted: x^{3} + 3x - 6 (conf: 13.457) [16 votes]
  top10_tail_filtered: x^{3} + 3x - 6 (conf: 17.137) [2 votes]
  top10_bottom_window_filtered: x^{3} + 3x - 6 (conf: 14.689) [2 votes]

=== Detailed Voting Results ===
----------------------------------------------------------------------
Method                        Answer      Votes  Confidence  Correct
----------------------------------------------------------------------
majority                      x^{3} + 3x - 6 16     -           ✓
mean_confidence_weighted      x^{3} + 3x - 6 16     15.538      ✓
tail_confidence_weighted      x^{3} + 3x - 6 16     16.663      ✓
bottom_window_weighted        x^{3} + 3x - 6 16     13.935      ✓
min_window_weighted           x^{3} + 3x - 6 16     13.457      ✓
top10_tail_filtered           x^{3} + 3x - 6 2      17.137      ✓
top10_bottom_window_filtered  x^{3} + 3x - 6 2      14.689      ✓
Q66 done | gt=x^3+3x-6 | majority:✓, mean_confidence_weighted:✓, tail_confidence_weighted:✓, bottom_window_weighted:✓, min_window_weighted:✓, top10_tail_filtered:✓, top10_bottom_window_filtered:✓
tokens=46207

============================================================
### Q67
============================================================
Ground truth: 10
Trace 0: finished at 2830 tokens | answer=10
Trace 1: finished at 2265 tokens | answer=10
Trace 2: finished at 3240 tokens | answer=10
Trace 3: finished at 3560 tokens | answer=10
Trace 4: finished at 2943 tokens | answer=10
Trace 5: finished at 2871 tokens | answer=10
Trace 6: finished at 2206 tokens | answer=10
Trace 7: finished at 3170 tokens | answer=10
Trace 8: finished at 2586 tokens | answer=10
Trace 9: finished at 2660 tokens | answer=10
Trace 10: finished at 3658 tokens | answer=10
Trace 11: finished at 3071 tokens | answer=10
Trace 12: finished at 2618 tokens | answer=10
Trace 13: finished at 3062 tokens | answer=10
Trace 14: finished at 2759 tokens | answer=10
Trace 15: finished at 3207 tokens | answer=10

=== Voting Results Summary ===
  majority: 10 [16 votes]
  mean_confidence_weighted: 10 (conf: 11.911) [16 votes]
  tail_confidence_weighted: 10 (conf: 14.772) [16 votes]
  bottom_window_weighted: 10 (conf: 10.376) [16 votes]
  min_window_weighted: 10 (conf: 10.036) [16 votes]
  top10_tail_filtered: 10 (conf: 17.068) [2 votes]
  top10_bottom_window_filtered: 10 (conf: 12.141) [2 votes]

=== Detailed Voting Results ===
----------------------------------------------------------------------
Method                        Answer      Votes  Confidence  Correct
----------------------------------------------------------------------
majority                      10          16     -           ✓
mean_confidence_weighted      10          16     11.911      ✓
tail_confidence_weighted      10          16     14.772      ✓
bottom_window_weighted        10          16     10.376      ✓
min_window_weighted           10          16     10.036      ✓
top10_tail_filtered           10          2      17.068      ✓
top10_bottom_window_filtered  10          2      12.141      ✓
Q67 done | gt=10 | majority:✓, mean_confidence_weighted:✓, tail_confidence_weighted:✓, bottom_window_weighted:✓, min_window_weighted:✓, top10_tail_filtered:✓, top10_bottom_window_filtered:✓
tokens=46706

============================================================
### Q68
============================================================
Ground truth: 46
Trace 0: finished at 9199 tokens | answer=46
Trace 1: finished at 7189 tokens | answer=46
Trace 2: finished at 10727 tokens | answer=46
Trace 3: finished at 7900 tokens | answer=46
Trace 4: finished at 8475 tokens | answer=46
Trace 5: finished at 7667 tokens | answer=46
Trace 6: finished at 7510 tokens | answer=46
Trace 7: finished at 8589 tokens | answer=46
Trace 8: finished at 8394 tokens | answer=46
Trace 9: finished at 8122 tokens | answer=46
Trace 10: finished at 8831 tokens | answer=46
Trace 11: finished at 8495 tokens | answer=46
Trace 12: finished at 9298 tokens | answer=46
Trace 13: finished at 10734 tokens | answer=46
Trace 14: finished at 7976 tokens | answer=46
Trace 15: finished at 8658 tokens | answer=46

=== Voting Results Summary ===
  majority: 46 [16 votes]
  mean_confidence_weighted: 46 (conf: 14.989) [16 votes]
  tail_confidence_weighted: 46 (conf: 16.655) [16 votes]
  bottom_window_weighted: 46 (conf: 12.969) [16 votes]
  min_window_weighted: 46 (conf: 12.196) [16 votes]
  top10_tail_filtered: 46 (conf: 17.622) [2 votes]
  top10_bottom_window_filtered: 46 (conf: 13.315) [2 votes]

=== Detailed Voting Results ===
----------------------------------------------------------------------
Method                        Answer      Votes  Confidence  Correct
----------------------------------------------------------------------
majority                      46          16     -           ✓
mean_confidence_weighted      46          16     14.989      ✓
tail_confidence_weighted      46          16     16.655      ✓
bottom_window_weighted        46          16     12.969      ✓
min_window_weighted           46          16     12.196      ✓
top10_tail_filtered           46          2      17.622      ✓
top10_bottom_window_filtered  46          2      13.315      ✓
Q68 done | gt=46 | majority:✓, mean_confidence_weighted:✓, tail_confidence_weighted:✓, bottom_window_weighted:✓, min_window_weighted:✓, top10_tail_filtered:✓, top10_bottom_window_filtered:✓
tokens=137764

============================================================
### Q69
============================================================
Ground truth: -1
Trace 0: finished at 3181 tokens | answer=-1
Trace 1: finished at 10185 tokens | answer=-1
Trace 2: finished at 4859 tokens | answer=-1
Trace 3: finished at 3990 tokens | answer=-1
Trace 4: finished at 5183 tokens | answer=-1
Trace 5: finished at 4981 tokens | answer=-1
Trace 6: finished at 7233 tokens | answer=-1
Trace 7: finished at 2365 tokens | answer=-1
Trace 8: finished at 4175 tokens | answer=-1
Trace 9: finished at 4482 tokens | answer=-1
Trace 10: finished at 6801 tokens | answer=-1
Trace 11: finished at 5588 tokens | answer=-1
Trace 12: finished at 4847 tokens | answer=-1
Trace 13: finished at 3429 tokens | answer=-1
Trace 14: finished at 7075 tokens | answer=-1
Trace 15: finished at 3155 tokens | answer=-1

=== Voting Results Summary ===
  majority: -1 [16 votes]
  mean_confidence_weighted: -1 (conf: 15.851) [16 votes]
  tail_confidence_weighted: -1 (conf: 16.939) [16 votes]
  bottom_window_weighted: -1 (conf: 13.552) [16 votes]
  min_window_weighted: -1 (conf: 12.837) [16 votes]
  top10_tail_filtered: -1 (conf: 17.680) [2 votes]
  top10_bottom_window_filtered: -1 (conf: 14.243) [2 votes]

=== Detailed Voting Results ===
----------------------------------------------------------------------
Method                        Answer      Votes  Confidence  Correct
----------------------------------------------------------------------
majority                      -1          16     -           ✓
mean_confidence_weighted      -1          16     15.851      ✓
tail_confidence_weighted      -1          16     16.939      ✓
bottom_window_weighted        -1          16     13.552      ✓
min_window_weighted           -1          16     12.837      ✓
top10_tail_filtered           -1          2      17.680      ✓
top10_bottom_window_filtered  -1          2      14.243      ✓
Q69 done | gt=-1 | majority:✓, mean_confidence_weighted:✓, tail_confidence_weighted:✓, bottom_window_weighted:✓, min_window_weighted:✓, top10_tail_filtered:✓, top10_bottom_window_filtered:✓
tokens=81529

============================================================
### Q70
============================================================
Ground truth: 40_9
Trace 0: finished at 3426 tokens | answer=40
Trace 1: finished at 2138 tokens | answer=40
Trace 2: finished at 2142 tokens | answer=40
Trace 3: finished at 2746 tokens | answer=40_9
Trace 4: finished at 3279 tokens | answer=40
Trace 5: finished at 1804 tokens | answer=40_9
Trace 6: finished at 2406 tokens | answer=40_9
Trace 7: finished at 1986 tokens | answer=40_9
Trace 8: finished at 3051 tokens | answer=40
Trace 9: finished at 2430 tokens | answer=40
Trace 10: finished at 3692 tokens | answer=40
Trace 11: finished at 3824 tokens | answer=40
Trace 12: finished at 2943 tokens | answer=40_9
Trace 13: finished at 1311 tokens | answer=40_9
Trace 14: finished at 2588 tokens | answer=40
Trace 15: finished at 2232 tokens | answer=40_9

=== Voting Results Summary ===
  majority: 40 [16 votes]
  mean_confidence_weighted: 40 (conf: 14.172) [16 votes]
  tail_confidence_weighted: 40 (conf: 17.375) [16 votes]
  bottom_window_weighted: 40 (conf: 12.473) [16 votes]
  min_window_weighted: 40 (conf: 12.107) [16 votes]
  top10_tail_filtered: 40 (conf: 17.953) [2 votes]
  top10_bottom_window_filtered: 40_9 (conf: 13.218) [2 votes]

=== Detailed Voting Results ===
----------------------------------------------------------------------
Method                        Answer      Votes  Confidence  Correct
----------------------------------------------------------------------
majority                      40          16     -           ✗
mean_confidence_weighted      40          16     14.172      ✗
tail_confidence_weighted      40          16     17.375      ✗
bottom_window_weighted        40          16     12.473      ✗
min_window_weighted           40          16     12.107      ✗
top10_tail_filtered           40          2      17.953      ✗
top10_bottom_window_filtered  40_9        2      13.218      ✓
Q70 done | gt=40_9 | majority:✗, mean_confidence_weighted:✗, tail_confidence_weighted:✗, bottom_window_weighted:✗, min_window_weighted:✗, top10_tail_filtered:✗, top10_bottom_window_filtered:✓
tokens=41998

============================================================
### Q71
============================================================
Ground truth: 2516_8
Trace 0: finished at 11152 tokens | answer=2516
Trace 1: finished at 5216 tokens | answer=2516
Trace 2: finished at 9258 tokens | answer=2516_8
Trace 3: finished at 3565 tokens | answer=2516
Trace 4: finished at 12813 tokens | answer=2516
Trace 5: finished at 4410 tokens | answer=2516
Trace 6: finished at 7068 tokens | answer=2516
Trace 7: finished at 6665 tokens | answer=2516
Trace 8: finished at 10718 tokens | answer=2516
Trace 9: finished at 16135 tokens | answer=2516
Trace 10: finished at 7018 tokens | answer=2516
Trace 11: finished at 13371 tokens | answer=2516
Trace 12: finished at 3063 tokens | answer=2516
Trace 13: finished at 16768 tokens | answer=2516
Trace 14: finished at 5369 tokens | answer=2516
Trace 15: finished at 5038 tokens | answer=2516

=== Voting Results Summary ===
  majority: 2516 [16 votes]
  mean_confidence_weighted: 2516 (conf: 13.878) [16 votes]
  tail_confidence_weighted: 2516 (conf: 16.259) [16 votes]
  bottom_window_weighted: 2516 (conf: 11.734) [16 votes]
  min_window_weighted: 2516 (conf: 10.994) [16 votes]
  top10_tail_filtered: 2516 (conf: 17.030) [2 votes]
  top10_bottom_window_filtered: 2516 (conf: 12.549) [2 votes]

=== Detailed Voting Results ===
----------------------------------------------------------------------
Method                        Answer      Votes  Confidence  Correct
----------------------------------------------------------------------
majority                      2516        16     -           ✗
mean_confidence_weighted      2516        16     13.878      ✗
tail_confidence_weighted      2516        16     16.259      ✗
bottom_window_weighted        2516        16     11.734      ✗
min_window_weighted           2516        16     10.994      ✗
top10_tail_filtered           2516        2      17.030      ✗
top10_bottom_window_filtered  2516        2      12.549      ✗
Q71 done | gt=2516_8 | majority:✗, mean_confidence_weighted:✗, tail_confidence_weighted:✗, bottom_window_weighted:✗, min_window_weighted:✗, top10_tail_filtered:✗, top10_bottom_window_filtered:✗
tokens=137627

============================================================
### Q72
============================================================
Ground truth: 3
Trace 0: finished at 2105 tokens | answer=3
Trace 1: finished at 1459 tokens | answer=3
Trace 2: finished at 2579 tokens | answer=3
Trace 3: finished at 3195 tokens | answer=3
Trace 4: finished at 2799 tokens | answer=3
Trace 5: finished at 2955 tokens | answer=3
Trace 6: finished at 3941 tokens | answer=3
Trace 7: finished at 3989 tokens | answer=3
Trace 8: finished at 2339 tokens | answer=3
Trace 9: finished at 2211 tokens | answer=3
Trace 10: finished at 2520 tokens | answer=3
Trace 11: finished at 3384 tokens | answer=3
Trace 12: finished at 3900 tokens | answer=3
Trace 13: finished at 1983 tokens | answer=3
Trace 14: finished at 4185 tokens | answer=3
Trace 15: finished at 4205 tokens | answer=3

=== Voting Results Summary ===
  majority: 3 [16 votes]
  mean_confidence_weighted: 3 (conf: 15.012) [16 votes]
  tail_confidence_weighted: 3 (conf: 18.065) [16 votes]
  bottom_window_weighted: 3 (conf: 12.317) [16 votes]
  min_window_weighted: 3 (conf: 11.879) [16 votes]
  top10_tail_filtered: 3 (conf: 18.630) [2 votes]
  top10_bottom_window_filtered: 3 (conf: 12.839) [2 votes]

=== Detailed Voting Results ===
----------------------------------------------------------------------
Method                        Answer      Votes  Confidence  Correct
----------------------------------------------------------------------
majority                      3           16     -           ✓
mean_confidence_weighted      3           16     15.012      ✓
tail_confidence_weighted      3           16     18.065      ✓
bottom_window_weighted        3           16     12.317      ✓
min_window_weighted           3           16     11.879      ✓
top10_tail_filtered           3           2      18.630      ✓
top10_bottom_window_filtered  3           2      12.839      ✓
Q72 done | gt=3 | majority:✓, mean_confidence_weighted:✓, tail_confidence_weighted:✓, bottom_window_weighted:✓, min_window_weighted:✓, top10_tail_filtered:✓, top10_bottom_window_filtered:✓
tokens=47749

============================================================
### Q73
============================================================
Ground truth: \frac{3\sqrt{3}}{4}
Trace 0: finished at 4240 tokens | answer=\dfrac{3\sqrt{3}}{4}
Trace 1: finished at 6814 tokens | answer=\dfrac{3\sqrt{3}}{4}
Trace 2: finished at 3746 tokens | answer=\dfrac{3\sqrt{3}}{4}
Trace 3: finished at 5527 tokens | answer=\dfrac{3\sqrt{3}}{4}
Trace 4: finished at 3185 tokens | answer=\dfrac{3\sqrt{3}}{4}
Trace 5: finished at 4252 tokens | answer=\dfrac{3\sqrt{3}}{4}
Trace 6: finished at 4359 tokens | answer=\dfrac{3\sqrt{3}}{4}
Trace 7: finished at 2418 tokens | answer=\dfrac{3\sqrt{3}}{4}
Trace 8: finished at 3146 tokens | answer=\dfrac{3\sqrt{3}}{4}
Trace 9: finished at 2850 tokens | answer=\dfrac{3\sqrt{3}}{4}
Trace 10: finished at 3534 tokens | answer=\dfrac{3\sqrt{3}}{4}
Trace 11: finished at 2795 tokens | answer=\dfrac{3\sqrt{3}}{4}
Trace 12: finished at 5852 tokens | answer=\dfrac{3\sqrt{3}}{4}
Trace 13: finished at 3174 tokens | answer=\dfrac{3\sqrt{3}}{4}
Trace 14: finished at 2714 tokens | answer=\dfrac{3\sqrt{3}}{4}
Trace 15: finished at 4238 tokens | answer=\dfrac{3\sqrt{3}}{4}

=== Voting Results Summary ===
  majority: \dfrac{3\sqrt{3}}{4} [16 votes]
  mean_confidence_weighted: \dfrac{3\sqrt{3}}{4} (conf: 15.317) [16 votes]
  tail_confidence_weighted: \dfrac{3\sqrt{3}}{4} (conf: 18.111) [16 votes]
  bottom_window_weighted: \dfrac{3\sqrt{3}}{4} (conf: 13.550) [16 votes]
  min_window_weighted: \dfrac{3\sqrt{3}}{4} (conf: 13.100) [16 votes]
  top10_tail_filtered: \dfrac{3\sqrt{3}}{4} (conf: 18.598) [2 votes]
  top10_bottom_window_filtered: \dfrac{3\sqrt{3}}{4} (conf: 13.834) [2 votes]

=== Detailed Voting Results ===
----------------------------------------------------------------------
Method                        Answer      Votes  Confidence  Correct
----------------------------------------------------------------------
majority                      \dfrac{3\sqrt{3}}{4} 16     -           ✓
mean_confidence_weighted      \dfrac{3\sqrt{3}}{4} 16     15.317      ✓
tail_confidence_weighted      \dfrac{3\sqrt{3}}{4} 16     18.111      ✓
bottom_window_weighted        \dfrac{3\sqrt{3}}{4} 16     13.550      ✓
min_window_weighted           \dfrac{3\sqrt{3}}{4} 16     13.100      ✓
top10_tail_filtered           \dfrac{3\sqrt{3}}{4} 2      18.598      ✓
top10_bottom_window_filtered  \dfrac{3\sqrt{3}}{4} 2      13.834      ✓
Q73 done | gt=\frac{3\sqrt{3}}{4} | majority:✓, mean_confidence_weighted:✓, tail_confidence_weighted:✓, bottom_window_weighted:✓, min_window_weighted:✓, top10_tail_filtered:✓, top10_bottom_window_filtered:✓
tokens=62844

============================================================
### Q74
============================================================
Ground truth: \cot x
Trace 0: finished at 2638 tokens | answer=\cot x
Trace 1: finished at 3446 tokens | answer=\cot x
Trace 2: finished at 2999 tokens | answer=\cot x
Trace 3: finished at 2978 tokens | answer=\cot x
Trace 4: finished at 5254 tokens | answer=\cot x
Trace 5: finished at 2625 tokens | answer=\cot x
Trace 6: finished at 2557 tokens | answer=\cot x
Trace 7: finished at 2953 tokens | answer=\cot x
Trace 8: finished at 3043 tokens | answer=\cot x
Trace 9: finished at 2649 tokens | answer=\cot x
Trace 10: finished at 4864 tokens | answer=\cot x
Trace 11: finished at 2619 tokens | answer=\cot x
Trace 12: finished at 2821 tokens | answer=\cot x
Trace 13: finished at 2009 tokens | answer=\cot x
Trace 14: finished at 3607 tokens | answer=\cot x
Trace 15: finished at 2832 tokens | answer=\cot x

=== Voting Results Summary ===
  majority: \cot x [16 votes]
  mean_confidence_weighted: \cot x (conf: 16.199) [16 votes]
  tail_confidence_weighted: \cot x (conf: 17.971) [16 votes]
  bottom_window_weighted: \cot x (conf: 13.663) [16 votes]
  min_window_weighted: \cot x (conf: 13.127) [16 votes]
  top10_tail_filtered: \cot x (conf: 18.382) [2 votes]
  top10_bottom_window_filtered: \cot x (conf: 14.910) [2 votes]

=== Detailed Voting Results ===
----------------------------------------------------------------------
Method                        Answer      Votes  Confidence  Correct
----------------------------------------------------------------------
majority                      \cot x      16     -           ✓
mean_confidence_weighted      \cot x      16     16.199      ✓
tail_confidence_weighted      \cot x      16     17.971      ✓
bottom_window_weighted        \cot x      16     13.663      ✓
min_window_weighted           \cot x      16     13.127      ✓
top10_tail_filtered           \cot x      2      18.382      ✓
top10_bottom_window_filtered  \cot x      2      14.910      ✓
Q74 done | gt=\cot x | majority:✓, mean_confidence_weighted:✓, tail_confidence_weighted:✓, bottom_window_weighted:✓, min_window_weighted:✓, top10_tail_filtered:✓, top10_bottom_window_filtered:✓
tokens=49894

============================================================
### Q75
============================================================
Ground truth: \frac{11}{36}
Trace 0: finished at 5617 tokens | answer=\dfrac{11}{36}
Trace 1: finished at 4081 tokens | answer=\dfrac{11}{36}
Trace 2: finished at 3052 tokens | answer=\dfrac{11}{36}
Trace 3: finished at 4042 tokens | answer=\dfrac{11}{36}
Trace 4: finished at 4448 tokens | answer=\dfrac{11}{36}
Trace 5: finished at 3484 tokens | answer=\dfrac{11}{36}
Trace 6: finished at 4977 tokens | answer=\dfrac{11}{36}
Trace 7: finished at 5063 tokens | answer=\dfrac{11}{36}
Trace 8: finished at 4044 tokens | answer=\dfrac{11}{36}
Trace 9: finished at 3002 tokens | answer=\dfrac{11}{36}
Trace 10: finished at 4298 tokens | answer=\dfrac{11}{36}
Trace 11: finished at 3184 tokens | answer=\dfrac{11}{36}
Trace 12: finished at 4385 tokens | answer=\dfrac{11}{36}
Trace 13: finished at 3399 tokens | answer=\dfrac{11}{36}
Trace 14: finished at 4943 tokens | answer=\dfrac{11}{36}
Trace 15: finished at 2402 tokens | answer=\dfrac{11}{36}

=== Voting Results Summary ===
  majority: \dfrac{11}{36} [16 votes]
  mean_confidence_weighted: \dfrac{11}{36} (conf: 15.233) [16 votes]
  tail_confidence_weighted: \dfrac{11}{36} (conf: 18.778) [16 votes]
  bottom_window_weighted: \dfrac{11}{36} (conf: 13.242) [16 votes]
  min_window_weighted: \dfrac{11}{36} (conf: 12.660) [16 votes]
  top10_tail_filtered: \dfrac{11}{36} (conf: 19.356) [2 votes]
  top10_bottom_window_filtered: \dfrac{11}{36} (conf: 13.953) [2 votes]

=== Detailed Voting Results ===
----------------------------------------------------------------------
Method                        Answer      Votes  Confidence  Correct
----------------------------------------------------------------------
majority                      \dfrac{11}{36} 16     -           ✓
mean_confidence_weighted      \dfrac{11}{36} 16     15.233      ✓
tail_confidence_weighted      \dfrac{11}{36} 16     18.778      ✓
bottom_window_weighted        \dfrac{11}{36} 16     13.242      ✓
min_window_weighted           \dfrac{11}{36} 16     12.660      ✓
top10_tail_filtered           \dfrac{11}{36} 2      19.356      ✓
top10_bottom_window_filtered  \dfrac{11}{36} 2      13.953      ✓
Q75 done | gt=\frac{11}{36} | majority:✓, mean_confidence_weighted:✓, tail_confidence_weighted:✓, bottom_window_weighted:✓, min_window_weighted:✓, top10_tail_filtered:✓, top10_bottom_window_filtered:✓
tokens=64421

============================================================
### Q76
============================================================
Ground truth: 0
Trace 0: finished at 8699 tokens | answer=0
Trace 1: finished at 5436 tokens | answer=0
Trace 2: finished at 7342 tokens | answer=0
Trace 3: finished at 9441 tokens | answer=0
Trace 4: finished at 11130 tokens | answer=0
Trace 5: finished at 6546 tokens | answer=0
Trace 6: finished at 9722 tokens | answer=0
Trace 7: finished at 8471 tokens | answer=0
Trace 8: finished at 10306 tokens | answer=0
Trace 9: finished at 7219 tokens | answer=0
Trace 10: finished at 6246 tokens | answer=0
Trace 11: finished at 9461 tokens | answer=0
Trace 12: finished at 10610 tokens | answer=0
Trace 13: finished at 7359 tokens | answer=0
Trace 14: finished at 9755 tokens | answer=0
Trace 15: finished at 8595 tokens | answer=0

=== Voting Results Summary ===
  majority: 0 [16 votes]
  mean_confidence_weighted: 0 (conf: 12.982) [16 votes]
  tail_confidence_weighted: 0 (conf: 16.235) [16 votes]
  bottom_window_weighted: 0 (conf: 11.990) [16 votes]
  min_window_weighted: 0 (conf: 11.558) [16 votes]
  top10_tail_filtered: 0 (conf: 17.314) [2 votes]
  top10_bottom_window_filtered: 0 (conf: 12.321) [2 votes]

=== Detailed Voting Results ===
----------------------------------------------------------------------
Method                        Answer      Votes  Confidence  Correct
----------------------------------------------------------------------
majority                      0           16     -           ✓
mean_confidence_weighted      0           16     12.982      ✓
tail_confidence_weighted      0           16     16.235      ✓
bottom_window_weighted        0           16     11.990      ✓
min_window_weighted           0           16     11.558      ✓
top10_tail_filtered           0           2      17.314      ✓
top10_bottom_window_filtered  0           2      12.321      ✓
Q76 done | gt=0 | majority:✓, mean_confidence_weighted:✓, tail_confidence_weighted:✓, bottom_window_weighted:✓, min_window_weighted:✓, top10_tail_filtered:✓, top10_bottom_window_filtered:✓
tokens=136338

============================================================
### Q77
============================================================
Ground truth: 4
Trace 0: finished at 751 tokens | answer=4
Trace 1: finished at 1032 tokens | answer=4
Trace 2: finished at 935 tokens | answer=4
Trace 3: finished at 737 tokens | answer=4
Trace 4: finished at 899 tokens | answer=4
Trace 5: finished at 1020 tokens | answer=4
Trace 6: finished at 744 tokens | answer=4
Trace 7: finished at 754 tokens | answer=4
Trace 8: finished at 845 tokens | answer=4
Trace 9: finished at 1042 tokens | answer=4
Trace 10: finished at 580 tokens | answer=4
Trace 11: finished at 803 tokens | answer=4
Trace 12: finished at 919 tokens | answer=4
Trace 13: finished at 816 tokens | answer=4
Trace 14: finished at 869 tokens | answer=4
Trace 15: finished at 587 tokens | answer=4

=== Voting Results Summary ===
  majority: 4 [16 votes]
  mean_confidence_weighted: 4 (conf: 15.376) [16 votes]
  tail_confidence_weighted: 4 (conf: 16.939) [16 votes]
  bottom_window_weighted: 4 (conf: 13.966) [16 votes]
  min_window_weighted: 4 (conf: 13.823) [16 votes]
  top10_tail_filtered: 4 (conf: 17.959) [2 votes]
  top10_bottom_window_filtered: 4 (conf: 15.056) [2 votes]

=== Detailed Voting Results ===
----------------------------------------------------------------------
Method                        Answer      Votes  Confidence  Correct
----------------------------------------------------------------------
majority                      4           16     -           ✓
mean_confidence_weighted      4           16     15.376      ✓
tail_confidence_weighted      4           16     16.939      ✓
bottom_window_weighted        4           16     13.966      ✓
min_window_weighted           4           16     13.823      ✓
top10_tail_filtered           4           2      17.959      ✓
top10_bottom_window_filtered  4           2      15.056      ✓
Q77 done | gt=4 | majority:✓, mean_confidence_weighted:✓, tail_confidence_weighted:✓, bottom_window_weighted:✓, min_window_weighted:✓, top10_tail_filtered:✓, top10_bottom_window_filtered:✓
tokens=13333

============================================================
### Q78
============================================================
Ground truth: (-2,1)
Trace 0: finished at 4640 tokens | answer=(-2,\ 1)
Trace 1: finished at 3973 tokens | answer=(-2,\ 1)
Trace 2: finished at 5780 tokens | answer=(-2,\ 1)
Trace 3: finished at 3314 tokens | answer=(-2,\ 1)
Trace 4: finished at 3276 tokens | answer=(-2,\ 1)
Trace 5: finished at 3498 tokens | answer=(-2,\ 1)
Trace 6: finished at 5450 tokens | answer=(-2,\ 1)
Trace 7: finished at 5355 tokens | answer=(-2,\ 1)
Trace 8: finished at 4861 tokens | answer=(-2,\ 1)
Trace 9: finished at 3525 tokens | answer=(-2,\ 1)
Trace 10: finished at 5031 tokens | answer=(-2,\ 1)
Trace 11: finished at 3858 tokens | answer=(-2,\ 1)
Trace 12: finished at 5303 tokens | answer=(-2,\ 1)
Trace 13: finished at 3594 tokens | answer=(-2,\ 1)
Trace 14: finished at 3288 tokens | answer=(-2,\ 1)
Trace 15: finished at 3431 tokens | answer=(-2,\ 1)

=== Voting Results Summary ===
  majority: (-2,\ 1) [16 votes]
  mean_confidence_weighted: (-2,\ 1) (conf: 16.828) [16 votes]
  tail_confidence_weighted: (-2,\ 1) (conf: 17.452) [16 votes]
  bottom_window_weighted: (-2,\ 1) (conf: 14.000) [16 votes]
  min_window_weighted: (-2,\ 1) (conf: 13.306) [16 votes]
  top10_tail_filtered: (-2,\ 1) (conf: 18.135) [2 votes]
  top10_bottom_window_filtered: (-2,\ 1) (conf: 14.599) [2 votes]

=== Detailed Voting Results ===
----------------------------------------------------------------------
Method                        Answer      Votes  Confidence  Correct
----------------------------------------------------------------------
majority                      (-2,\ 1)    16     -           ✗
mean_confidence_weighted      (-2,\ 1)    16     16.828      ✗
tail_confidence_weighted      (-2,\ 1)    16     17.452      ✗
bottom_window_weighted        (-2,\ 1)    16     14.000      ✗
min_window_weighted           (-2,\ 1)    16     13.306      ✗
top10_tail_filtered           (-2,\ 1)    2      18.135      ✗
top10_bottom_window_filtered  (-2,\ 1)    2      14.599      ✗
Q78 done | gt=(-2,1) | majority:✗, mean_confidence_weighted:✗, tail_confidence_weighted:✗, bottom_window_weighted:✗, min_window_weighted:✗, top10_tail_filtered:✗, top10_bottom_window_filtered:✗
tokens=68177

============================================================
### Q79
============================================================
Ground truth: 2
Trace 0: finished at 760 tokens | answer=2
Trace 1: finished at 710 tokens | answer=2
Trace 2: finished at 878 tokens | answer=2
Trace 3: finished at 736 tokens | answer=2
Trace 4: finished at 1111 tokens | answer=2
Trace 5: finished at 658 tokens | answer=2
Trace 6: finished at 481 tokens | answer=2
Trace 7: finished at 832 tokens | answer=2
Trace 8: finished at 667 tokens | answer=2
Trace 9: finished at 636 tokens | answer=2
Trace 10: finished at 745 tokens | answer=2
Trace 11: finished at 1006 tokens | answer=2
Trace 12: finished at 747 tokens | answer=2
Trace 13: finished at 844 tokens | answer=2
Trace 14: finished at 1426 tokens | answer=2
Trace 15: finished at 931 tokens | answer=2

=== Voting Results Summary ===
  majority: 2 [16 votes]
  mean_confidence_weighted: 2 (conf: 15.656) [16 votes]
  tail_confidence_weighted: 2 (conf: 17.277) [16 votes]
  bottom_window_weighted: 2 (conf: 14.392) [16 votes]
  min_window_weighted: 2 (conf: 14.226) [16 votes]
  top10_tail_filtered: 2 (conf: 17.708) [2 votes]
  top10_bottom_window_filtered: 2 (conf: 15.300) [2 votes]

=== Detailed Voting Results ===
----------------------------------------------------------------------
Method                        Answer      Votes  Confidence  Correct
----------------------------------------------------------------------
majority                      2           16     -           ✓
mean_confidence_weighted      2           16     15.656      ✓
tail_confidence_weighted      2           16     17.277      ✓
bottom_window_weighted        2           16     14.392      ✓
min_window_weighted           2           16     14.226      ✓
top10_tail_filtered           2           2      17.708      ✓
top10_bottom_window_filtered  2           2      15.300      ✓
Q79 done | gt=2 | majority:✓, mean_confidence_weighted:✓, tail_confidence_weighted:✓, bottom_window_weighted:✓, min_window_weighted:✓, top10_tail_filtered:✓, top10_bottom_window_filtered:✓
tokens=13168

============================================================
### Q80
============================================================
Ground truth: 501
Trace 0: finished at 18261 tokens | answer=501
Trace 1: finished at 17534 tokens | answer=501
Trace 2: finished at 17656 tokens | answer=501
Trace 3: finished at 18824 tokens | answer=501
Trace 4: finished at 17154 tokens | answer=501
Trace 5: finished at 18813 tokens | answer=501
Trace 6: finished at 14489 tokens | answer=501
Trace 7: finished at 20326 tokens | answer=501
Trace 8: finished at 15474 tokens | answer=501
Trace 9: finished at 16205 tokens | answer=501
Trace 10: finished at 20557 tokens | answer=501
Trace 11: finished at 19248 tokens | answer=501
Trace 12: finished at 15077 tokens | answer=501
Trace 13: finished at 15739 tokens | answer=501
Trace 14: finished at 16243 tokens | answer=501
Trace 15: finished at 17546 tokens | answer=501

=== Voting Results Summary ===
  majority: 501 [16 votes]
  mean_confidence_weighted: 501 (conf: 15.272) [16 votes]
  tail_confidence_weighted: 501 (conf: 18.334) [16 votes]
  bottom_window_weighted: 501 (conf: 13.512) [16 votes]
  min_window_weighted: 501 (conf: 12.709) [16 votes]
  top10_tail_filtered: 501 (conf: 19.373) [2 votes]
  top10_bottom_window_filtered: 501 (conf: 13.883) [2 votes]

=== Detailed Voting Results ===
----------------------------------------------------------------------
Method                        Answer      Votes  Confidence  Correct
----------------------------------------------------------------------
majority                      501         16     -           ✓
mean_confidence_weighted      501         16     15.272      ✓
tail_confidence_weighted      501         16     18.334      ✓
bottom_window_weighted        501         16     13.512      ✓
min_window_weighted           501         16     12.709      ✓
top10_tail_filtered           501         2      19.373      ✓
top10_bottom_window_filtered  501         2      13.883      ✓
Q80 done | gt=501 | majority:✓, mean_confidence_weighted:✓, tail_confidence_weighted:✓, bottom_window_weighted:✓, min_window_weighted:✓, top10_tail_filtered:✓, top10_bottom_window_filtered:✓
tokens=279146

============================================================
### Q81
============================================================
Ground truth: 3
Trace 0: finished at 2069 tokens | answer=3
Trace 1: finished at 2697 tokens | answer=3
Trace 2: finished at 2582 tokens | answer=3
Trace 3: finished at 2008 tokens | answer=3
Trace 4: finished at 1712 tokens | answer=3
Trace 5: finished at 1583 tokens | answer=3
Trace 6: finished at 2402 tokens | answer=3
Trace 7: finished at 1814 tokens | answer=3
Trace 8: finished at 2343 tokens | answer=3
Trace 9: finished at 1909 tokens | answer=3
Trace 10: finished at 1451 tokens | answer=3
Trace 11: finished at 1992 tokens | answer=3
Trace 12: finished at 2210 tokens | answer=3
Trace 13: finished at 1545 tokens | answer=3
Trace 14: finished at 2368 tokens | answer=3
Trace 15: finished at 1782 tokens | answer=3

=== Voting Results Summary ===
  majority: 3 [16 votes]
  mean_confidence_weighted: 3 (conf: 13.006) [16 votes]
  tail_confidence_weighted: 3 (conf: 14.539) [16 votes]
  bottom_window_weighted: 3 (conf: 11.243) [16 votes]
  min_window_weighted: 3 (conf: 10.866) [16 votes]
  top10_tail_filtered: 3 (conf: 15.630) [2 votes]
  top10_bottom_window_filtered: 3 (conf: 12.305) [2 votes]

=== Detailed Voting Results ===
----------------------------------------------------------------------
Method                        Answer      Votes  Confidence  Correct
----------------------------------------------------------------------
majority                      3           16     -           ✓
mean_confidence_weighted      3           16     13.006      ✓
tail_confidence_weighted      3           16     14.539      ✓
bottom_window_weighted        3           16     11.243      ✓
min_window_weighted           3           16     10.866      ✓
top10_tail_filtered           3           2      15.630      ✓
top10_bottom_window_filtered  3           2      12.305      ✓
Q81 done | gt=3 | majority:✓, mean_confidence_weighted:✓, tail_confidence_weighted:✓, bottom_window_weighted:✓, min_window_weighted:✓, top10_tail_filtered:✓, top10_bottom_window_filtered:✓
tokens=32467

============================================================
### Q82
============================================================
Ground truth: \frac{3}{2}
Trace 0: finished at 18617 tokens | answer=\dfrac{3}{2}
Trace 1: finished at 14249 tokens | answer=\dfrac{3}{2}
Trace 2: finished at 13816 tokens | answer=\dfrac{3}{2}
Trace 3: finished at 15180 tokens | answer=\dfrac{3}{2}
Trace 4: finished at 21994 tokens | answer=\dfrac{3}{2}
Trace 5: finished at 21534 tokens | answer=\dfrac{3}{2}
Trace 6: finished at 23982 tokens | answer=3
Trace 7: finished at 17125 tokens | answer=\dfrac{3}{2}
Trace 8: finished at 29475 tokens | answer=\dfrac{3}{2}
Trace 9: finished at 18911 tokens | answer=\dfrac{3}{2}
Trace 10: finished at 23446 tokens | answer=\dfrac{3}{2}
Trace 11: finished at 16845 tokens | answer=\dfrac{3}{2}
Trace 12: finished at 16637 tokens | answer=\dfrac{3}{2}
Trace 13: finished at 19346 tokens | answer=\dfrac{3}{2}
Trace 14: finished at 20414 tokens | answer=\dfrac{3}{2}
Trace 15: finished at 17566 tokens | answer=\dfrac{3}{2}

=== Voting Results Summary ===
  majority: \dfrac{3}{2} [16 votes]
  mean_confidence_weighted: \dfrac{3}{2} (conf: 14.389) [16 votes]
  tail_confidence_weighted: \dfrac{3}{2} (conf: 16.431) [16 votes]
  bottom_window_weighted: \dfrac{3}{2} (conf: 12.644) [16 votes]
  min_window_weighted: \dfrac{3}{2} (conf: 11.581) [16 votes]
  top10_tail_filtered: \dfrac{3}{2} (conf: 17.310) [2 votes]
  top10_bottom_window_filtered: \dfrac{3}{2} (conf: 12.891) [2 votes]

=== Detailed Voting Results ===
----------------------------------------------------------------------
Method                        Answer      Votes  Confidence  Correct
----------------------------------------------------------------------
majority                      \dfrac{3}{2} 16     -           ✓
mean_confidence_weighted      \dfrac{3}{2} 16     14.389      ✓
tail_confidence_weighted      \dfrac{3}{2} 16     16.431      ✓
bottom_window_weighted        \dfrac{3}{2} 16     12.644      ✓
min_window_weighted           \dfrac{3}{2} 16     11.581      ✓
top10_tail_filtered           \dfrac{3}{2} 2      17.310      ✓
top10_bottom_window_filtered  \dfrac{3}{2} 2      12.891      ✓
Q82 done | gt=\frac{3}{2} | majority:✓, mean_confidence_weighted:✓, tail_confidence_weighted:✓, bottom_window_weighted:✓, min_window_weighted:✓, top10_tail_filtered:✓, top10_bottom_window_filtered:✓
tokens=309137

============================================================
### Q83
============================================================
Ground truth: 2
Trace 0: finished at 8445 tokens | answer=2
Trace 1: finished at 15200 tokens | answer=2
Trace 2: finished at 5387 tokens | answer=2
Trace 3: finished at 6446 tokens | answer=2
Trace 4: finished at 7147 tokens | answer=2
Trace 5: finished at 8806 tokens | answer=2
Trace 6: finished at 13001 tokens | answer=2
Trace 7: finished at 6500 tokens | answer=2
Trace 8: finished at 12657 tokens | answer=2
Trace 9: finished at 8014 tokens | answer=2
Trace 10: finished at 3764 tokens | answer=2
Trace 11: finished at 6171 tokens | answer=2
Trace 12: finished at 7691 tokens | answer=2
Trace 13: finished at 4928 tokens | answer=2
Trace 14: finished at 10163 tokens | answer=2
Trace 15: finished at 10247 tokens | answer=2

=== Voting Results Summary ===
  majority: 2 [16 votes]
  mean_confidence_weighted: 2 (conf: 15.691) [16 votes]
  tail_confidence_weighted: 2 (conf: 17.002) [16 votes]
  bottom_window_weighted: 2 (conf: 13.835) [16 votes]
  min_window_weighted: 2 (conf: 13.086) [16 votes]
  top10_tail_filtered: 2 (conf: 17.808) [2 votes]
  top10_bottom_window_filtered: 2 (conf: 14.411) [2 votes]

=== Detailed Voting Results ===
----------------------------------------------------------------------
Method                        Answer      Votes  Confidence  Correct
----------------------------------------------------------------------
majority                      2           16     -           ✓
mean_confidence_weighted      2           16     15.691      ✓
tail_confidence_weighted      2           16     17.002      ✓
bottom_window_weighted        2           16     13.835      ✓
min_window_weighted           2           16     13.086      ✓
top10_tail_filtered           2           2      17.808      ✓
top10_bottom_window_filtered  2           2      14.411      ✓
Q83 done | gt=2 | majority:✓, mean_confidence_weighted:✓, tail_confidence_weighted:✓, bottom_window_weighted:✓, min_window_weighted:✓, top10_tail_filtered:✓, top10_bottom_window_filtered:✓
tokens=134567

============================================================
### Q84
============================================================
Ground truth: -1
Trace 0: finished at 2035 tokens | answer=-1
Trace 1: finished at 1638 tokens | answer=-1
Trace 2: finished at 1205 tokens | answer=-1
Trace 3: finished at 1993 tokens | answer=-1
Trace 4: finished at 1709 tokens | answer=-1
Trace 5: finished at 2389 tokens | answer=-1
Trace 6: finished at 2291 tokens | answer=-1
Trace 7: finished at 1890 tokens | answer=-1
Trace 8: finished at 1838 tokens | answer=-1
Trace 9: finished at 1832 tokens | answer=-1
Trace 10: finished at 3534 tokens | answer=-1
Trace 11: finished at 1949 tokens | answer=-1
Trace 12: finished at 1801 tokens | answer=-1
Trace 13: finished at 2361 tokens | answer=-1
Trace 14: finished at 1813 tokens | answer=-1
Trace 15: finished at 1966 tokens | answer=-1

=== Voting Results Summary ===
  majority: -1 [16 votes]
  mean_confidence_weighted: -1 (conf: 16.619) [16 votes]
  tail_confidence_weighted: -1 (conf: 17.440) [16 votes]
  bottom_window_weighted: -1 (conf: 14.274) [16 votes]
  min_window_weighted: -1 (conf: 13.815) [16 votes]
  top10_tail_filtered: -1 (conf: 18.093) [2 votes]
  top10_bottom_window_filtered: -1 (conf: 15.631) [2 votes]

=== Detailed Voting Results ===
----------------------------------------------------------------------
Method                        Answer      Votes  Confidence  Correct
----------------------------------------------------------------------
majority                      -1          16     -           ✓
mean_confidence_weighted      -1          16     16.619      ✓
tail_confidence_weighted      -1          16     17.440      ✓
bottom_window_weighted        -1          16     14.274      ✓
min_window_weighted           -1          16     13.815      ✓
top10_tail_filtered           -1          2      18.093      ✓
top10_bottom_window_filtered  -1          2      15.631      ✓
Q84 done | gt=-1 | majority:✓, mean_confidence_weighted:✓, tail_confidence_weighted:✓, bottom_window_weighted:✓, min_window_weighted:✓, top10_tail_filtered:✓, top10_bottom_window_filtered:✓
tokens=32244

============================================================
### Q85
============================================================
Ground truth: \sqrt{5}
Trace 0: finished at 1302 tokens | answer=\sqrt{5}
Trace 1: finished at 1689 tokens | answer=\sqrt{5}
Trace 2: finished at 2673 tokens | answer=\sqrt{5}
Trace 3: finished at 2080 tokens | answer=\sqrt{5}
Trace 4: finished at 1310 tokens | answer=\sqrt{5}
Trace 5: finished at 1892 tokens | answer=\sqrt{5}
Trace 6: finished at 1600 tokens | answer=\sqrt{5}
Trace 7: finished at 1429 tokens | answer=\sqrt{5}
Trace 8: finished at 2118 tokens | answer=\sqrt{5}
Trace 9: finished at 1793 tokens | answer=\sqrt{5}
Trace 10: finished at 2618 tokens | answer=\sqrt{5}
Trace 11: finished at 2312 tokens | answer=\sqrt{5}
Trace 12: finished at 1174 tokens | answer=\sqrt{5}
Trace 13: finished at 1919 tokens | answer=\sqrt{5}
Trace 14: finished at 1219 tokens | answer=\sqrt{5}
Trace 15: finished at 2166 tokens | answer=\sqrt{5}

=== Voting Results Summary ===
  majority: \sqrt{5} [16 votes]
  mean_confidence_weighted: \sqrt{5} (conf: 15.644) [16 votes]
  tail_confidence_weighted: \sqrt{5} (conf: 18.608) [16 votes]
  bottom_window_weighted: \sqrt{5} (conf: 13.083) [16 votes]
  min_window_weighted: \sqrt{5} (conf: 12.650) [16 votes]
  top10_tail_filtered: \sqrt{5} (conf: 19.495) [2 votes]
  top10_bottom_window_filtered: \sqrt{5} (conf: 14.470) [2 votes]

=== Detailed Voting Results ===
----------------------------------------------------------------------
Method                        Answer      Votes  Confidence  Correct
----------------------------------------------------------------------
majority                      \sqrt{5}    16     -           ✓
mean_confidence_weighted      \sqrt{5}    16     15.644      ✓
tail_confidence_weighted      \sqrt{5}    16     18.608      ✓
bottom_window_weighted        \sqrt{5}    16     13.083      ✓
min_window_weighted           \sqrt{5}    16     12.650      ✓
top10_tail_filtered           \sqrt{5}    2      19.495      ✓
top10_bottom_window_filtered  \sqrt{5}    2      14.470      ✓
Q85 done | gt=\sqrt{5} | majority:✓, mean_confidence_weighted:✓, tail_confidence_weighted:✓, bottom_window_weighted:✓, min_window_weighted:✓, top10_tail_filtered:✓, top10_bottom_window_filtered:✓
tokens=29294

============================================================
### Q86
============================================================
Ground truth: 240
Trace 0: finished at 762 tokens | answer=240
Trace 1: finished at 1156 tokens | answer=240
Trace 2: truncated at 833 tokens | answer=None
Trace 3: finished at 559 tokens | answer=240
Trace 4: finished at 708 tokens | answer=240
Trace 5: finished at 1109 tokens | answer=240
Trace 6: finished at 562 tokens | answer=240
Trace 7: finished at 613 tokens | answer=240
Trace 8: finished at 777 tokens | answer=240
Trace 9: finished at 843 tokens | answer=240
Trace 10: finished at 962 tokens | answer=240
Trace 11: truncated at 559 tokens | answer=None
Trace 12: finished at 514 tokens | answer=240
Trace 13: finished at 1326 tokens | answer=240
Trace 14: finished at 1065 tokens | answer=240
Trace 15: finished at 1269 tokens | answer=240

=== Voting Results Summary ===
  majority: 240 [14 votes]
  mean_confidence_weighted: 240 (conf: 12.649) [14 votes]
  tail_confidence_weighted: 240 (conf: 13.666) [14 votes]
  bottom_window_weighted: 240 (conf: 11.762) [14 votes]
  min_window_weighted: 240 (conf: 11.641) [14 votes]
  top10_tail_filtered: 240 (conf: 14.554) [2 votes]
  top10_bottom_window_filtered: 240 (conf: 13.139) [2 votes]

=== Detailed Voting Results ===
----------------------------------------------------------------------
Method                        Answer      Votes  Confidence  Correct
----------------------------------------------------------------------
majority                      240         14     -           ✓
mean_confidence_weighted      240         14     12.649      ✓
tail_confidence_weighted      240         14     13.666      ✓
bottom_window_weighted        240         14     11.762      ✓
min_window_weighted           240         14     11.641      ✓
top10_tail_filtered           240         2      14.554      ✓
top10_bottom_window_filtered  240         2      13.139      ✓
Q86 done | gt=240 | majority:✓, mean_confidence_weighted:✓, tail_confidence_weighted:✓, bottom_window_weighted:✓, min_window_weighted:✓, top10_tail_filtered:✓, top10_bottom_window_filtered:✓
tokens=13617

============================================================
### Q87
============================================================
Ground truth: 1
Trace 0: finished at 5422 tokens | answer=1
Trace 1: finished at 4985 tokens | answer=1
Trace 2: finished at 3935 tokens | answer=1
Trace 3: finished at 3380 tokens | answer=1
Trace 4: finished at 4746 tokens | answer=1
Trace 5: finished at 2709 tokens | answer=1
Trace 6: finished at 4669 tokens | answer=1
Trace 7: finished at 6315 tokens | answer=1
Trace 8: finished at 2248 tokens | answer=1
Trace 9: finished at 3020 tokens | answer=1
Trace 10: finished at 4736 tokens | answer=1
Trace 11: finished at 4962 tokens | answer=1
Trace 12: finished at 3008 tokens | answer=1
Trace 13: finished at 3240 tokens | answer=1
Trace 14: finished at 2151 tokens | answer=1
Trace 15: finished at 4123 tokens | answer=1

=== Voting Results Summary ===
  majority: 1 [16 votes]
  mean_confidence_weighted: 1 (conf: 15.711) [16 votes]
  tail_confidence_weighted: 1 (conf: 17.097) [16 votes]
  bottom_window_weighted: 1 (conf: 13.454) [16 votes]
  min_window_weighted: 1 (conf: 12.959) [16 votes]
  top10_tail_filtered: 1 (conf: 17.796) [2 votes]
  top10_bottom_window_filtered: 1 (conf: 14.137) [2 votes]

=== Detailed Voting Results ===
----------------------------------------------------------------------
Method                        Answer      Votes  Confidence  Correct
----------------------------------------------------------------------
majority                      1           16     -           ✓
mean_confidence_weighted      1           16     15.711      ✓
tail_confidence_weighted      1           16     17.097      ✓
bottom_window_weighted        1           16     13.454      ✓
min_window_weighted           1           16     12.959      ✓
top10_tail_filtered           1           2      17.796      ✓
top10_bottom_window_filtered  1           2      14.137      ✓
Q87 done | gt=1 | majority:✓, mean_confidence_weighted:✓, tail_confidence_weighted:✓, bottom_window_weighted:✓, min_window_weighted:✓, top10_tail_filtered:✓, top10_bottom_window_filtered:✓
tokens=63649

============================================================
### Q88
============================================================
Ground truth: 2
Trace 0: finished at 15873 tokens | answer=2
Trace 1: finished at 18447 tokens | answer=2
Trace 2: finished at 15385 tokens | answer=2
Trace 3: finished at 14749 tokens | answer=2
Trace 4: finished at 12697 tokens | answer=2
Trace 5: finished at 13200 tokens | answer=2
Trace 6: finished at 14413 tokens | answer=2
Trace 7: finished at 15014 tokens | answer=2
Trace 8: finished at 13178 tokens | answer=2
Trace 9: finished at 14938 tokens | answer=2
Trace 10: finished at 17386 tokens | answer=2
Trace 11: finished at 14752 tokens | answer=2
Trace 12: finished at 17798 tokens | answer=2
Trace 13: finished at 15053 tokens | answer=2
Trace 14: finished at 17065 tokens | answer=2
Trace 15: finished at 14766 tokens | answer=2

=== Voting Results Summary ===
  majority: 2 [16 votes]
  mean_confidence_weighted: 2 (conf: 15.289) [16 votes]
  tail_confidence_weighted: 2 (conf: 18.644) [16 votes]
  bottom_window_weighted: 2 (conf: 13.434) [16 votes]
  min_window_weighted: 2 (conf: 12.416) [16 votes]
  top10_tail_filtered: 2 (conf: 19.505) [2 votes]
  top10_bottom_window_filtered: 2 (conf: 13.962) [2 votes]

=== Detailed Voting Results ===
----------------------------------------------------------------------
Method                        Answer      Votes  Confidence  Correct
----------------------------------------------------------------------
majority                      2           16     -           ✓
mean_confidence_weighted      2           16     15.289      ✓
tail_confidence_weighted      2           16     18.644      ✓
bottom_window_weighted        2           16     13.434      ✓
min_window_weighted           2           16     12.416      ✓
top10_tail_filtered           2           2      19.505      ✓
top10_bottom_window_filtered  2           2      13.962      ✓
Q88 done | gt=2 | majority:✓, mean_confidence_weighted:✓, tail_confidence_weighted:✓, bottom_window_weighted:✓, min_window_weighted:✓, top10_tail_filtered:✓, top10_bottom_window_filtered:✓
tokens=244714

============================================================
### Q89
============================================================
Ground truth: 21
Trace 0: finished at 3670 tokens | answer=21
Trace 1: finished at 3084 tokens | answer=21
Trace 2: finished at 4053 tokens | answer=21
Trace 3: finished at 2994 tokens | answer=21
Trace 4: finished at 5190 tokens | answer=21
Trace 5: finished at 3754 tokens | answer=21
Trace 6: finished at 4362 tokens | answer=21
Trace 7: finished at 2695 tokens | answer=21
Trace 8: finished at 2913 tokens | answer=21
Trace 9: finished at 2624 tokens | answer=21
Trace 10: finished at 3508 tokens | answer=21
Trace 11: finished at 2675 tokens | answer=21
Trace 12: finished at 2498 tokens | answer=21
Trace 13: finished at 2792 tokens | answer=21
Trace 14: finished at 3096 tokens | answer=21
Trace 15: finished at 4126 tokens | answer=21

=== Voting Results Summary ===
  majority: 21 [16 votes]
  mean_confidence_weighted: 21 (conf: 16.678) [16 votes]
  tail_confidence_weighted: 21 (conf: 17.264) [16 votes]
  bottom_window_weighted: 21 (conf: 14.390) [16 votes]
  min_window_weighted: 21 (conf: 13.748) [16 votes]
  top10_tail_filtered: 21 (conf: 17.674) [2 votes]
  top10_bottom_window_filtered: 21 (conf: 15.683) [2 votes]

=== Detailed Voting Results ===
----------------------------------------------------------------------
Method                        Answer      Votes  Confidence  Correct
----------------------------------------------------------------------
majority                      21          16     -           ✓
mean_confidence_weighted      21          16     16.678      ✓
tail_confidence_weighted      21          16     17.264      ✓
bottom_window_weighted        21          16     14.390      ✓
min_window_weighted           21          16     13.748      ✓
top10_tail_filtered           21          2      17.674      ✓
top10_bottom_window_filtered  21          2      15.683      ✓
Q89 done | gt=21 | majority:✓, mean_confidence_weighted:✓, tail_confidence_weighted:✓, bottom_window_weighted:✓, min_window_weighted:✓, top10_tail_filtered:✓, top10_bottom_window_filtered:✓
tokens=54034

============================================================
### Q90
============================================================
Ground truth: \frac{3}{2}
Trace 0: finished at 1981 tokens | answer=\dfrac{3}{2}
Trace 1: finished at 1221 tokens | answer=\dfrac{3}{2}
Trace 2: finished at 1152 tokens | answer=\dfrac{3}{2}
Trace 3: finished at 1769 tokens | answer=\dfrac{3}{2}
Trace 4: finished at 2025 tokens | answer=\dfrac{3}{2}
Trace 5: finished at 2090 tokens | answer=\dfrac{3}{2}
Trace 6: finished at 2769 tokens | answer=\dfrac{3}{2}
Trace 7: finished at 991 tokens | answer=\dfrac{3}{2}
Trace 8: finished at 1428 tokens | answer=\dfrac{3}{2}
Trace 9: finished at 1600 tokens | answer=\dfrac{3}{2}
Trace 10: finished at 1226 tokens | answer=\dfrac{3}{2}
Trace 11: finished at 1197 tokens | answer=\dfrac{3}{2}
Trace 12: finished at 1685 tokens | answer=\dfrac{3}{2}
Trace 13: finished at 2025 tokens | answer=\dfrac{3}{2}
Trace 14: finished at 1717 tokens | answer=\dfrac{3}{2}
Trace 15: finished at 2472 tokens | answer=\dfrac{3}{2}

=== Voting Results Summary ===
  majority: \dfrac{3}{2} [16 votes]
  mean_confidence_weighted: \dfrac{3}{2} (conf: 12.025) [16 votes]
  tail_confidence_weighted: \dfrac{3}{2} (conf: 14.075) [16 votes]
  bottom_window_weighted: \dfrac{3}{2} (conf: 11.045) [16 votes]
  min_window_weighted: \dfrac{3}{2} (conf: 10.823) [16 votes]
  top10_tail_filtered: \dfrac{3}{2} (conf: 14.641) [2 votes]
  top10_bottom_window_filtered: \dfrac{3}{2} (conf: 11.436) [2 votes]

=== Detailed Voting Results ===
----------------------------------------------------------------------
Method                        Answer      Votes  Confidence  Correct
----------------------------------------------------------------------
majority                      \dfrac{3}{2} 16     -           ✓
mean_confidence_weighted      \dfrac{3}{2} 16     12.025      ✓
tail_confidence_weighted      \dfrac{3}{2} 16     14.075      ✓
bottom_window_weighted        \dfrac{3}{2} 16     11.045      ✓
min_window_weighted           \dfrac{3}{2} 16     10.823      ✓
top10_tail_filtered           \dfrac{3}{2} 2      14.641      ✓
top10_bottom_window_filtered  \dfrac{3}{2} 2      11.436      ✓
Q90 done | gt=\frac{3}{2} | majority:✓, mean_confidence_weighted:✓, tail_confidence_weighted:✓, bottom_window_weighted:✓, min_window_weighted:✓, top10_tail_filtered:✓, top10_bottom_window_filtered:✓
tokens=27348

============================================================
### Q91
============================================================
Ground truth: 1
Trace 0: finished at 7379 tokens | answer=1
Trace 1: finished at 4343 tokens | answer=1
Trace 2: finished at 7054 tokens | answer=3
Trace 3: finished at 4826 tokens | answer=1
Trace 4: finished at 4471 tokens | answer=1
Trace 5: finished at 6359 tokens | answer=1
Trace 6: finished at 7939 tokens | answer=1
Trace 7: finished at 4242 tokens | answer=1
Trace 8: finished at 6707 tokens | answer=1
Trace 9: finished at 6496 tokens | answer=1
Trace 10: finished at 4949 tokens | answer=1
Trace 11: finished at 3901 tokens | answer=1
Trace 12: finished at 6026 tokens | answer=1
Trace 13: finished at 5505 tokens | answer=1
Trace 14: finished at 4705 tokens | answer=1
Trace 15: finished at 6702 tokens | answer=1

=== Voting Results Summary ===
  majority: 1 [16 votes]
  mean_confidence_weighted: 1 (conf: 12.988) [16 votes]
  tail_confidence_weighted: 1 (conf: 17.526) [16 votes]
  bottom_window_weighted: 1 (conf: 11.876) [16 votes]
  min_window_weighted: 1 (conf: 11.517) [16 votes]
  top10_tail_filtered: 1 (conf: 18.762) [2 votes]
  top10_bottom_window_filtered: 1 (conf: 12.190) [2 votes]

=== Detailed Voting Results ===
----------------------------------------------------------------------
Method                        Answer      Votes  Confidence  Correct
----------------------------------------------------------------------
majority                      1           16     -           ✓
mean_confidence_weighted      1           16     12.988      ✓
tail_confidence_weighted      1           16     17.526      ✓
bottom_window_weighted        1           16     11.876      ✓
min_window_weighted           1           16     11.517      ✓
top10_tail_filtered           1           2      18.762      ✓
top10_bottom_window_filtered  1           2      12.190      ✓
Q91 done | gt=1 | majority:✓, mean_confidence_weighted:✓, tail_confidence_weighted:✓, bottom_window_weighted:✓, min_window_weighted:✓, top10_tail_filtered:✓, top10_bottom_window_filtered:✓
tokens=91604

============================================================
### Q92
============================================================
Ground truth: \frac{448}{15625}
Trace 0: finished at 6400 tokens | answer=\dfrac{448}{15625}
Trace 1: finished at 5407 tokens | answer=\dfrac{448}{15625}
Trace 2: finished at 7149 tokens | answer=\dfrac{448}{15625}
Trace 3: finished at 6865 tokens | answer=\dfrac{448}{15625}
Trace 4: finished at 5092 tokens | answer=\dfrac{448}{15625}
Trace 5: finished at 5777 tokens | answer=\dfrac{448}{15625}
Trace 6: finished at 5275 tokens | answer=\dfrac{448}{15625}
Trace 7: finished at 3901 tokens | answer=\dfrac{448}{15625}
Trace 8: finished at 6382 tokens | answer=\dfrac{448}{15625}
Trace 9: finished at 5497 tokens | answer=\dfrac{448}{15625}
Trace 10: finished at 5172 tokens | answer=\dfrac{448}{15625}
Trace 11: finished at 5251 tokens | answer=\dfrac{448}{15625}
Trace 12: finished at 4446 tokens | answer=\dfrac{448}{15625}
Trace 13: finished at 5581 tokens | answer=\dfrac{448}{15625}
Trace 14: finished at 4780 tokens | answer=\dfrac{448}{15625}
Trace 15: finished at 5143 tokens | answer=\dfrac{448}{15625}

=== Voting Results Summary ===
  majority: \dfrac{448}{15625} [16 votes]
  mean_confidence_weighted: \dfrac{448}{15625} (conf: 13.225) [16 votes]
  tail_confidence_weighted: \dfrac{448}{15625} (conf: 16.170) [16 votes]
  bottom_window_weighted: \dfrac{448}{15625} (conf: 11.327) [16 votes]
  min_window_weighted: \dfrac{448}{15625} (conf: 10.652) [16 votes]
  top10_tail_filtered: \dfrac{448}{15625} (conf: 16.549) [2 votes]
  top10_bottom_window_filtered: \dfrac{448}{15625} (conf: 11.901) [2 votes]

=== Detailed Voting Results ===
----------------------------------------------------------------------
Method                        Answer      Votes  Confidence  Correct
----------------------------------------------------------------------
majority                      \dfrac{448}{15625} 16     -           ✓
mean_confidence_weighted      \dfrac{448}{15625} 16     13.225      ✓
tail_confidence_weighted      \dfrac{448}{15625} 16     16.170      ✓
bottom_window_weighted        \dfrac{448}{15625} 16     11.327      ✓
min_window_weighted           \dfrac{448}{15625} 16     10.652      ✓
top10_tail_filtered           \dfrac{448}{15625} 2      16.549      ✓
top10_bottom_window_filtered  \dfrac{448}{15625} 2      11.901      ✓
Q92 done | gt=\frac{448}{15625} | majority:✓, mean_confidence_weighted:✓, tail_confidence_weighted:✓, bottom_window_weighted:✓, min_window_weighted:✓, top10_tail_filtered:✓, top10_bottom_window_filtered:✓
tokens=88118

============================================================
### Q93
============================================================
Ground truth: 33
Trace 0: finished at 2009 tokens | answer=33
Trace 1: finished at 2324 tokens | answer=33
Trace 2: finished at 2604 tokens | answer=33
Trace 3: finished at 3221 tokens | answer=33
Trace 4: finished at 2692 tokens | answer=33
Trace 5: finished at 2286 tokens | answer=33
Trace 6: finished at 2146 tokens | answer=33
Trace 7: finished at 2102 tokens | answer=33
Trace 8: finished at 2150 tokens | answer=33
Trace 9: finished at 2607 tokens | answer=33
Trace 10: finished at 2245 tokens | answer=33
Trace 11: finished at 1978 tokens | answer=33
Trace 12: finished at 2161 tokens | answer=33
Trace 13: finished at 2720 tokens | answer=33
Trace 14: finished at 3273 tokens | answer=33
Trace 15: finished at 2355 tokens | answer=33

=== Voting Results Summary ===
  majority: 33 [16 votes]
  mean_confidence_weighted: 33 (conf: 16.382) [16 votes]
  tail_confidence_weighted: 33 (conf: 17.844) [16 votes]
  bottom_window_weighted: 33 (conf: 13.982) [16 votes]
  min_window_weighted: 33 (conf: 13.478) [16 votes]
  top10_tail_filtered: 33 (conf: 18.410) [2 votes]
  top10_bottom_window_filtered: 33 (conf: 15.247) [2 votes]

=== Detailed Voting Results ===
----------------------------------------------------------------------
Method                        Answer      Votes  Confidence  Correct
----------------------------------------------------------------------
majority                      33          16     -           ✓
mean_confidence_weighted      33          16     16.382      ✓
tail_confidence_weighted      33          16     17.844      ✓
bottom_window_weighted        33          16     13.982      ✓
min_window_weighted           33          16     13.478      ✓
top10_tail_filtered           33          2      18.410      ✓
top10_bottom_window_filtered  33          2      15.247      ✓
Q93 done | gt=33 | majority:✓, mean_confidence_weighted:✓, tail_confidence_weighted:✓, bottom_window_weighted:✓, min_window_weighted:✓, top10_tail_filtered:✓, top10_bottom_window_filtered:✓
tokens=38873

============================================================
### Q94
============================================================
Ground truth: 80
Trace 0: finished at 21476 tokens | answer=40
Trace 1: finished at 31962 tokens | answer=130
Trace 2: finished at 10762 tokens | answer=130
Trace 3: finished at 45188 tokens | answer=100
Trace 4: finished at 21011 tokens | answer=80
Trace 5: finished at 11777 tokens | answer=40
Trace 6: finished at 18264 tokens | answer=90
Trace 7: finished at 14545 tokens | answer=80
Trace 8: finished at 14920 tokens | answer=80
Trace 9: finished at 18954 tokens | answer=40
Trace 10: finished at 25527 tokens | answer=130
Trace 11: finished at 13557 tokens | answer=80
Trace 12: finished at 17374 tokens | answer=130
Trace 13: finished at 22019 tokens | answer=50
Trace 14: finished at 20927 tokens | answer=80
Trace 15: finished at 11782 tokens | answer=110

=== Voting Results Summary ===
  majority: 80 [16 votes]
  mean_confidence_weighted: 80 (conf: 13.693) [16 votes]
  tail_confidence_weighted: 80 (conf: 16.509) [16 votes]
  bottom_window_weighted: 80 (conf: 11.869) [16 votes]
  min_window_weighted: 80 (conf: 11.137) [16 votes]
  top10_tail_filtered: 110 (conf: 18.466) [2 votes]
  top10_bottom_window_filtered: 110 (conf: 12.219) [2 votes]

=== Detailed Voting Results ===
----------------------------------------------------------------------
Method                        Answer      Votes  Confidence  Correct
----------------------------------------------------------------------
majority                      80          16     -           ✓
mean_confidence_weighted      80          16     13.693      ✓
tail_confidence_weighted      80          16     16.509      ✓
bottom_window_weighted        80          16     11.869      ✓
min_window_weighted           80          16     11.137      ✓
top10_tail_filtered           110         2      18.466      ✗
top10_bottom_window_filtered  110         2      12.219      ✗
Q94 done | gt=80 | majority:✓, mean_confidence_weighted:✓, tail_confidence_weighted:✓, bottom_window_weighted:✓, min_window_weighted:✓, top10_tail_filtered:✗, top10_bottom_window_filtered:✗
tokens=320045

============================================================
### Q95
============================================================
Ground truth: -4
Trace 0: finished at 4905 tokens | answer=-4
Trace 1: finished at 3713 tokens | answer=-4
Trace 2: finished at 6096 tokens | answer=-4
Trace 3: finished at 5016 tokens | answer=-4
Trace 4: finished at 5354 tokens | answer=-4
Trace 5: finished at 6357 tokens | answer=-4
Trace 6: finished at 4306 tokens | answer=-4
Trace 7: finished at 3341 tokens | answer=-4
Trace 8: finished at 3471 tokens | answer=-4
Trace 9: finished at 5570 tokens | answer=-4
Trace 10: finished at 4961 tokens | answer=-4
Trace 11: finished at 3830 tokens | answer=-4
Trace 12: finished at 5861 tokens | answer=-4
Trace 13: finished at 5267 tokens | answer=-4
Trace 14: finished at 3862 tokens | answer=-4
Trace 15: finished at 5931 tokens | answer=-4

=== Voting Results Summary ===
  majority: -4 [16 votes]
  mean_confidence_weighted: -4 (conf: 16.517) [16 votes]
  tail_confidence_weighted: -4 (conf: 18.253) [16 votes]
  bottom_window_weighted: -4 (conf: 13.819) [16 votes]
  min_window_weighted: -4 (conf: 13.045) [16 votes]
  top10_tail_filtered: -4 (conf: 19.062) [2 votes]
  top10_bottom_window_filtered: -4 (conf: 14.534) [2 votes]

=== Detailed Voting Results ===
----------------------------------------------------------------------
Method                        Answer      Votes  Confidence  Correct
----------------------------------------------------------------------
majority                      -4          16     -           ✓
mean_confidence_weighted      -4          16     16.517      ✓
tail_confidence_weighted      -4          16     18.253      ✓
bottom_window_weighted        -4          16     13.819      ✓
min_window_weighted           -4          16     13.045      ✓
top10_tail_filtered           -4          2      19.062      ✓
top10_bottom_window_filtered  -4          2      14.534      ✓
Q95 done | gt=-4 | majority:✓, mean_confidence_weighted:✓, tail_confidence_weighted:✓, bottom_window_weighted:✓, min_window_weighted:✓, top10_tail_filtered:✓, top10_bottom_window_filtered:✓
tokens=77841

============================================================
### Q96
============================================================
Ground truth: 1 \pm \sqrt{19}
Trace 0: finished at 7174 tokens | answer=1-\sqrt{19},\ 1+\sqrt{19}
Trace 1: truncated at 64000 tokens | answer=None
Trace 2: finished at 37473 tokens | answer=1+\sqrt{19},\ 1-\sqrt{19}
Trace 3: finished at 7362 tokens | answer=1-\sqrt{19},\ 1+\sqrt{19}
Trace 4: finished at 7720 tokens | answer=1-\sqrt{19},\ 1+\sqrt{19}
Trace 5: finished at 7190 tokens | answer=1 - \sqrt{19},\ 1 + \sqrt{19}
Trace 6: finished at 7548 tokens | answer=1-\sqrt{19},\ 1+\sqrt{19}
Trace 7: finished at 8328 tokens | answer=1+\sqrt{19}
Trace 8: finished at 9015 tokens | answer=1+\sqrt{19}
Trace 9: finished at 8804 tokens | answer=1-\sqrt{19},\ 1+\sqrt{19}
Trace 10: finished at 7595 tokens | answer=1-\sqrt{19},\ 1+\sqrt{19}
Trace 11: finished at 63018 tokens | answer=1,5
Trace 12: finished at 5869 tokens | answer=1-\sqrt{19},\ 1+\sqrt{19}
Trace 13: finished at 31241 tokens | answer=1 - \sqrt{19},\ 1 + \sqrt{19}
Trace 14: finished at 8696 tokens | answer=1+\sqrt{19}
Trace 15: finished at 6204 tokens | answer=1-\sqrt{19},\ 1+\sqrt{19}

=== Voting Results Summary ===
  majority: 1-\sqrt{19},\ 1+\sqrt{19} [15 votes]
  mean_confidence_weighted: 1-\sqrt{19},\ 1+\sqrt{19} (conf: 15.766) [15 votes]
  tail_confidence_weighted: 1-\sqrt{19},\ 1+\sqrt{19} (conf: 16.497) [15 votes]
  bottom_window_weighted: 1-\sqrt{19},\ 1+\sqrt{19} (conf: 12.918) [15 votes]
  min_window_weighted: 1-\sqrt{19},\ 1+\sqrt{19} (conf: 11.984) [15 votes]
  top10_tail_filtered: 1+\sqrt{19} (conf: 17.295) [2 votes]
  top10_bottom_window_filtered: 1+\sqrt{19} (conf: 13.939) [2 votes]

=== Detailed Voting Results ===
----------------------------------------------------------------------
Method                        Answer      Votes  Confidence  Correct
----------------------------------------------------------------------
majority                      1-\sqrt{19},\ 1+\sqrt{19} 15     -           ✗
mean_confidence_weighted      1-\sqrt{19},\ 1+\sqrt{19} 15     15.766      ✗
tail_confidence_weighted      1-\sqrt{19},\ 1+\sqrt{19} 15     16.497      ✗
bottom_window_weighted        1-\sqrt{19},\ 1+\sqrt{19} 15     12.918      ✗
min_window_weighted           1-\sqrt{19},\ 1+\sqrt{19} 15     11.984      ✗
top10_tail_filtered           1+\sqrt{19} 2      17.295      ✗
top10_bottom_window_filtered  1+\sqrt{19} 2      13.939      ✗
Q96 done | gt=1 \pm \sqrt{19} | majority:✗, mean_confidence_weighted:✗, tail_confidence_weighted:✗, bottom_window_weighted:✗, min_window_weighted:✗, top10_tail_filtered:✗, top10_bottom_window_filtered:✗
tokens=287237

============================================================
### Q97
============================================================
Ground truth: \text{east}
Trace 0: finished at 3402 tokens | answer=\text{east}
Trace 1: finished at 2483 tokens | answer=\text{east}
Trace 2: finished at 3504 tokens | answer=\text{east}
Trace 3: finished at 2738 tokens | answer=\text{east}
Trace 4: finished at 2417 tokens | answer=\text{east}
Trace 5: finished at 2353 tokens | answer=\text{east}
Trace 6: finished at 2378 tokens | answer=\text{east}
Trace 7: finished at 2628 tokens | answer=\text{east}
Trace 8: finished at 2366 tokens | answer=\text{east}
Trace 9: finished at 2362 tokens | answer=\text{east}
Trace 10: finished at 2858 tokens | answer=\text{east}
Trace 11: finished at 2698 tokens | answer=\text{east}
Trace 12: finished at 2216 tokens | answer=\text{east}
Trace 13: finished at 2429 tokens | answer=\text{east}
Trace 14: finished at 3212 tokens | answer=\text{east}
Trace 15: finished at 2211 tokens | answer=\text{east}

=== Voting Results Summary ===
  majority: \text{east} [16 votes]
  mean_confidence_weighted: \text{east} (conf: 12.023) [16 votes]
  tail_confidence_weighted: \text{east} (conf: 14.366) [16 votes]
  bottom_window_weighted: \text{east} (conf: 10.788) [16 votes]
  min_window_weighted: \text{east} (conf: 10.430) [16 votes]
  top10_tail_filtered: \text{east} (conf: 15.464) [2 votes]
  top10_bottom_window_filtered: \text{east} (conf: 11.437) [2 votes]

=== Detailed Voting Results ===
----------------------------------------------------------------------
Method                        Answer      Votes  Confidence  Correct
----------------------------------------------------------------------
majority                      \text{east} 16     -           ✓
mean_confidence_weighted      \text{east} 16     12.023      ✓
tail_confidence_weighted      \text{east} 16     14.366      ✓
bottom_window_weighted        \text{east} 16     10.788      ✓
min_window_weighted           \text{east} 16     10.430      ✓
top10_tail_filtered           \text{east} 2      15.464      ✓
top10_bottom_window_filtered  \text{east} 2      11.437      ✓
Q97 done | gt=\text{east} | majority:✓, mean_confidence_weighted:✓, tail_confidence_weighted:✓, bottom_window_weighted:✓, min_window_weighted:✓, top10_tail_filtered:✓, top10_bottom_window_filtered:✓
tokens=42255

============================================================
### Q98
============================================================
Ground truth: 2k+2
Trace 0: finished at 911 tokens | answer=2k+2
Trace 1: finished at 839 tokens | answer=2k+2
Trace 2: finished at 610 tokens | answer=2k+2
Trace 3: finished at 1032 tokens | answer=2k+2
Trace 4: finished at 530 tokens | answer=2k+2
Trace 5: finished at 640 tokens | answer=2k+2
Trace 6: finished at 1071 tokens | answer=2k+2
Trace 7: finished at 1044 tokens | answer=2k+2
Trace 8: finished at 949 tokens | answer=2k+2
Trace 9: finished at 870 tokens | answer=2k+2
Trace 10: finished at 1277 tokens | answer=2k+2
Trace 11: finished at 996 tokens | answer=2k+2
Trace 12: finished at 552 tokens | answer=2k+2
Trace 13: finished at 501 tokens | answer=2k+2
Trace 14: finished at 1044 tokens | answer=2k+2
Trace 15: finished at 858 tokens | answer=2k+2

=== Voting Results Summary ===
  majority: 2k+2 [16 votes]
  mean_confidence_weighted: 2k+2 (conf: 14.779) [16 votes]
  tail_confidence_weighted: 2k+2 (conf: 15.765) [16 votes]
  bottom_window_weighted: 2k+2 (conf: 13.825) [16 votes]
  min_window_weighted: 2k+2 (conf: 13.654) [16 votes]
  top10_tail_filtered: 2k+2 (conf: 17.463) [2 votes]
  top10_bottom_window_filtered: 2k+2 (conf: 14.774) [2 votes]

=== Detailed Voting Results ===
----------------------------------------------------------------------
Method                        Answer      Votes  Confidence  Correct
----------------------------------------------------------------------
majority                      2k+2        16     -           ✓
mean_confidence_weighted      2k+2        16     14.779      ✓
tail_confidence_weighted      2k+2        16     15.765      ✓
bottom_window_weighted        2k+2        16     13.825      ✓
min_window_weighted           2k+2        16     13.654      ✓
top10_tail_filtered           2k+2        2      17.463      ✓
top10_bottom_window_filtered  2k+2        2      14.774      ✓
Q98 done | gt=2k+2 | majority:✓, mean_confidence_weighted:✓, tail_confidence_weighted:✓, bottom_window_weighted:✓, min_window_weighted:✓, top10_tail_filtered:✓, top10_bottom_window_filtered:✓
tokens=13724

============================================================
### Q99
============================================================
Ground truth: \begin{pmatrix} -1/3 \\ 2/3 \\ 5/3 \end{pmatrix}
Trace 0: finished at 3094 tokens | answer=\begin{pmatrix} -\dfrac{1}{3} \\ \dfrac{2}{3} \\ \dfrac{5}{3} \end{pmatrix}
Trace 1: finished at 6949 tokens | answer=\begin{pmatrix} -\dfrac{1}{3} \\[1mm] \dfrac{2}{3} \\[1mm] \dfrac{5}{3} \end{pmatrix}
Trace 2: finished at 3064 tokens | answer=\begin{pmatrix} -\dfrac{1}{3} \\ \dfrac{2}{3} \\ \dfrac{5}{3} \end{pmatrix}
Trace 3: finished at 4129 tokens | answer=\begin{pmatrix} -\dfrac{1}{3} \\ \dfrac{2}{3} \\ \dfrac{5}{3} \end{pmatrix}
Trace 4: finished at 6081 tokens | answer=\begin{pmatrix} -\dfrac{1}{3} \\ \dfrac{2}{3} \\ \dfrac{5}{3} \end{pmatrix}
Trace 5: finished at 3596 tokens | answer=\begin{pmatrix} -\dfrac{1}{3} \\ \dfrac{2}{3} \\ \dfrac{5}{3} \end{pmatrix}
Trace 6: finished at 5542 tokens | answer=\begin{pmatrix} -\dfrac{1}{3} \\[1mm] \dfrac{2}{3} \\[1mm] \dfrac{5}{3} \end{pmatrix}
Trace 7: finished at 5238 tokens | answer=\begin{pmatrix} -\dfrac{1}{3} \\[1mm] \dfrac{2}{3} \\[1mm] \dfrac{5}{3} \end{pmatrix}
Trace 8: finished at 2829 tokens | answer=\begin{pmatrix} -\dfrac{1}{3} \\ \dfrac{2}{3} \\ \dfrac{5}{3} \end{pmatrix}
Trace 9: finished at 5687 tokens | answer=\begin{pmatrix} -\dfrac{1}{3} \\ \dfrac{2}{3} \\ \dfrac{5}{3} \end{pmatrix}
Trace 10: finished at 5065 tokens | answer=\begin{pmatrix} -\dfrac{1}{3} \\[1mm] \dfrac{2}{3} \\[1mm] \dfrac{5}{3} \end{pmatrix}
Trace 11: finished at 4808 tokens | answer=\begin{pmatrix} -\dfrac{1}{3} \\ \dfrac{2}{3} \\ \dfrac{5}{3} \end{pmatrix}
Trace 12: finished at 5262 tokens | answer=\begin{pmatrix} -\dfrac{1}{3} \\[1mm] \dfrac{2}{3} \\[1mm] \dfrac{5}{3} \end{pmatrix}
Trace 13: finished at 4477 tokens | answer=\begin{pmatrix} -\dfrac{1}{3} \\[1mm] \dfrac{2}{3} \\[1mm] \dfrac{5}{3} \end{pmatrix}
Trace 14: finished at 3113 tokens | answer=\begin{pmatrix} -\dfrac{1}{3} \\ \dfrac{2}{3} \\ \dfrac{5}{3} \end{pmatrix}
Trace 15: finished at 3898 tokens | answer=\begin{pmatrix} -\dfrac{1}{3} \\[1mm] \dfrac{2}{3} \\[1mm] \dfrac{5}{3} \end{pmatrix}

=== Voting Results Summary ===
  majority: \begin{pmatrix} -\dfrac{1}{3} \\ \dfrac{2}{3} \\ \dfrac{5}{3} \end{pmatrix} [16 votes]
  mean_confidence_weighted: \begin{pmatrix} -\dfrac{1}{3} \\ \dfrac{2}{3} \\ \dfrac{5}{3} \end{pmatrix} (conf: 16.185) [16 votes]
  tail_confidence_weighted: \begin{pmatrix} -\dfrac{1}{3} \\ \dfrac{2}{3} \\ \dfrac{5}{3} \end{pmatrix} (conf: 17.978) [16 votes]
  bottom_window_weighted: \begin{pmatrix} -\dfrac{1}{3} \\ \dfrac{2}{3} \\ \dfrac{5}{3} \end{pmatrix} (conf: 13.014) [16 votes]
  min_window_weighted: \begin{pmatrix} -\dfrac{1}{3} \\ \dfrac{2}{3} \\ \dfrac{5}{3} \end{pmatrix} (conf: 12.076) [16 votes]
  top10_tail_filtered: \begin{pmatrix} -\dfrac{1}{3} \\ \dfrac{2}{3} \\ \dfrac{5}{3} \end{pmatrix} (conf: 18.447) [2 votes]
  top10_bottom_window_filtered: \begin{pmatrix} -\dfrac{1}{3} \\ \dfrac{2}{3} \\ \dfrac{5}{3} \end{pmatrix} (conf: 14.369) [2 votes]

=== Detailed Voting Results ===
----------------------------------------------------------------------
Method                        Answer      Votes  Confidence  Correct
----------------------------------------------------------------------
majority                      \begin{pmatrix} -\dfrac{1}{3} \\ \dfrac{2}{3} \\ \dfrac{5}{3} \end{pmatrix} 16     -           ✓
mean_confidence_weighted      \begin{pmatrix} -\dfrac{1}{3} \\ \dfrac{2}{3} \\ \dfrac{5}{3} \end{pmatrix} 16     16.185      ✓
tail_confidence_weighted      \begin{pmatrix} -\dfrac{1}{3} \\ \dfrac{2}{3} \\ \dfrac{5}{3} \end{pmatrix} 16     17.978      ✓
bottom_window_weighted        \begin{pmatrix} -\dfrac{1}{3} \\ \dfrac{2}{3} \\ \dfrac{5}{3} \end{pmatrix} 16     13.014      ✓
min_window_weighted           \begin{pmatrix} -\dfrac{1}{3} \\ \dfrac{2}{3} \\ \dfrac{5}{3} \end{pmatrix} 16     12.076      ✓
top10_tail_filtered           \begin{pmatrix} -\dfrac{1}{3} \\ \dfrac{2}{3} \\ \dfrac{5}{3} \end{pmatrix} 2      18.447      ✓
top10_bottom_window_filtered  \begin{pmatrix} -\dfrac{1}{3} \\ \dfrac{2}{3} \\ \dfrac{5}{3} \end{pmatrix} 2      14.369      ✓
Q99 done | gt=\begin{pmatrix} -1/3 \\ 2/3 \\ 5/3 \end{pmatrix} | majority:✓, mean_confidence_weighted:✓, tail_confidence_weighted:✓, bottom_window_weighted:✓, min_window_weighted:✓, top10_tail_filtered:✓, top10_bottom_window_filtered:✓
tokens=72832

============================================================
### Q100
============================================================
Ground truth: 145^\circ
Trace 0: finished at 14531 tokens | answer=145
Trace 1: finished at 19114 tokens | answer=145
Trace 2: finished at 13582 tokens | answer=145
Trace 3: finished at 14519 tokens | answer=145
Trace 4: finished at 22094 tokens | answer=145
Trace 5: finished at 14121 tokens | answer=145
Trace 6: finished at 13678 tokens | answer=145
Trace 7: finished at 10981 tokens | answer=145
Trace 8: finished at 14877 tokens | answer=145
Trace 9: finished at 20116 tokens | answer=145
Trace 10: finished at 13886 tokens | answer=145
Trace 11: finished at 16971 tokens | answer=145
Trace 12: finished at 15528 tokens | answer=145
Trace 13: finished at 12297 tokens | answer=145
Trace 14: finished at 14347 tokens | answer=145
Trace 15: finished at 9097 tokens | answer=145

=== Voting Results Summary ===
  majority: 145 [16 votes]
  mean_confidence_weighted: 145 (conf: 15.191) [16 votes]
  tail_confidence_weighted: 145 (conf: 17.449) [16 votes]
  bottom_window_weighted: 145 (conf: 12.829) [16 votes]
  min_window_weighted: 145 (conf: 11.925) [16 votes]
  top10_tail_filtered: 145 (conf: 17.971) [2 votes]
  top10_bottom_window_filtered: 145 (conf: 13.289) [2 votes]

=== Detailed Voting Results ===
----------------------------------------------------------------------
Method                        Answer      Votes  Confidence  Correct
----------------------------------------------------------------------
majority                      145         16     -           ✗
mean_confidence_weighted      145         16     15.191      ✗
tail_confidence_weighted      145         16     17.449      ✗
bottom_window_weighted        145         16     12.829      ✗
min_window_weighted           145         16     11.925      ✗
top10_tail_filtered           145         2      17.971      ✗
top10_bottom_window_filtered  145         2      13.289      ✗
Q100 done | gt=145^\circ | majority:✗, mean_confidence_weighted:✗, tail_confidence_weighted:✗, bottom_window_weighted:✗, min_window_weighted:✗, top10_tail_filtered:✗, top10_bottom_window_filtered:✗
tokens=239739

============================================================
### Q101
============================================================
Ground truth: 850
Trace 0: finished at 14282 tokens | answer=850
Trace 1: finished at 14771 tokens | answer=850
Trace 2: finished at 17693 tokens | answer=850
Trace 3: finished at 14254 tokens | answer=850
Trace 4: finished at 13082 tokens | answer=850
Trace 5: finished at 20539 tokens | answer=850
Trace 6: finished at 21017 tokens | answer=850
Trace 7: finished at 10163 tokens | answer=850
Trace 8: finished at 12976 tokens | answer=850
Trace 9: finished at 12480 tokens | answer=850
Trace 10: finished at 19145 tokens | answer=850
Trace 11: finished at 14741 tokens | answer=850
Trace 12: finished at 11483 tokens | answer=850
Trace 13: finished at 14235 tokens | answer=850
Trace 14: finished at 9625 tokens | answer=850
Trace 15: finished at 14498 tokens | answer=850

=== Voting Results Summary ===
  majority: 850 [16 votes]
  mean_confidence_weighted: 850 (conf: 15.905) [16 votes]
  tail_confidence_weighted: 850 (conf: 17.454) [16 votes]
  bottom_window_weighted: 850 (conf: 13.293) [16 votes]
  min_window_weighted: 850 (conf: 12.168) [16 votes]
  top10_tail_filtered: 850 (conf: 18.191) [2 votes]
  top10_bottom_window_filtered: 850 (conf: 13.685) [2 votes]

=== Detailed Voting Results ===
----------------------------------------------------------------------
Method                        Answer      Votes  Confidence  Correct
----------------------------------------------------------------------
majority                      850         16     -           ✓
mean_confidence_weighted      850         16     15.905      ✓
tail_confidence_weighted      850         16     17.454      ✓
bottom_window_weighted        850         16     13.293      ✓
min_window_weighted           850         16     12.168      ✓
top10_tail_filtered           850         2      18.191      ✓
top10_bottom_window_filtered  850         2      13.685      ✓
Q101 done | gt=850 | majority:✓, mean_confidence_weighted:✓, tail_confidence_weighted:✓, bottom_window_weighted:✓, min_window_weighted:✓, top10_tail_filtered:✓, top10_bottom_window_filtered:✓
tokens=234984

============================================================
### Q102
============================================================
Ground truth: (a+5)(b+2)
Trace 0: finished at 1196 tokens | answer=(a+5)(b+2)
Trace 1: finished at 1049 tokens | answer=(a+5)(b+2)
Trace 2: finished at 993 tokens | answer=(a+5)(b+2)
Trace 3: finished at 1572 tokens | answer=(a+5)(b+2)
Trace 4: finished at 1293 tokens | answer=(a+5)(b+2)
Trace 5: finished at 1483 tokens | answer=(a+5)(b+2)
Trace 6: finished at 1287 tokens | answer=(a+5)(b+2)
Trace 7: finished at 1026 tokens | answer=(a+5)(b+2)
Trace 8: finished at 1104 tokens | answer=(a+5)(b+2)
Trace 9: finished at 1289 tokens | answer=(a+5)(b+2)
Trace 10: finished at 1230 tokens | answer=(a+5)(b+2)
Trace 11: finished at 1800 tokens | answer=(a+5)(b+2)
Trace 12: finished at 1811 tokens | answer=(a+5)(b+2)
Trace 13: finished at 1450 tokens | answer=(a+5)(b+2)
Trace 14: finished at 1677 tokens | answer=(a+5)(b+2)
Trace 15: finished at 1597 tokens | answer=(a+5)(b+2)

=== Voting Results Summary ===
  majority: (a+5)(b+2) [16 votes]
  mean_confidence_weighted: (a+5)(b+2) (conf: 15.506) [16 votes]
  tail_confidence_weighted: (a+5)(b+2) (conf: 17.014) [16 votes]
  bottom_window_weighted: (a+5)(b+2) (conf: 13.403) [16 votes]
  min_window_weighted: (a+5)(b+2) (conf: 13.074) [16 votes]
  top10_tail_filtered: (a+5)(b+2) (conf: 17.593) [2 votes]
  top10_bottom_window_filtered: (a+5)(b+2) (conf: 14.622) [2 votes]

=== Detailed Voting Results ===
----------------------------------------------------------------------
Method                        Answer      Votes  Confidence  Correct
----------------------------------------------------------------------
majority                      (a+5)(b+2)  16     -           ✓
mean_confidence_weighted      (a+5)(b+2)  16     15.506      ✓
tail_confidence_weighted      (a+5)(b+2)  16     17.014      ✓
bottom_window_weighted        (a+5)(b+2)  16     13.403      ✓
min_window_weighted           (a+5)(b+2)  16     13.074      ✓
top10_tail_filtered           (a+5)(b+2)  2      17.593      ✓
top10_bottom_window_filtered  (a+5)(b+2)  2      14.622      ✓
Q102 done | gt=(a+5)(b+2) | majority:✓, mean_confidence_weighted:✓, tail_confidence_weighted:✓, bottom_window_weighted:✓, min_window_weighted:✓, top10_tail_filtered:✓, top10_bottom_window_filtered:✓
tokens=21857

============================================================
### Q103
============================================================
Ground truth: (3,4]
Trace 0: finished at 38840 tokens | answer=(3,4]
Trace 1: finished at 36862 tokens | answer=(3,4]
Trace 2: finished at 40492 tokens | answer=(3,4]
Trace 3: finished at 29959 tokens | answer=(3,4]
Trace 4: finished at 29646 tokens | answer=(3,4]
Trace 5: finished at 40861 tokens | answer=(3,4]
Trace 6: finished at 26933 tokens | answer=(3,4]
Trace 7: finished at 18597 tokens | answer=(3,4]
Trace 8: finished at 29676 tokens | answer=(3,4]
Trace 9: finished at 47634 tokens | answer=(3,4]
Trace 10: finished at 49277 tokens | answer=(3,4]
Trace 11: finished at 22989 tokens | answer=(3,4]
Trace 12: finished at 32861 tokens | answer=(3,4]
Trace 13: finished at 27633 tokens | answer=(3,4]
Trace 14: finished at 27634 tokens | answer=(3,4]
Trace 15: finished at 26150 tokens | answer=(3,4]

=== Voting Results Summary ===
  majority: (3,4] [16 votes]
  mean_confidence_weighted: (3,4] (conf: 15.345) [16 votes]
  tail_confidence_weighted: (3,4] (conf: 16.907) [16 votes]
  bottom_window_weighted: (3,4] (conf: 12.982) [16 votes]
  min_window_weighted: (3,4] (conf: 11.907) [16 votes]
  top10_tail_filtered: (3,4] (conf: 18.517) [2 votes]
  top10_bottom_window_filtered: (3,4] (conf: 13.571) [2 votes]

=== Detailed Voting Results ===
----------------------------------------------------------------------
Method                        Answer      Votes  Confidence  Correct
----------------------------------------------------------------------
majority                      (3,4]       16     -           ✓
mean_confidence_weighted      (3,4]       16     15.345      ✓
tail_confidence_weighted      (3,4]       16     16.907      ✓
bottom_window_weighted        (3,4]       16     12.982      ✓
min_window_weighted           (3,4]       16     11.907      ✓
top10_tail_filtered           (3,4]       2      18.517      ✓
top10_bottom_window_filtered  (3,4]       2      13.571      ✓
Q103 done | gt=(3,4] | majority:✓, mean_confidence_weighted:✓, tail_confidence_weighted:✓, bottom_window_weighted:✓, min_window_weighted:✓, top10_tail_filtered:✓, top10_bottom_window_filtered:✓
tokens=526044

============================================================
### Q104
============================================================
Ground truth: 40
Trace 0: finished at 10115 tokens | answer=40
Trace 1: finished at 12957 tokens | answer=40
Trace 2: finished at 8163 tokens | answer=40
Trace 3: finished at 6783 tokens | answer=40
Trace 4: finished at 8685 tokens | answer=40
Trace 5: finished at 8229 tokens | answer=40
Trace 6: finished at 9567 tokens | answer=40
Trace 7: finished at 8907 tokens | answer=40
Trace 8: finished at 8901 tokens | answer=40
Trace 9: finished at 9749 tokens | answer=40
Trace 10: finished at 6568 tokens | answer=40
Trace 11: finished at 5913 tokens | answer=40
Trace 12: finished at 7125 tokens | answer=40
Trace 13: finished at 9194 tokens | answer=40
Trace 14: finished at 9638 tokens | answer=40
Trace 15: finished at 6718 tokens | answer=40

=== Voting Results Summary ===
  majority: 40 [16 votes]
  mean_confidence_weighted: 40 (conf: 16.594) [16 votes]
  tail_confidence_weighted: 40 (conf: 17.144) [16 votes]
  bottom_window_weighted: 40 (conf: 13.685) [16 votes]
  min_window_weighted: 40 (conf: 12.495) [16 votes]
  top10_tail_filtered: 40 (conf: 17.821) [2 votes]
  top10_bottom_window_filtered: 40 (conf: 14.510) [2 votes]

=== Detailed Voting Results ===
----------------------------------------------------------------------
Method                        Answer      Votes  Confidence  Correct
----------------------------------------------------------------------
majority                      40          16     -           ✓
mean_confidence_weighted      40          16     16.594      ✓
tail_confidence_weighted      40          16     17.144      ✓
bottom_window_weighted        40          16     13.685      ✓
min_window_weighted           40          16     12.495      ✓
top10_tail_filtered           40          2      17.821      ✓
top10_bottom_window_filtered  40          2      14.510      ✓
Q104 done | gt=40 | majority:✓, mean_confidence_weighted:✓, tail_confidence_weighted:✓, bottom_window_weighted:✓, min_window_weighted:✓, top10_tail_filtered:✓, top10_bottom_window_filtered:✓
tokens=137212

============================================================
### Q105
============================================================
Ground truth: 29
Trace 0: finished at 2770 tokens | answer=29
Trace 1: finished at 2398 tokens | answer=29
Trace 2: finished at 2539 tokens | answer=29
Trace 3: finished at 2465 tokens | answer=29
Trace 4: finished at 2436 tokens | answer=29
Trace 5: finished at 2867 tokens | answer=29
Trace 6: finished at 1921 tokens | answer=29
Trace 7: finished at 2774 tokens | answer=29
Trace 8: finished at 2515 tokens | answer=29
Trace 9: finished at 2427 tokens | answer=29
Trace 10: finished at 2337 tokens | answer=29
Trace 11: finished at 2774 tokens | answer=29
Trace 12: finished at 2364 tokens | answer=29
Trace 13: finished at 3201 tokens | answer=29
Trace 14: finished at 1780 tokens | answer=29
Trace 15: finished at 3070 tokens | answer=29

=== Voting Results Summary ===
  majority: 29 [16 votes]
  mean_confidence_weighted: 29 (conf: 12.712) [16 votes]
  tail_confidence_weighted: 29 (conf: 15.491) [16 votes]
  bottom_window_weighted: 29 (conf: 11.026) [16 votes]
  min_window_weighted: 29 (conf: 10.616) [16 votes]
  top10_tail_filtered: 29 (conf: 16.043) [2 votes]
  top10_bottom_window_filtered: 29 (conf: 11.629) [2 votes]

=== Detailed Voting Results ===
----------------------------------------------------------------------
Method                        Answer      Votes  Confidence  Correct
----------------------------------------------------------------------
majority                      29          16     -           ✓
mean_confidence_weighted      29          16     12.712      ✓
tail_confidence_weighted      29          16     15.491      ✓
bottom_window_weighted        29          16     11.026      ✓
min_window_weighted           29          16     10.616      ✓
top10_tail_filtered           29          2      16.043      ✓
top10_bottom_window_filtered  29          2      11.629      ✓
Q105 done | gt=29 | majority:✓, mean_confidence_weighted:✓, tail_confidence_weighted:✓, bottom_window_weighted:✓, min_window_weighted:✓, top10_tail_filtered:✓, top10_bottom_window_filtered:✓
tokens=40638

============================================================
### Q106
============================================================
Ground truth: \frac43
Trace 0: finished at 3761 tokens | answer=\dfrac{4}{3}
Trace 1: finished at 6196 tokens | answer=\dfrac{4}{3}
Trace 2: finished at 3411 tokens | answer=\dfrac{4}{3}
Trace 3: finished at 3700 tokens | answer=\dfrac{4}{3}
Trace 4: finished at 3370 tokens | answer=\dfrac{4}{3}
Trace 5: finished at 2191 tokens | answer=\dfrac{4}{3}
Trace 6: finished at 6196 tokens | answer=\dfrac{4}{3}
Trace 7: finished at 3248 tokens | answer=\dfrac{4}{3}
Trace 8: finished at 6154 tokens | answer=\dfrac{4}{3}
Trace 9: finished at 2752 tokens | answer=\dfrac{4}{3}
Trace 10: finished at 4695 tokens | answer=\dfrac{4}{3}
Trace 11: finished at 5163 tokens | answer=\dfrac{4}{3}
Trace 12: finished at 2205 tokens | answer=\dfrac{4}{3}
Trace 13: finished at 6985 tokens | answer=\dfrac{4}{3}
Trace 14: finished at 7231 tokens | answer=\dfrac{4}{3}
Trace 15: finished at 2427 tokens | answer=\dfrac{4}{3}

=== Voting Results Summary ===
  majority: \dfrac{4}{3} [16 votes]
  mean_confidence_weighted: \dfrac{4}{3} (conf: 15.563) [16 votes]
  tail_confidence_weighted: \dfrac{4}{3} (conf: 17.404) [16 votes]
  bottom_window_weighted: \dfrac{4}{3} (conf: 12.737) [16 votes]
  min_window_weighted: \dfrac{4}{3} (conf: 12.087) [16 votes]
  top10_tail_filtered: \dfrac{4}{3} (conf: 18.229) [2 votes]
  top10_bottom_window_filtered: \dfrac{4}{3} (conf: 13.562) [2 votes]

=== Detailed Voting Results ===
----------------------------------------------------------------------
Method                        Answer      Votes  Confidence  Correct
----------------------------------------------------------------------
majority                      \dfrac{4}{3} 16     -           ✗
mean_confidence_weighted      \dfrac{4}{3} 16     15.563      ✗
tail_confidence_weighted      \dfrac{4}{3} 16     17.404      ✗
bottom_window_weighted        \dfrac{4}{3} 16     12.737      ✗
min_window_weighted           \dfrac{4}{3} 16     12.087      ✗
top10_tail_filtered           \dfrac{4}{3} 2      18.229      ✗
top10_bottom_window_filtered  \dfrac{4}{3} 2      13.562      ✗
Q106 done | gt=\frac43 | majority:✗, mean_confidence_weighted:✗, tail_confidence_weighted:✗, bottom_window_weighted:✗, min_window_weighted:✗, top10_tail_filtered:✗, top10_bottom_window_filtered:✗
tokens=69685

============================================================
### Q107
============================================================
Ground truth: 9
Trace 0: finished at 2456 tokens | answer=9
Trace 1: finished at 2578 tokens | answer=9
Trace 2: finished at 2576 tokens | answer=9
Trace 3: finished at 2956 tokens | answer=9
Trace 4: finished at 2524 tokens | answer=9
Trace 5: finished at 3797 tokens | answer=9
Trace 6: finished at 1922 tokens | answer=9
Trace 7: finished at 1618 tokens | answer=9
Trace 8: finished at 2718 tokens | answer=9
Trace 9: finished at 2888 tokens | answer=9
Trace 10: finished at 2595 tokens | answer=9
Trace 11: finished at 2725 tokens | answer=9
Trace 12: finished at 3122 tokens | answer=9
Trace 13: finished at 4235 tokens | answer=9
Trace 14: finished at 3664 tokens | answer=9
Trace 15: finished at 2528 tokens | answer=9

=== Voting Results Summary ===
  majority: 9 [16 votes]
  mean_confidence_weighted: 9 (conf: 14.820) [16 votes]
  tail_confidence_weighted: 9 (conf: 17.074) [16 votes]
  bottom_window_weighted: 9 (conf: 13.155) [16 votes]
  min_window_weighted: 9 (conf: 12.664) [16 votes]
  top10_tail_filtered: 9 (conf: 17.950) [2 votes]
  top10_bottom_window_filtered: 9 (conf: 13.626) [2 votes]

=== Detailed Voting Results ===
----------------------------------------------------------------------
Method                        Answer      Votes  Confidence  Correct
----------------------------------------------------------------------
majority                      9           16     -           ✓
mean_confidence_weighted      9           16     14.820      ✓
tail_confidence_weighted      9           16     17.074      ✓
bottom_window_weighted        9           16     13.155      ✓
min_window_weighted           9           16     12.664      ✓
top10_tail_filtered           9           2      17.950      ✓
top10_bottom_window_filtered  9           2      13.626      ✓
Q107 done | gt=9 | majority:✓, mean_confidence_weighted:✓, tail_confidence_weighted:✓, bottom_window_weighted:✓, min_window_weighted:✓, top10_tail_filtered:✓, top10_bottom_window_filtered:✓
tokens=44902

============================================================
### Q108
============================================================
Ground truth: 2
Trace 0: finished at 15486 tokens | answer=2
Trace 1: finished at 13391 tokens | answer=2
Trace 2: finished at 17762 tokens | answer=2
Trace 3: finished at 12657 tokens | answer=2
Trace 4: finished at 11600 tokens | answer=2
Trace 5: finished at 11677 tokens | answer=2
Trace 6: finished at 15065 tokens | answer=2
Trace 7: finished at 13440 tokens | answer=2
Trace 8: finished at 13713 tokens | answer=2
Trace 9: finished at 13318 tokens | answer=2
Trace 10: finished at 14448 tokens | answer=2
Trace 11: finished at 10259 tokens | answer=2
Trace 12: finished at 15093 tokens | answer=2
Trace 13: finished at 12491 tokens | answer=2
Trace 14: finished at 10722 tokens | answer=2
Trace 15: finished at 15185 tokens | answer=2

=== Voting Results Summary ===
  majority: 2 [16 votes]
  mean_confidence_weighted: 2 (conf: 15.459) [16 votes]
  tail_confidence_weighted: 2 (conf: 18.276) [16 votes]
  bottom_window_weighted: 2 (conf: 13.131) [16 votes]
  min_window_weighted: 2 (conf: 12.230) [16 votes]
  top10_tail_filtered: 2 (conf: 19.023) [2 votes]
  top10_bottom_window_filtered: 2 (conf: 13.624) [2 votes]

=== Detailed Voting Results ===
----------------------------------------------------------------------
Method                        Answer      Votes  Confidence  Correct
----------------------------------------------------------------------
majority                      2           16     -           ✓
mean_confidence_weighted      2           16     15.459      ✓
tail_confidence_weighted      2           16     18.276      ✓
bottom_window_weighted        2           16     13.131      ✓
min_window_weighted           2           16     12.230      ✓
top10_tail_filtered           2           2      19.023      ✓
top10_bottom_window_filtered  2           2      13.624      ✓
Q108 done | gt=2 | majority:✓, mean_confidence_weighted:✓, tail_confidence_weighted:✓, bottom_window_weighted:✓, min_window_weighted:✓, top10_tail_filtered:✓, top10_bottom_window_filtered:✓
tokens=216307

============================================================
### Q109
============================================================
Ground truth: 120^\circ
Trace 0: finished at 11634 tokens | answer=120
Trace 1: finished at 12781 tokens | answer=120
Trace 2: finished at 9256 tokens | answer=120
Trace 3: finished at 8976 tokens | answer=120
Trace 4: finished at 6022 tokens | answer=120
Trace 5: finished at 13562 tokens | answer=120
Trace 6: finished at 11656 tokens | answer=120
Trace 7: finished at 10114 tokens | answer=120
Trace 8: finished at 12164 tokens | answer=120
Trace 9: finished at 13131 tokens | answer=120
Trace 10: finished at 12371 tokens | answer=120
Trace 11: finished at 8199 tokens | answer=120
Trace 12: finished at 10983 tokens | answer=120
Trace 13: finished at 11861 tokens | answer=120
Trace 14: finished at 12689 tokens | answer=120
Trace 15: finished at 5959 tokens | answer=120

=== Voting Results Summary ===
  majority: 120 [16 votes]
  mean_confidence_weighted: 120 (conf: 15.562) [16 votes]
  tail_confidence_weighted: 120 (conf: 16.802) [16 votes]
  bottom_window_weighted: 120 (conf: 13.448) [16 votes]
  min_window_weighted: 120 (conf: 12.798) [16 votes]
  top10_tail_filtered: 120 (conf: 17.702) [2 votes]
  top10_bottom_window_filtered: 120 (conf: 14.071) [2 votes]

=== Detailed Voting Results ===
----------------------------------------------------------------------
Method                        Answer      Votes  Confidence  Correct
----------------------------------------------------------------------
majority                      120         16     -           ✗
mean_confidence_weighted      120         16     15.562      ✗
tail_confidence_weighted      120         16     16.802      ✗
bottom_window_weighted        120         16     13.448      ✗
min_window_weighted           120         16     12.798      ✗
top10_tail_filtered           120         2      17.702      ✗
top10_bottom_window_filtered  120         2      14.071      ✗
Q109 done | gt=120^\circ | majority:✗, mean_confidence_weighted:✗, tail_confidence_weighted:✗, bottom_window_weighted:✗, min_window_weighted:✗, top10_tail_filtered:✗, top10_bottom_window_filtered:✗
tokens=171358

============================================================
### Q110
============================================================
Ground truth: 504
Trace 0: finished at 29655 tokens | answer=504
Trace 1: finished at 28675 tokens | answer=504
Trace 2: finished at 22946 tokens | answer=504
Trace 3: finished at 22440 tokens | answer=504
Trace 4: finished at 28895 tokens | answer=504
Trace 5: finished at 22631 tokens | answer=504
Trace 6: finished at 32577 tokens | answer=504
Trace 7: finished at 23097 tokens | answer=504
Trace 8: finished at 23260 tokens | answer=504
Trace 9: finished at 20686 tokens | answer=504
Trace 10: finished at 28681 tokens | answer=504
Trace 11: finished at 17995 tokens | answer=504
Trace 12: finished at 23924 tokens | answer=504
Trace 13: finished at 18016 tokens | answer=504
Trace 14: finished at 18961 tokens | answer=504
Trace 15: finished at 22696 tokens | answer=504

=== Voting Results Summary ===
  majority: 504 [16 votes]
  mean_confidence_weighted: 504 (conf: 16.393) [16 votes]
  tail_confidence_weighted: 504 (conf: 17.452) [16 votes]
  bottom_window_weighted: 504 (conf: 13.685) [16 votes]
  min_window_weighted: 504 (conf: 12.153) [16 votes]
  top10_tail_filtered: 504 (conf: 18.288) [2 votes]
  top10_bottom_window_filtered: 504 (conf: 14.347) [2 votes]

=== Detailed Voting Results ===
----------------------------------------------------------------------
Method                        Answer      Votes  Confidence  Correct
----------------------------------------------------------------------
majority                      504         16     -           ✓
mean_confidence_weighted      504         16     16.393      ✓
tail_confidence_weighted      504         16     17.452      ✓
bottom_window_weighted        504         16     13.685      ✓
min_window_weighted           504         16     12.153      ✓
top10_tail_filtered           504         2      18.288      ✓
top10_bottom_window_filtered  504         2      14.347      ✓
Q110 done | gt=504 | majority:✓, mean_confidence_weighted:✓, tail_confidence_weighted:✓, bottom_window_weighted:✓, min_window_weighted:✓, top10_tail_filtered:✓, top10_bottom_window_filtered:✓
tokens=385135

============================================================
### Q111
============================================================
Ground truth: 210
Trace 0: finished at 2821 tokens | answer=210
Trace 1: finished at 2859 tokens | answer=210
Trace 2: finished at 2703 tokens | answer=210
Trace 3: finished at 3063 tokens | answer=210
Trace 4: finished at 1974 tokens | answer=210
Trace 5: finished at 2452 tokens | answer=210
Trace 6: finished at 2757 tokens | answer=210
Trace 7: finished at 2537 tokens | answer=210
Trace 8: finished at 2451 tokens | answer=210
Trace 9: finished at 2539 tokens | answer=210
Trace 10: finished at 1941 tokens | answer=210
Trace 11: finished at 2737 tokens | answer=210
Trace 12: finished at 3102 tokens | answer=210
Trace 13: finished at 2652 tokens | answer=210
Trace 14: finished at 2377 tokens | answer=210
Trace 15: finished at 2827 tokens | answer=210

=== Voting Results Summary ===
  majority: 210 [16 votes]
  mean_confidence_weighted: 210 (conf: 12.238) [16 votes]
  tail_confidence_weighted: 210 (conf: 16.240) [16 votes]
  bottom_window_weighted: 210 (conf: 10.567) [16 votes]
  min_window_weighted: 210 (conf: 10.289) [16 votes]
  top10_tail_filtered: 210 (conf: 17.006) [2 votes]
  top10_bottom_window_filtered: 210 (conf: 10.939) [2 votes]

=== Detailed Voting Results ===
----------------------------------------------------------------------
Method                        Answer      Votes  Confidence  Correct
----------------------------------------------------------------------
majority                      210         16     -           ✓
mean_confidence_weighted      210         16     12.238      ✓
tail_confidence_weighted      210         16     16.240      ✓
bottom_window_weighted        210         16     10.567      ✓
min_window_weighted           210         16     10.289      ✓
top10_tail_filtered           210         2      17.006      ✓
top10_bottom_window_filtered  210         2      10.939      ✓
Q111 done | gt=210 | majority:✓, mean_confidence_weighted:✓, tail_confidence_weighted:✓, bottom_window_weighted:✓, min_window_weighted:✓, top10_tail_filtered:✓, top10_bottom_window_filtered:✓
tokens=41792

============================================================
### Q112
============================================================
Ground truth: 13
Trace 0: finished at 12000 tokens | answer=13
Trace 1: finished at 14352 tokens | answer=13
Trace 2: finished at 10976 tokens | answer=13
Trace 3: finished at 17323 tokens | answer=13
Trace 4: finished at 17575 tokens | answer=13
Trace 5: finished at 10576 tokens | answer=13
Trace 6: finished at 10542 tokens | answer=13
Trace 7: finished at 11392 tokens | answer=13
Trace 8: finished at 15496 tokens | answer=13
Trace 9: finished at 9661 tokens | answer=13
Trace 10: finished at 10580 tokens | answer=13
Trace 11: finished at 9683 tokens | answer=13
Trace 12: finished at 12738 tokens | answer=13
Trace 13: finished at 11553 tokens | answer=13
Trace 14: finished at 10823 tokens | answer=13
Trace 15: finished at 9503 tokens | answer=13

=== Voting Results Summary ===
  majority: 13 [16 votes]
  mean_confidence_weighted: 13 (conf: 14.327) [16 votes]
  tail_confidence_weighted: 13 (conf: 18.171) [16 votes]
  bottom_window_weighted: 13 (conf: 12.354) [16 votes]
  min_window_weighted: 13 (conf: 11.507) [16 votes]
  top10_tail_filtered: 13 (conf: 18.863) [2 votes]
  top10_bottom_window_filtered: 13 (conf: 12.833) [2 votes]

=== Detailed Voting Results ===
----------------------------------------------------------------------
Method                        Answer      Votes  Confidence  Correct
----------------------------------------------------------------------
majority                      13          16     -           ✓
mean_confidence_weighted      13          16     14.327      ✓
tail_confidence_weighted      13          16     18.171      ✓
bottom_window_weighted        13          16     12.354      ✓
min_window_weighted           13          16     11.507      ✓
top10_tail_filtered           13          2      18.863      ✓
top10_bottom_window_filtered  13          2      12.833      ✓
Q112 done | gt=13 | majority:✓, mean_confidence_weighted:✓, tail_confidence_weighted:✓, bottom_window_weighted:✓, min_window_weighted:✓, top10_tail_filtered:✓, top10_bottom_window_filtered:✓
tokens=194773

============================================================
### Q113
============================================================
Ground truth: 8000
Trace 0: finished at 2908 tokens | answer=8000
Trace 1: finished at 1858 tokens | answer=8000
Trace 2: finished at 2222 tokens | answer=8000
Trace 3: finished at 2565 tokens | answer=8000
Trace 4: finished at 2255 tokens | answer=8000
Trace 5: finished at 2453 tokens | answer=8000
Trace 6: finished at 2624 tokens | answer=8000
Trace 7: finished at 1646 tokens | answer=8000
Trace 8: finished at 1618 tokens | answer=8000
Trace 9: finished at 1946 tokens | answer=8000
Trace 10: finished at 2163 tokens | answer=8000
Trace 11: finished at 1986 tokens | answer=8000
Trace 12: finished at 1867 tokens | answer=8000
Trace 13: finished at 1858 tokens | answer=7900
Trace 14: finished at 2952 tokens | answer=8000
Trace 15: finished at 1776 tokens | answer=8000

=== Voting Results Summary ===
  majority: 8000 [16 votes]
  mean_confidence_weighted: 8000 (conf: 15.856) [16 votes]
  tail_confidence_weighted: 8000 (conf: 17.661) [16 votes]
  bottom_window_weighted: 8000 (conf: 14.233) [16 votes]
  min_window_weighted: 8000 (conf: 13.831) [16 votes]
  top10_tail_filtered: 8000 (conf: 18.545) [2 votes]
  top10_bottom_window_filtered: 8000 (conf: 15.252) [2 votes]

=== Detailed Voting Results ===
----------------------------------------------------------------------
Method                        Answer      Votes  Confidence  Correct
----------------------------------------------------------------------
majority                      8000        16     -           ✓
mean_confidence_weighted      8000        16     15.856      ✓
tail_confidence_weighted      8000        16     17.661      ✓
bottom_window_weighted        8000        16     14.233      ✓
min_window_weighted           8000        16     13.831      ✓
top10_tail_filtered           8000        2      18.545      ✓
top10_bottom_window_filtered  8000        2      15.252      ✓
Q113 done | gt=8000 | majority:✓, mean_confidence_weighted:✓, tail_confidence_weighted:✓, bottom_window_weighted:✓, min_window_weighted:✓, top10_tail_filtered:✓, top10_bottom_window_filtered:✓
tokens=34697

============================================================
### Q114
============================================================
Ground truth: -5
Trace 0: finished at 2830 tokens | answer=-5
Trace 1: finished at 2919 tokens | answer=-5
Trace 2: finished at 4651 tokens | answer=-5
Trace 3: finished at 3330 tokens | answer=-5
Trace 4: finished at 2440 tokens | answer=-5
Trace 5: finished at 2945 tokens | answer=-5
Trace 6: finished at 2035 tokens | answer=-5
Trace 7: finished at 2285 tokens | answer=-5
Trace 8: finished at 2782 tokens | answer=-5
Trace 9: finished at 2618 tokens | answer=-5
Trace 10: finished at 2208 tokens | answer=-5
Trace 11: finished at 3200 tokens | answer=-5
Trace 12: finished at 4502 tokens | answer=-5
Trace 13: finished at 2512 tokens | answer=-5
Trace 14: finished at 3186 tokens | answer=-5
Trace 15: finished at 2623 tokens | answer=-5

=== Voting Results Summary ===
  majority: -5 [16 votes]
  mean_confidence_weighted: -5 (conf: 16.705) [16 votes]
  tail_confidence_weighted: -5 (conf: 18.219) [16 votes]
  bottom_window_weighted: -5 (conf: 13.758) [16 votes]
  min_window_weighted: -5 (conf: 13.133) [16 votes]
  top10_tail_filtered: -5 (conf: 18.754) [2 votes]
  top10_bottom_window_filtered: -5 (conf: 15.332) [2 votes]

=== Detailed Voting Results ===
----------------------------------------------------------------------
Method                        Answer      Votes  Confidence  Correct
----------------------------------------------------------------------
majority                      -5          16     -           ✓
mean_confidence_weighted      -5          16     16.705      ✓
tail_confidence_weighted      -5          16     18.219      ✓
bottom_window_weighted        -5          16     13.758      ✓
min_window_weighted           -5          16     13.133      ✓
top10_tail_filtered           -5          2      18.754      ✓
top10_bottom_window_filtered  -5          2      15.332      ✓
Q114 done | gt=-5 | majority:✓, mean_confidence_weighted:✓, tail_confidence_weighted:✓, bottom_window_weighted:✓, min_window_weighted:✓, top10_tail_filtered:✓, top10_bottom_window_filtered:✓
tokens=47066

============================================================
### Q115
============================================================
Ground truth: 1260
Trace 0: finished at 2057 tokens | answer=1260
Trace 1: finished at 2049 tokens | answer=1260
Trace 2: finished at 5352 tokens | answer=1260
Trace 3: finished at 4099 tokens | answer=1260
Trace 4: finished at 2935 tokens | answer=1260
Trace 5: finished at 3209 tokens | answer=1260
Trace 6: finished at 2249 tokens | answer=1260
Trace 7: finished at 2369 tokens | answer=1260
Trace 8: finished at 3326 tokens | answer=1260
Trace 9: finished at 7597 tokens | answer=1260
Trace 10: finished at 1939 tokens | answer=1260
Trace 11: finished at 1943 tokens | answer=1260
Trace 12: finished at 2402 tokens | answer=1260
Trace 13: finished at 2386 tokens | answer=1260
Trace 14: finished at 1750 tokens | answer=1260
Trace 15: finished at 7138 tokens | answer=10080

=== Voting Results Summary ===
  majority: 1260 [16 votes]
  mean_confidence_weighted: 1260 (conf: 14.443) [16 votes]
  tail_confidence_weighted: 1260 (conf: 17.499) [16 votes]
  bottom_window_weighted: 1260 (conf: 12.496) [16 votes]
  min_window_weighted: 1260 (conf: 12.044) [16 votes]
  top10_tail_filtered: 1260 (conf: 18.544) [2 votes]
  top10_bottom_window_filtered: 1260 (conf: 13.727) [2 votes]

=== Detailed Voting Results ===
----------------------------------------------------------------------
Method                        Answer      Votes  Confidence  Correct
----------------------------------------------------------------------
majority                      1260        16     -           ✓
mean_confidence_weighted      1260        16     14.443      ✓
tail_confidence_weighted      1260        16     17.499      ✓
bottom_window_weighted        1260        16     12.496      ✓
min_window_weighted           1260        16     12.044      ✓
top10_tail_filtered           1260        2      18.544      ✓
top10_bottom_window_filtered  1260        2      13.727      ✓
Q115 done | gt=1260 | majority:✓, mean_confidence_weighted:✓, tail_confidence_weighted:✓, bottom_window_weighted:✓, min_window_weighted:✓, top10_tail_filtered:✓, top10_bottom_window_filtered:✓
tokens=52800

============================================================
### Q116
============================================================
Ground truth: 2
Trace 0: finished at 1691 tokens | answer=2
Trace 1: finished at 2515 tokens | answer=2
Trace 2: finished at 1323 tokens | answer=2
Trace 3: finished at 1224 tokens | answer=2
Trace 4: finished at 1488 tokens | answer=2
Trace 5: finished at 1441 tokens | answer=2
Trace 6: finished at 1447 tokens | answer=2
Trace 7: finished at 1379 tokens | answer=2
Trace 8: finished at 1387 tokens | answer=2
Trace 9: finished at 1499 tokens | answer=2
Trace 10: finished at 1191 tokens | answer=2
Trace 11: finished at 1614 tokens | answer=2
Trace 12: finished at 863 tokens | answer=2
Trace 13: finished at 1616 tokens | answer=2
Trace 14: finished at 1419 tokens | answer=2
Trace 15: finished at 1395 tokens | answer=2

=== Voting Results Summary ===
  majority: 2 [16 votes]
  mean_confidence_weighted: 2 (conf: 15.933) [16 votes]
  tail_confidence_weighted: 2 (conf: 18.040) [16 votes]
  bottom_window_weighted: 2 (conf: 14.384) [16 votes]
  min_window_weighted: 2 (conf: 14.130) [16 votes]
  top10_tail_filtered: 2 (conf: 18.568) [2 votes]
  top10_bottom_window_filtered: 2 (conf: 16.112) [2 votes]

=== Detailed Voting Results ===
----------------------------------------------------------------------
Method                        Answer      Votes  Confidence  Correct
----------------------------------------------------------------------
majority                      2           16     -           ✓
mean_confidence_weighted      2           16     15.933      ✓
tail_confidence_weighted      2           16     18.040      ✓
bottom_window_weighted        2           16     14.384      ✓
min_window_weighted           2           16     14.130      ✓
top10_tail_filtered           2           2      18.568      ✓
top10_bottom_window_filtered  2           2      16.112      ✓
Q116 done | gt=2 | majority:✓, mean_confidence_weighted:✓, tail_confidence_weighted:✓, bottom_window_weighted:✓, min_window_weighted:✓, top10_tail_filtered:✓, top10_bottom_window_filtered:✓
tokens=23492

============================================================
### Q117
============================================================
Ground truth: 3
Trace 0: finished at 1505 tokens | answer=3
Trace 1: finished at 1479 tokens | answer=3
Trace 2: finished at 2337 tokens | answer=3
Trace 3: finished at 2724 tokens | answer=3
Trace 4: finished at 1304 tokens | answer=3
Trace 5: finished at 1954 tokens | answer=3
Trace 6: finished at 1228 tokens | answer=3
Trace 7: finished at 1097 tokens | answer=3
Trace 8: finished at 1471 tokens | answer=3
Trace 9: finished at 1517 tokens | answer=3
Trace 10: finished at 1443 tokens | answer=3
Trace 11: finished at 2325 tokens | answer=3
Trace 12: finished at 1461 tokens | answer=3
Trace 13: finished at 2229 tokens | answer=3
Trace 14: finished at 1611 tokens | answer=3
Trace 15: finished at 1370 tokens | answer=3

=== Voting Results Summary ===
  majority: 3 [16 votes]
  mean_confidence_weighted: 3 (conf: 14.769) [16 votes]
  tail_confidence_weighted: 3 (conf: 17.497) [16 votes]
  bottom_window_weighted: 3 (conf: 13.101) [16 votes]
  min_window_weighted: 3 (conf: 12.834) [16 votes]
  top10_tail_filtered: 3 (conf: 18.046) [2 votes]
  top10_bottom_window_filtered: 3 (conf: 13.805) [2 votes]

=== Detailed Voting Results ===
----------------------------------------------------------------------
Method                        Answer      Votes  Confidence  Correct
----------------------------------------------------------------------
majority                      3           16     -           ✓
mean_confidence_weighted      3           16     14.769      ✓
tail_confidence_weighted      3           16     17.497      ✓
bottom_window_weighted        3           16     13.101      ✓
min_window_weighted           3           16     12.834      ✓
top10_tail_filtered           3           2      18.046      ✓
top10_bottom_window_filtered  3           2      13.805      ✓
Q117 done | gt=3 | majority:✓, mean_confidence_weighted:✓, tail_confidence_weighted:✓, bottom_window_weighted:✓, min_window_weighted:✓, top10_tail_filtered:✓, top10_bottom_window_filtered:✓
tokens=27055

============================================================
### Q118
============================================================
Ground truth: 81
Trace 0: finished at 8549 tokens | answer=81
Trace 1: finished at 14879 tokens | answer=81
Trace 2: finished at 10664 tokens | answer=81
Trace 3: finished at 12805 tokens | answer=81
Trace 4: finished at 13551 tokens | answer=81
Trace 5: finished at 15224 tokens | answer=81
Trace 6: finished at 12386 tokens | answer=81
Trace 7: finished at 15774 tokens | answer=81
Trace 8: finished at 10656 tokens | answer=81
Trace 9: finished at 10538 tokens | answer=81
Trace 10: finished at 13017 tokens | answer=81
Trace 11: finished at 12503 tokens | answer=81
Trace 12: finished at 13235 tokens | answer=81
Trace 13: finished at 13907 tokens | answer=81
Trace 14: finished at 7756 tokens | answer=81
Trace 15: finished at 13993 tokens | answer=81

=== Voting Results Summary ===
  majority: 81 [16 votes]
  mean_confidence_weighted: 81 (conf: 15.196) [16 votes]
  tail_confidence_weighted: 81 (conf: 17.202) [16 votes]
  bottom_window_weighted: 81 (conf: 12.969) [16 votes]
  min_window_weighted: 81 (conf: 11.896) [16 votes]
  top10_tail_filtered: 81 (conf: 18.238) [2 votes]
  top10_bottom_window_filtered: 81 (conf: 13.865) [2 votes]

=== Detailed Voting Results ===
----------------------------------------------------------------------
Method                        Answer      Votes  Confidence  Correct
----------------------------------------------------------------------
majority                      81          16     -           ✓
mean_confidence_weighted      81          16     15.196      ✓
tail_confidence_weighted      81          16     17.202      ✓
bottom_window_weighted        81          16     12.969      ✓
min_window_weighted           81          16     11.896      ✓
top10_tail_filtered           81          2      18.238      ✓
top10_bottom_window_filtered  81          2      13.865      ✓
Q118 done | gt=81 | majority:✓, mean_confidence_weighted:✓, tail_confidence_weighted:✓, bottom_window_weighted:✓, min_window_weighted:✓, top10_tail_filtered:✓, top10_bottom_window_filtered:✓
tokens=199437

============================================================
### Q119
============================================================
Ground truth: -9
Trace 0: finished at 15624 tokens | answer=-9
Trace 1: finished at 20310 tokens | answer=-9
Trace 2: finished at 18831 tokens | answer=-9
Trace 3: finished at 20626 tokens | answer=-9
Trace 4: finished at 23577 tokens | answer=-9
Trace 5: finished at 16709 tokens | answer=-9
Trace 6: finished at 24113 tokens | answer=-9
Trace 7: finished at 20160 tokens | answer=-9
Trace 8: finished at 30863 tokens | answer=-9
Trace 9: finished at 19025 tokens | answer=-9
Trace 10: finished at 19177 tokens | answer=-9
Trace 11: finished at 13713 tokens | answer=-9
Trace 12: finished at 15833 tokens | answer=-9
Trace 13: finished at 16461 tokens | answer=-9
Trace 14: finished at 17171 tokens | answer=-9
Trace 15: finished at 14926 tokens | answer=-9

=== Voting Results Summary ===
  majority: -9 [16 votes]
  mean_confidence_weighted: -9 (conf: 12.962) [16 votes]
  tail_confidence_weighted: -9 (conf: 16.279) [16 votes]
  bottom_window_weighted: -9 (conf: 11.130) [16 votes]
  min_window_weighted: -9 (conf: 10.213) [16 votes]
  top10_tail_filtered: -9 (conf: 17.536) [2 votes]
  top10_bottom_window_filtered: -9 (conf: 11.512) [2 votes]

=== Detailed Voting Results ===
----------------------------------------------------------------------
Method                        Answer      Votes  Confidence  Correct
----------------------------------------------------------------------
majority                      -9          16     -           ✓
mean_confidence_weighted      -9          16     12.962      ✓
tail_confidence_weighted      -9          16     16.279      ✓
bottom_window_weighted        -9          16     11.130      ✓
min_window_weighted           -9          16     10.213      ✓
top10_tail_filtered           -9          2      17.536      ✓
top10_bottom_window_filtered  -9          2      11.512      ✓
Q119 done | gt=-9 | majority:✓, mean_confidence_weighted:✓, tail_confidence_weighted:✓, bottom_window_weighted:✓, min_window_weighted:✓, top10_tail_filtered:✓, top10_bottom_window_filtered:✓
tokens=307119

============================================================
### Q120
============================================================
Ground truth: \text{even}
Trace 0: finished at 9743 tokens | answer=\text{even}
Trace 1: finished at 13063 tokens | answer=\text{even}
Trace 2: finished at 9975 tokens | answer=\text{even}
Trace 3: finished at 8372 tokens | answer=\text{even}
Trace 4: finished at 8403 tokens | answer=\text{even}
Trace 5: finished at 10056 tokens | answer=\text{even}
Trace 6: finished at 9225 tokens | answer=\text{even}
Trace 7: finished at 8480 tokens | answer=\text{even}
Trace 8: finished at 7492 tokens | answer=\text{even}
Trace 9: finished at 14220 tokens | answer=\text{even}
Trace 10: finished at 10346 tokens | answer=\text{even}
Trace 11: finished at 6547 tokens | answer=\text{even}
Trace 12: finished at 10756 tokens | answer=\text{even}
Trace 13: finished at 7174 tokens | answer=\text{even}
Trace 14: finished at 8926 tokens | answer=\text{even}
Trace 15: finished at 7434 tokens | answer=\text{even}

=== Voting Results Summary ===
  majority: \text{even} [16 votes]
  mean_confidence_weighted: \text{even} (conf: 13.709) [16 votes]
  tail_confidence_weighted: \text{even} (conf: 15.610) [16 votes]
  bottom_window_weighted: \text{even} (conf: 11.536) [16 votes]
  min_window_weighted: \text{even} (conf: 10.686) [16 votes]
  top10_tail_filtered: \text{even} (conf: 16.853) [2 votes]
  top10_bottom_window_filtered: \text{even} (conf: 12.239) [2 votes]

=== Detailed Voting Results ===
----------------------------------------------------------------------
Method                        Answer      Votes  Confidence  Correct
----------------------------------------------------------------------
majority                      \text{even} 16     -           ✓
mean_confidence_weighted      \text{even} 16     13.709      ✓
tail_confidence_weighted      \text{even} 16     15.610      ✓
bottom_window_weighted        \text{even} 16     11.536      ✓
min_window_weighted           \text{even} 16     10.686      ✓
top10_tail_filtered           \text{even} 2      16.853      ✓
top10_bottom_window_filtered  \text{even} 2      12.239      ✓
Q120 done | gt=\text{even} | majority:✓, mean_confidence_weighted:✓, tail_confidence_weighted:✓, bottom_window_weighted:✓, min_window_weighted:✓, top10_tail_filtered:✓, top10_bottom_window_filtered:✓
tokens=150212

============================================================
### Q121
============================================================
Ground truth: 6
Trace 0: finished at 761 tokens | answer=6
Trace 1: finished at 749 tokens | answer=6
Trace 2: finished at 763 tokens | answer=6
Trace 3: finished at 716 tokens | answer=6
Trace 4: finished at 886 tokens | answer=6
Trace 5: finished at 793 tokens | answer=6
Trace 6: finished at 1053 tokens | answer=6
Trace 7: finished at 1110 tokens | answer=6
Trace 8: finished at 1002 tokens | answer=6
Trace 9: finished at 1011 tokens | answer=6
Trace 10: finished at 790 tokens | answer=6
Trace 11: finished at 915 tokens | answer=6
Trace 12: finished at 851 tokens | answer=6
Trace 13: finished at 967 tokens | answer=6
Trace 14: finished at 1219 tokens | answer=6
Trace 15: finished at 1227 tokens | answer=6

=== Voting Results Summary ===
  majority: 6 [16 votes]
  mean_confidence_weighted: 6 (conf: 15.842) [16 votes]
  tail_confidence_weighted: 6 (conf: 17.065) [16 votes]
  bottom_window_weighted: 6 (conf: 14.946) [16 votes]
  min_window_weighted: 6 (conf: 14.791) [16 votes]
  top10_tail_filtered: 6 (conf: 17.789) [2 votes]
  top10_bottom_window_filtered: 6 (conf: 15.558) [2 votes]

=== Detailed Voting Results ===
----------------------------------------------------------------------
Method                        Answer      Votes  Confidence  Correct
----------------------------------------------------------------------
majority                      6           16     -           ✓
mean_confidence_weighted      6           16     15.842      ✓
tail_confidence_weighted      6           16     17.065      ✓
bottom_window_weighted        6           16     14.946      ✓
min_window_weighted           6           16     14.791      ✓
top10_tail_filtered           6           2      17.789      ✓
top10_bottom_window_filtered  6           2      15.558      ✓
Q121 done | gt=6 | majority:✓, mean_confidence_weighted:✓, tail_confidence_weighted:✓, bottom_window_weighted:✓, min_window_weighted:✓, top10_tail_filtered:✓, top10_bottom_window_filtered:✓
tokens=14813

============================================================
### Q122
============================================================
Ground truth: 9
Trace 0: finished at 1492 tokens | answer=9
Trace 1: finished at 1283 tokens | answer=9
Trace 2: finished at 1356 tokens | answer=9
Trace 3: finished at 1807 tokens | answer=9
Trace 4: finished at 1066 tokens | answer=9
Trace 5: finished at 2371 tokens | answer=9
Trace 6: finished at 1406 tokens | answer=9
Trace 7: finished at 1599 tokens | answer=9
Trace 8: finished at 1728 tokens | answer=9
Trace 9: finished at 1904 tokens | answer=9
Trace 10: finished at 1713 tokens | answer=9
Trace 11: finished at 2306 tokens | answer=9
Trace 12: finished at 1754 tokens | answer=9
Trace 13: finished at 1267 tokens | answer=9
Trace 14: finished at 1464 tokens | answer=9
Trace 15: finished at 1740 tokens | answer=9

=== Voting Results Summary ===
  majority: 9 [16 votes]
  mean_confidence_weighted: 9 (conf: 13.694) [16 votes]
  tail_confidence_weighted: 9 (conf: 15.571) [16 votes]
  bottom_window_weighted: 9 (conf: 11.465) [16 votes]
  min_window_weighted: 9 (conf: 11.086) [16 votes]
  top10_tail_filtered: 9 (conf: 16.558) [2 votes]
  top10_bottom_window_filtered: 9 (conf: 13.031) [2 votes]

=== Detailed Voting Results ===
----------------------------------------------------------------------
Method                        Answer      Votes  Confidence  Correct
----------------------------------------------------------------------
majority                      9           16     -           ✓
mean_confidence_weighted      9           16     13.694      ✓
tail_confidence_weighted      9           16     15.571      ✓
bottom_window_weighted        9           16     11.465      ✓
min_window_weighted           9           16     11.086      ✓
top10_tail_filtered           9           2      16.558      ✓
top10_bottom_window_filtered  9           2      13.031      ✓
Q122 done | gt=9 | majority:✓, mean_confidence_weighted:✓, tail_confidence_weighted:✓, bottom_window_weighted:✓, min_window_weighted:✓, top10_tail_filtered:✓, top10_bottom_window_filtered:✓
tokens=26256

============================================================
### Q123
============================================================
Ground truth: 8
Trace 0: finished at 17143 tokens | answer=8
Trace 1: finished at 12116 tokens | answer=8
Trace 2: finished at 12646 tokens | answer=8
Trace 3: finished at 13798 tokens | answer=8
Trace 4: finished at 13108 tokens | answer=8
Trace 5: finished at 13615 tokens | answer=8
Trace 6: finished at 21630 tokens | answer=8
Trace 7: finished at 11591 tokens | answer=8
Trace 8: finished at 13042 tokens | answer=8
Trace 9: finished at 12525 tokens | answer=8
Trace 10: finished at 23884 tokens | answer=8
Trace 11: finished at 20649 tokens | answer=8
Trace 12: finished at 14070 tokens | answer=8
Trace 13: finished at 7392 tokens | answer=8
Trace 14: finished at 9980 tokens | answer=8
Trace 15: finished at 9190 tokens | answer=8

=== Voting Results Summary ===
  majority: 8 [16 votes]
  mean_confidence_weighted: 8 (conf: 15.244) [16 votes]
  tail_confidence_weighted: 8 (conf: 17.273) [16 votes]
  bottom_window_weighted: 8 (conf: 12.878) [16 votes]
  min_window_weighted: 8 (conf: 11.959) [16 votes]
  top10_tail_filtered: 8 (conf: 18.195) [2 votes]
  top10_bottom_window_filtered: 8 (conf: 13.655) [2 votes]

=== Detailed Voting Results ===
----------------------------------------------------------------------
Method                        Answer      Votes  Confidence  Correct
----------------------------------------------------------------------
majority                      8           16     -           ✓
mean_confidence_weighted      8           16     15.244      ✓
tail_confidence_weighted      8           16     17.273      ✓
bottom_window_weighted        8           16     12.878      ✓
min_window_weighted           8           16     11.959      ✓
top10_tail_filtered           8           2      18.195      ✓
top10_bottom_window_filtered  8           2      13.655      ✓
Q123 done | gt=8 | majority:✓, mean_confidence_weighted:✓, tail_confidence_weighted:✓, bottom_window_weighted:✓, min_window_weighted:✓, top10_tail_filtered:✓, top10_bottom_window_filtered:✓
tokens=226379

============================================================
### Q124
============================================================
Ground truth: \frac{11}{2}
Trace 0: finished at 5948 tokens | answer=\dfrac{11}{2}
Trace 1: finished at 4959 tokens | answer=\dfrac{11}{2}
Trace 2: finished at 5058 tokens | answer=\dfrac{11}{2}
Trace 3: finished at 6812 tokens | answer=\dfrac{11}{2}
Trace 4: finished at 6922 tokens | answer=\dfrac{11}{2}
Trace 5: finished at 6394 tokens | answer=\dfrac{11}{2}
Trace 6: finished at 6584 tokens | answer=\dfrac{11}{2}
Trace 7: finished at 6743 tokens | answer=\dfrac{11}{2}
Trace 8: finished at 7110 tokens | answer=\dfrac{11}{2}
Trace 9: finished at 7534 tokens | answer=\dfrac{11}{2}
Trace 10: finished at 9542 tokens | answer=\dfrac{11}{2}
Trace 11: finished at 5076 tokens | answer=\dfrac{11}{2}
Trace 12: finished at 5294 tokens | answer=\dfrac{11}{2}
Trace 13: finished at 5841 tokens | answer=\dfrac{11}{2}
Trace 14: finished at 4029 tokens | answer=\dfrac{11}{2}
Trace 15: finished at 6991 tokens | answer=\dfrac{11}{2}

=== Voting Results Summary ===
  majority: \dfrac{11}{2} [16 votes]
  mean_confidence_weighted: \dfrac{11}{2} (conf: 15.415) [16 votes]
  tail_confidence_weighted: \dfrac{11}{2} (conf: 16.824) [16 votes]
  bottom_window_weighted: \dfrac{11}{2} (conf: 13.048) [16 votes]
  min_window_weighted: \dfrac{11}{2} (conf: 12.255) [16 votes]
  top10_tail_filtered: \dfrac{11}{2} (conf: 17.448) [2 votes]
  top10_bottom_window_filtered: \dfrac{11}{2} (conf: 13.628) [2 votes]

=== Detailed Voting Results ===
----------------------------------------------------------------------
Method                        Answer      Votes  Confidence  Correct
----------------------------------------------------------------------
majority                      \dfrac{11}{2} 16     -           ✓
mean_confidence_weighted      \dfrac{11}{2} 16     15.415      ✓
tail_confidence_weighted      \dfrac{11}{2} 16     16.824      ✓
bottom_window_weighted        \dfrac{11}{2} 16     13.048      ✓
min_window_weighted           \dfrac{11}{2} 16     12.255      ✓
top10_tail_filtered           \dfrac{11}{2} 2      17.448      ✓
top10_bottom_window_filtered  \dfrac{11}{2} 2      13.628      ✓
Q124 done | gt=\frac{11}{2} | majority:✓, mean_confidence_weighted:✓, tail_confidence_weighted:✓, bottom_window_weighted:✓, min_window_weighted:✓, top10_tail_filtered:✓, top10_bottom_window_filtered:✓
tokens=100837

============================================================
### Q125
============================================================
Ground truth: -3
Trace 0: finished at 3732 tokens | answer=-3
Trace 1: finished at 4130 tokens | answer=-3
Trace 2: finished at 8089 tokens | answer=-3
Trace 3: finished at 1252 tokens | answer=-3
Trace 4: finished at 3258 tokens | answer=-3
Trace 5: finished at 1492 tokens | answer=-3
Trace 6: finished at 2272 tokens | answer=-3
Trace 7: finished at 1731 tokens | answer=-3
Trace 8: finished at 1660 tokens | answer=-3
Trace 9: finished at 1270 tokens | answer=-3
Trace 10: finished at 1237 tokens | answer=-3
Trace 11: finished at 1362 tokens | answer=-3
Trace 12: finished at 1611 tokens | answer=-3
Trace 13: finished at 2030 tokens | answer=-3
Trace 14: finished at 2029 tokens | answer=-3
Trace 15: finished at 1349 tokens | answer=-3

=== Voting Results Summary ===
  majority: -3 [16 votes]
  mean_confidence_weighted: -3 (conf: 15.349) [16 votes]
  tail_confidence_weighted: -3 (conf: 17.897) [16 votes]
  bottom_window_weighted: -3 (conf: 13.570) [16 votes]
  min_window_weighted: -3 (conf: 13.238) [16 votes]
  top10_tail_filtered: -3 (conf: 18.652) [2 votes]
  top10_bottom_window_filtered: -3 (conf: 14.201) [2 votes]

=== Detailed Voting Results ===
----------------------------------------------------------------------
Method                        Answer      Votes  Confidence  Correct
----------------------------------------------------------------------
majority                      -3          16     -           ✓
mean_confidence_weighted      -3          16     15.349      ✓
tail_confidence_weighted      -3          16     17.897      ✓
bottom_window_weighted        -3          16     13.570      ✓
min_window_weighted           -3          16     13.238      ✓
top10_tail_filtered           -3          2      18.652      ✓
top10_bottom_window_filtered  -3          2      14.201      ✓
Q125 done | gt=-3 | majority:✓, mean_confidence_weighted:✓, tail_confidence_weighted:✓, bottom_window_weighted:✓, min_window_weighted:✓, top10_tail_filtered:✓, top10_bottom_window_filtered:✓
tokens=38504

============================================================
### Q126
============================================================
Ground truth: 1+274i
Trace 0: finished at 5896 tokens | answer=1+274i
Trace 1: finished at 12990 tokens | answer=1+274i
Trace 2: finished at 11418 tokens | answer=1+274i
Trace 3: finished at 11943 tokens | answer=1+274i
Trace 4: finished at 6942 tokens | answer=1+274i
Trace 5: finished at 8617 tokens | answer=1+274i
Trace 6: finished at 13432 tokens | answer=1+274i
Trace 7: finished at 18715 tokens | answer=1+274i
Trace 8: finished at 14915 tokens | answer=1+274i
Trace 9: finished at 7051 tokens | answer=1+274i
Trace 10: finished at 9924 tokens | answer=1+274i
Trace 11: finished at 37148 tokens | answer=\dfrac{1 + 275i}{1 + 273i}
Trace 12: finished at 15999 tokens | answer=1+274i
Trace 13: finished at 56043 tokens | answer=\frac{35912 + i}{35645}
Trace 14: finished at 9045 tokens | answer=1+274i
Trace 15: finished at 50341 tokens | answer=\frac{1}{137} + i

=== Voting Results Summary ===
  majority: 1+274i [16 votes]
  mean_confidence_weighted: 1+274i (conf: 15.557) [16 votes]
  tail_confidence_weighted: 1+274i (conf: 16.912) [16 votes]
  bottom_window_weighted: 1+274i (conf: 13.245) [16 votes]
  min_window_weighted: 1+274i (conf: 12.113) [16 votes]
  top10_tail_filtered: 1+274i (conf: 18.335) [2 votes]
  top10_bottom_window_filtered: 1+274i (conf: 13.995) [2 votes]

=== Detailed Voting Results ===
----------------------------------------------------------------------
Method                        Answer      Votes  Confidence  Correct
----------------------------------------------------------------------
majority                      1+274i      16     -           ✓
mean_confidence_weighted      1+274i      16     15.557      ✓
tail_confidence_weighted      1+274i      16     16.912      ✓
bottom_window_weighted        1+274i      16     13.245      ✓
min_window_weighted           1+274i      16     12.113      ✓
top10_tail_filtered           1+274i      2      18.335      ✓
top10_bottom_window_filtered  1+274i      2      13.995      ✓
Q126 done | gt=1+274i | majority:✓, mean_confidence_weighted:✓, tail_confidence_weighted:✓, bottom_window_weighted:✓, min_window_weighted:✓, top10_tail_filtered:✓, top10_bottom_window_filtered:✓
tokens=290419

============================================================
### Q127
============================================================
Ground truth: 4210_{5}
Trace 0: finished at 1841 tokens | answer=4210
Trace 1: finished at 2417 tokens | answer=4210
Trace 2: finished at 2429 tokens | answer=4210
Trace 3: finished at 3078 tokens | answer=4210_5
Trace 4: finished at 3515 tokens | answer=4210
Trace 5: finished at 2790 tokens | answer=4210
Trace 6: finished at 2701 tokens | answer=4210
Trace 7: finished at 3979 tokens | answer=4210
Trace 8: finished at 2286 tokens | answer=4210
Trace 9: finished at 2511 tokens | answer=4210_5
Trace 10: finished at 2757 tokens | answer=4210
Trace 11: finished at 2793 tokens | answer=4210
Trace 12: finished at 2238 tokens | answer=4210
Trace 13: finished at 2435 tokens | answer=4210
Trace 14: finished at 4706 tokens | answer=4210_5
Trace 15: finished at 3881 tokens | answer=4210_5

=== Voting Results Summary ===
  majority: 4210 [16 votes]
  mean_confidence_weighted: 4210 (conf: 14.744) [16 votes]
  tail_confidence_weighted: 4210 (conf: 17.808) [16 votes]
  bottom_window_weighted: 4210 (conf: 12.298) [16 votes]
  min_window_weighted: 4210 (conf: 11.869) [16 votes]
  top10_tail_filtered: 4210 (conf: 18.428) [2 votes]
  top10_bottom_window_filtered: 4210 (conf: 13.459) [2 votes]

=== Detailed Voting Results ===
----------------------------------------------------------------------
Method                        Answer      Votes  Confidence  Correct
----------------------------------------------------------------------
majority                      4210        16     -           ✓
mean_confidence_weighted      4210        16     14.744      ✓
tail_confidence_weighted      4210        16     17.808      ✓
bottom_window_weighted        4210        16     12.298      ✓
min_window_weighted           4210        16     11.869      ✓
top10_tail_filtered           4210        2      18.428      ✓
top10_bottom_window_filtered  4210        2      13.459      ✓
Q127 done | gt=4210_{5} | majority:✓, mean_confidence_weighted:✓, tail_confidence_weighted:✓, bottom_window_weighted:✓, min_window_weighted:✓, top10_tail_filtered:✓, top10_bottom_window_filtered:✓
tokens=46357

============================================================
### Q128
============================================================
Ground truth: 36
Trace 0: finished at 8507 tokens | answer=36
Trace 1: finished at 8242 tokens | answer=36
Trace 2: finished at 9291 tokens | answer=36
Trace 3: finished at 8062 tokens | answer=36
Trace 4: finished at 11558 tokens | answer=36
Trace 5: finished at 9186 tokens | answer=36
Trace 6: finished at 8032 tokens | answer=36
Trace 7: finished at 8217 tokens | answer=36
Trace 8: finished at 6901 tokens | answer=36
Trace 9: finished at 10068 tokens | answer=36
Trace 10: finished at 8494 tokens | answer=4
Trace 11: finished at 9122 tokens | answer=36
Trace 12: finished at 7875 tokens | answer=36
Trace 13: finished at 9267 tokens | answer=36
Trace 14: finished at 9856 tokens | answer=36
Trace 15: finished at 8652 tokens | answer=8

=== Voting Results Summary ===
  majority: 36 [16 votes]
  mean_confidence_weighted: 36 (conf: 11.569) [16 votes]
  tail_confidence_weighted: 36 (conf: 14.507) [16 votes]
  bottom_window_weighted: 36 (conf: 10.036) [16 votes]
  min_window_weighted: 36 (conf: 9.584) [16 votes]
  top10_tail_filtered: 36 (conf: 15.833) [2 votes]
  top10_bottom_window_filtered: 36 (conf: 10.645) [2 votes]

=== Detailed Voting Results ===
----------------------------------------------------------------------
Method                        Answer      Votes  Confidence  Correct
----------------------------------------------------------------------
majority                      36          16     -           ✓
mean_confidence_weighted      36          16     11.569      ✓
tail_confidence_weighted      36          16     14.507      ✓
bottom_window_weighted        36          16     10.036      ✓
min_window_weighted           36          16     9.584       ✓
top10_tail_filtered           36          2      15.833      ✓
top10_bottom_window_filtered  36          2      10.645      ✓
Q128 done | gt=36 | majority:✓, mean_confidence_weighted:✓, tail_confidence_weighted:✓, bottom_window_weighted:✓, min_window_weighted:✓, top10_tail_filtered:✓, top10_bottom_window_filtered:✓
tokens=141330

============================================================
### Q129
============================================================
Ground truth: \frac{3840}{289}
Trace 0: finished at 6286 tokens | answer=\dfrac{3840}{289}
Trace 1: finished at 9880 tokens | answer=\dfrac{3840}{289}
Trace 2: finished at 9055 tokens | answer=\dfrac{3840}{289}
Trace 3: finished at 10230 tokens | answer=\dfrac{3840}{289}
Trace 4: finished at 8408 tokens | answer=\dfrac{3840}{289}
Trace 5: finished at 6847 tokens | answer=\dfrac{3840}{289}
Trace 6: finished at 7477 tokens | answer=\dfrac{3840}{289}
Trace 7: finished at 7154 tokens | answer=\dfrac{3840}{289}
Trace 8: finished at 9253 tokens | answer=\dfrac{3840}{289}
Trace 9: finished at 8111 tokens | answer=\dfrac{3840}{289}
Trace 10: finished at 9659 tokens | answer=\dfrac{3840}{289}
Trace 11: finished at 8905 tokens | answer=\dfrac{3840}{289}
Trace 12: finished at 6906 tokens | answer=\dfrac{3840}{289}
Trace 13: finished at 8664 tokens | answer=\dfrac{3840}{289}
Trace 14: finished at 11223 tokens | answer=\dfrac{3840}{289}
Trace 15: finished at 7726 tokens | answer=\dfrac{3840}{289}

=== Voting Results Summary ===
  majority: \dfrac{3840}{289} [16 votes]
  mean_confidence_weighted: \dfrac{3840}{289} (conf: 16.615) [16 votes]
  tail_confidence_weighted: \dfrac{3840}{289} (conf: 18.218) [16 votes]
  bottom_window_weighted: \dfrac{3840}{289} (conf: 13.974) [16 votes]
  min_window_weighted: \dfrac{3840}{289} (conf: 13.116) [16 votes]
  top10_tail_filtered: \dfrac{3840}{289} (conf: 18.796) [2 votes]
  top10_bottom_window_filtered: \dfrac{3840}{289} (conf: 14.743) [2 votes]

=== Detailed Voting Results ===
----------------------------------------------------------------------
Method                        Answer      Votes  Confidence  Correct
----------------------------------------------------------------------
majority                      \dfrac{3840}{289} 16     -           ✓
mean_confidence_weighted      \dfrac{3840}{289} 16     16.615      ✓
tail_confidence_weighted      \dfrac{3840}{289} 16     18.218      ✓
bottom_window_weighted        \dfrac{3840}{289} 16     13.974      ✓
min_window_weighted           \dfrac{3840}{289} 16     13.116      ✓
top10_tail_filtered           \dfrac{3840}{289} 2      18.796      ✓
top10_bottom_window_filtered  \dfrac{3840}{289} 2      14.743      ✓
Q129 done | gt=\frac{3840}{289} | majority:✓, mean_confidence_weighted:✓, tail_confidence_weighted:✓, bottom_window_weighted:✓, min_window_weighted:✓, top10_tail_filtered:✓, top10_bottom_window_filtered:✓
tokens=135784

============================================================
### Q130
============================================================
Ground truth: 13
Trace 0: finished at 6466 tokens | answer=13
Trace 1: finished at 5503 tokens | answer=13
Trace 2: finished at 3987 tokens | answer=13
Trace 3: finished at 7233 tokens | answer=13
Trace 4: finished at 5868 tokens | answer=13
Trace 5: finished at 6420 tokens | answer=13
Trace 6: finished at 5111 tokens | answer=13
Trace 7: finished at 6160 tokens | answer=13
Trace 8: finished at 5847 tokens | answer=13
Trace 9: finished at 4801 tokens | answer=13
Trace 10: finished at 4757 tokens | answer=13
Trace 11: finished at 5710 tokens | answer=13
Trace 12: finished at 6524 tokens | answer=13
Trace 13: finished at 5399 tokens | answer=13
Trace 14: finished at 7615 tokens | answer=13
Trace 15: finished at 4737 tokens | answer=13

=== Voting Results Summary ===
  majority: 13 [16 votes]
  mean_confidence_weighted: 13 (conf: 15.443) [16 votes]
  tail_confidence_weighted: 13 (conf: 17.015) [16 votes]
  bottom_window_weighted: 13 (conf: 13.345) [16 votes]
  min_window_weighted: 13 (conf: 12.702) [16 votes]
  top10_tail_filtered: 13 (conf: 17.703) [2 votes]
  top10_bottom_window_filtered: 13 (conf: 13.713) [2 votes]

=== Detailed Voting Results ===
----------------------------------------------------------------------
Method                        Answer      Votes  Confidence  Correct
----------------------------------------------------------------------
majority                      13          16     -           ✓
mean_confidence_weighted      13          16     15.443      ✓
tail_confidence_weighted      13          16     17.015      ✓
bottom_window_weighted        13          16     13.345      ✓
min_window_weighted           13          16     12.702      ✓
top10_tail_filtered           13          2      17.703      ✓
top10_bottom_window_filtered  13          2      13.713      ✓
Q130 done | gt=13 | majority:✓, mean_confidence_weighted:✓, tail_confidence_weighted:✓, bottom_window_weighted:✓, min_window_weighted:✓, top10_tail_filtered:✓, top10_bottom_window_filtered:✓
tokens=92138

============================================================
### Q131
============================================================
Ground truth: 8
Trace 0: finished at 2898 tokens | answer=8
Trace 1: finished at 3406 tokens | answer=8
Trace 2: finished at 3903 tokens | answer=8
Trace 3: finished at 1652 tokens | answer=8
Trace 4: finished at 1928 tokens | answer=8
Trace 5: finished at 3298 tokens | answer=8
Trace 6: finished at 2049 tokens | answer=8
Trace 7: finished at 2206 tokens | answer=8
Trace 8: finished at 2791 tokens | answer=8
Trace 9: finished at 1710 tokens | answer=8
Trace 10: finished at 2941 tokens | answer=8
Trace 11: finished at 2068 tokens | answer=8
Trace 12: finished at 2949 tokens | answer=8
Trace 13: finished at 4900 tokens | answer=8
Trace 14: finished at 1871 tokens | answer=8
Trace 15: finished at 2417 tokens | answer=8

=== Voting Results Summary ===
  majority: 8 [16 votes]
  mean_confidence_weighted: 8 (conf: 15.774) [16 votes]
  tail_confidence_weighted: 8 (conf: 18.061) [16 votes]
  bottom_window_weighted: 8 (conf: 13.321) [16 votes]
  min_window_weighted: 8 (conf: 12.816) [16 votes]
  top10_tail_filtered: 8 (conf: 18.548) [2 votes]
  top10_bottom_window_filtered: 8 (conf: 14.693) [2 votes]

=== Detailed Voting Results ===
----------------------------------------------------------------------
Method                        Answer      Votes  Confidence  Correct
----------------------------------------------------------------------
majority                      8           16     -           ✓
mean_confidence_weighted      8           16     15.774      ✓
tail_confidence_weighted      8           16     18.061      ✓
bottom_window_weighted        8           16     13.321      ✓
min_window_weighted           8           16     12.816      ✓
top10_tail_filtered           8           2      18.548      ✓
top10_bottom_window_filtered  8           2      14.693      ✓
Q131 done | gt=8 | majority:✓, mean_confidence_weighted:✓, tail_confidence_weighted:✓, bottom_window_weighted:✓, min_window_weighted:✓, top10_tail_filtered:✓, top10_bottom_window_filtered:✓
tokens=42987

============================================================
### Q132
============================================================
Ground truth: 4
Trace 0: finished at 2481 tokens | answer=4
Trace 1: finished at 2272 tokens | answer=4
Trace 2: finished at 2151 tokens | answer=4
Trace 3: finished at 2093 tokens | answer=4
Trace 4: finished at 2329 tokens | answer=4
Trace 5: finished at 3508 tokens | answer=4
Trace 6: finished at 1541 tokens | answer=4
Trace 7: finished at 2286 tokens | answer=4
Trace 8: finished at 1982 tokens | answer=4
Trace 9: finished at 2724 tokens | answer=4
Trace 10: finished at 2160 tokens | answer=4
Trace 11: finished at 2555 tokens | answer=4
Trace 12: finished at 2277 tokens | answer=4
Trace 13: finished at 2578 tokens | answer=4
Trace 14: finished at 2433 tokens | answer=4
Trace 15: finished at 3938 tokens | answer=4

=== Voting Results Summary ===
  majority: 4 [16 votes]
  mean_confidence_weighted: 4 (conf: 12.297) [16 votes]
  tail_confidence_weighted: 4 (conf: 14.385) [16 votes]
  bottom_window_weighted: 4 (conf: 10.863) [16 votes]
  min_window_weighted: 4 (conf: 10.535) [16 votes]
  top10_tail_filtered: 4 (conf: 15.429) [2 votes]
  top10_bottom_window_filtered: 4 (conf: 11.700) [2 votes]

=== Detailed Voting Results ===
----------------------------------------------------------------------
Method                        Answer      Votes  Confidence  Correct
----------------------------------------------------------------------
majority                      4           16     -           ✓
mean_confidence_weighted      4           16     12.297      ✓
tail_confidence_weighted      4           16     14.385      ✓
bottom_window_weighted        4           16     10.863      ✓
min_window_weighted           4           16     10.535      ✓
top10_tail_filtered           4           2      15.429      ✓
top10_bottom_window_filtered  4           2      11.700      ✓
Q132 done | gt=4 | majority:✓, mean_confidence_weighted:✓, tail_confidence_weighted:✓, bottom_window_weighted:✓, min_window_weighted:✓, top10_tail_filtered:✓, top10_bottom_window_filtered:✓
tokens=39308

============================================================
### Q133
============================================================
Ground truth: 120
Trace 0: finished at 28032 tokens | answer=120
Trace 1: finished at 9405 tokens | answer=120
Trace 2: finished at 5080 tokens | answer=120
Trace 3: finished at 8223 tokens | answer=120
Trace 4: finished at 21228 tokens | answer=120
Trace 5: finished at 12559 tokens | answer=120
Trace 6: finished at 18656 tokens | answer=120
Trace 7: finished at 24641 tokens | answer=120
Trace 8: finished at 18622 tokens | answer=120
Trace 9: finished at 7957 tokens | answer=120
Trace 10: finished at 7819 tokens | answer=120
Trace 11: finished at 11705 tokens | answer=120
Trace 12: finished at 11397 tokens | answer=120
Trace 13: finished at 23588 tokens | answer=120
Trace 14: finished at 14511 tokens | answer=120
Trace 15: finished at 18024 tokens | answer=120

=== Voting Results Summary ===
  majority: 120 [16 votes]
  mean_confidence_weighted: 120 (conf: 15.462) [16 votes]
  tail_confidence_weighted: 120 (conf: 18.228) [16 votes]
  bottom_window_weighted: 120 (conf: 13.181) [16 votes]
  min_window_weighted: 120 (conf: 12.451) [16 votes]
  top10_tail_filtered: 120 (conf: 19.474) [2 votes]
  top10_bottom_window_filtered: 120 (conf: 13.715) [2 votes]

=== Detailed Voting Results ===
----------------------------------------------------------------------
Method                        Answer      Votes  Confidence  Correct
----------------------------------------------------------------------
majority                      120         16     -           ✓
mean_confidence_weighted      120         16     15.462      ✓
tail_confidence_weighted      120         16     18.228      ✓
bottom_window_weighted        120         16     13.181      ✓
min_window_weighted           120         16     12.451      ✓
top10_tail_filtered           120         2      19.474      ✓
top10_bottom_window_filtered  120         2      13.715      ✓
Q133 done | gt=120 | majority:✓, mean_confidence_weighted:✓, tail_confidence_weighted:✓, bottom_window_weighted:✓, min_window_weighted:✓, top10_tail_filtered:✓, top10_bottom_window_filtered:✓
tokens=241447

============================================================
### Q134
============================================================
Ground truth: 16
Trace 0: finished at 6155 tokens | answer=16
Trace 1: finished at 3980 tokens | answer=16
Trace 2: finished at 2713 tokens | answer=16
Trace 3: finished at 4369 tokens | answer=16
Trace 4: finished at 13862 tokens | answer=16
Trace 5: finished at 4391 tokens | answer=16
Trace 6: finished at 7235 tokens | answer=16
Trace 7: finished at 10719 tokens | answer=16
Trace 8: finished at 8065 tokens | answer=16
Trace 9: finished at 5986 tokens | answer=16
Trace 10: finished at 6922 tokens | answer=16
Trace 11: finished at 6442 tokens | answer=16
Trace 12: finished at 8867 tokens | answer=16
Trace 13: finished at 3133 tokens | answer=16
Trace 14: finished at 10858 tokens | answer=16
Trace 15: finished at 7061 tokens | answer=16

=== Voting Results Summary ===
  majority: 16 [16 votes]
  mean_confidence_weighted: 16 (conf: 16.226) [16 votes]
  tail_confidence_weighted: 16 (conf: 19.246) [16 votes]
  bottom_window_weighted: 16 (conf: 13.749) [16 votes]
  min_window_weighted: 16 (conf: 13.027) [16 votes]
  top10_tail_filtered: 16 (conf: 20.273) [2 votes]
  top10_bottom_window_filtered: 16 (conf: 14.997) [2 votes]

=== Detailed Voting Results ===
----------------------------------------------------------------------
Method                        Answer      Votes  Confidence  Correct
----------------------------------------------------------------------
majority                      16          16     -           ✓
mean_confidence_weighted      16          16     16.226      ✓
tail_confidence_weighted      16          16     19.246      ✓
bottom_window_weighted        16          16     13.749      ✓
min_window_weighted           16          16     13.027      ✓
top10_tail_filtered           16          2      20.273      ✓
top10_bottom_window_filtered  16          2      14.997      ✓
Q134 done | gt=16 | majority:✓, mean_confidence_weighted:✓, tail_confidence_weighted:✓, bottom_window_weighted:✓, min_window_weighted:✓, top10_tail_filtered:✓, top10_bottom_window_filtered:✓
tokens=110758

============================================================
### Q135
============================================================
Ground truth: 9
Trace 0: finished at 4001 tokens | answer=9
Trace 1: finished at 6765 tokens | answer=9
Trace 2: finished at 4266 tokens | answer=9
Trace 3: finished at 4055 tokens | answer=9
Trace 4: finished at 2580 tokens | answer=9
Trace 5: finished at 5999 tokens | answer=9
Trace 6: finished at 3015 tokens | answer=9
Trace 7: finished at 5184 tokens | answer=9
Trace 8: finished at 5125 tokens | answer=9
Trace 9: finished at 3241 tokens | answer=9
Trace 10: finished at 4757 tokens | answer=9
Trace 11: finished at 3541 tokens | answer=9
Trace 12: finished at 4817 tokens | answer=9
Trace 13: finished at 4552 tokens | answer=9
Trace 14: finished at 5936 tokens | answer=9
Trace 15: finished at 4199 tokens | answer=9

=== Voting Results Summary ===
  majority: 9 [16 votes]
  mean_confidence_weighted: 9 (conf: 14.513) [16 votes]
  tail_confidence_weighted: 9 (conf: 18.054) [16 votes]
  bottom_window_weighted: 9 (conf: 12.507) [16 votes]
  min_window_weighted: 9 (conf: 11.998) [16 votes]
  top10_tail_filtered: 9 (conf: 19.355) [2 votes]
  top10_bottom_window_filtered: 9 (conf: 12.889) [2 votes]

=== Detailed Voting Results ===
----------------------------------------------------------------------
Method                        Answer      Votes  Confidence  Correct
----------------------------------------------------------------------
majority                      9           16     -           ✓
mean_confidence_weighted      9           16     14.513      ✓
tail_confidence_weighted      9           16     18.054      ✓
bottom_window_weighted        9           16     12.507      ✓
min_window_weighted           9           16     11.998      ✓
top10_tail_filtered           9           2      19.355      ✓
top10_bottom_window_filtered  9           2      12.889      ✓
Q135 done | gt=9 | majority:✓, mean_confidence_weighted:✓, tail_confidence_weighted:✓, bottom_window_weighted:✓, min_window_weighted:✓, top10_tail_filtered:✓, top10_bottom_window_filtered:✓
tokens=72033

============================================================
### Q136
============================================================
Ground truth: 64
Trace 0: truncated at 64000 tokens | answer=None
Trace 1: finished at 45692 tokens | answer=64
Trace 2: finished at 44808 tokens | answer=64
Trace 3: finished at 50533 tokens | answer=129
Trace 4: finished at 61711 tokens | answer=130
Trace 5: finished at 49201 tokens | answer=64
Trace 6: finished at 37179 tokens | answer=64
Trace 7: finished at 53274 tokens | answer=64
Trace 8: finished at 41661 tokens | answer=64
Trace 9: finished at 53401 tokens | answer=64
Trace 10: finished at 43721 tokens | answer=192
Trace 11: finished at 44911 tokens | answer=64
Trace 12: finished at 44307 tokens | answer=64
Trace 13: finished at 46810 tokens | answer=64
Trace 14: finished at 45957 tokens | answer=64
Trace 15: finished at 44527 tokens | answer=64

=== Voting Results Summary ===
  majority: 64 [15 votes]
  mean_confidence_weighted: 64 (conf: 14.694) [15 votes]
  tail_confidence_weighted: 64 (conf: 15.412) [15 votes]
  bottom_window_weighted: 64 (conf: 12.494) [15 votes]
  min_window_weighted: 64 (conf: 11.628) [15 votes]
  top10_tail_filtered: 129 (conf: 17.981) [2 votes]
  top10_bottom_window_filtered: 64 (conf: 12.918) [2 votes]

=== Detailed Voting Results ===
----------------------------------------------------------------------
Method                        Answer      Votes  Confidence  Correct
----------------------------------------------------------------------
majority                      64          15     -           ✓
mean_confidence_weighted      64          15     14.694      ✓
tail_confidence_weighted      64          15     15.412      ✓
bottom_window_weighted        64          15     12.494      ✓
min_window_weighted           64          15     11.628      ✓
top10_tail_filtered           129         2      17.981      ✗
top10_bottom_window_filtered  64          2      12.918      ✓
Q136 done | gt=64 | majority:✓, mean_confidence_weighted:✓, tail_confidence_weighted:✓, bottom_window_weighted:✓, min_window_weighted:✓, top10_tail_filtered:✗, top10_bottom_window_filtered:✓
tokens=771693

============================================================
### Q137
============================================================
Ground truth: 204_5
Trace 0: finished at 3451 tokens | answer=204_5
Trace 1: finished at 19835 tokens | answer=204_5
Trace 2: finished at 2923 tokens | answer=204_5
Trace 3: finished at 4684 tokens | answer=204_5
Trace 4: finished at 4763 tokens | answer=204_5
Trace 5: finished at 4483 tokens | answer=204_5
Trace 6: finished at 4125 tokens | answer=204_5
Trace 7: finished at 4338 tokens | answer=204_5
Trace 8: finished at 16540 tokens | answer=204_5
Trace 9: finished at 8711 tokens | answer=204_5
Trace 10: finished at 9324 tokens | answer=204_5
Trace 11: finished at 2414 tokens | answer=204_5
Trace 12: finished at 4610 tokens | answer=204_5
Trace 13: finished at 4211 tokens | answer=204_5
Trace 14: finished at 5371 tokens | answer=204_5
Trace 15: finished at 5925 tokens | answer=204_5

=== Voting Results Summary ===
  majority: 204_5 [16 votes]
  mean_confidence_weighted: 204_5 (conf: 14.222) [16 votes]
  tail_confidence_weighted: 204_5 (conf: 16.579) [16 votes]
  bottom_window_weighted: 204_5 (conf: 12.204) [16 votes]
  min_window_weighted: 204_5 (conf: 11.712) [16 votes]
  top10_tail_filtered: 204_5 (conf: 17.981) [2 votes]
  top10_bottom_window_filtered: 204_5 (conf: 13.387) [2 votes]

=== Detailed Voting Results ===
----------------------------------------------------------------------
Method                        Answer      Votes  Confidence  Correct
----------------------------------------------------------------------
majority                      204_5       16     -           ✓
mean_confidence_weighted      204_5       16     14.222      ✓
tail_confidence_weighted      204_5       16     16.579      ✓
bottom_window_weighted        204_5       16     12.204      ✓
min_window_weighted           204_5       16     11.712      ✓
top10_tail_filtered           204_5       2      17.981      ✓
top10_bottom_window_filtered  204_5       2      13.387      ✓
Q137 done | gt=204_5 | majority:✓, mean_confidence_weighted:✓, tail_confidence_weighted:✓, bottom_window_weighted:✓, min_window_weighted:✓, top10_tail_filtered:✓, top10_bottom_window_filtered:✓
tokens=105708

============================================================
### Q138
============================================================
Ground truth: \frac{1}{3}
Trace 0: finished at 10070 tokens | answer=\dfrac{1}{3}
Trace 1: finished at 6584 tokens | answer=\dfrac{1}{3}
Trace 2: finished at 6892 tokens | answer=\dfrac{1}{3}
Trace 3: finished at 7948 tokens | answer=\dfrac{1}{3}
Trace 4: finished at 8187 tokens | answer=\dfrac{1}{3}
Trace 5: finished at 7173 tokens | answer=\dfrac{1}{3}
Trace 6: finished at 6551 tokens | answer=\dfrac{1}{3}
Trace 7: finished at 7075 tokens | answer=\dfrac{1}{3}
Trace 8: finished at 6629 tokens | answer=\dfrac{1}{3}
Trace 9: finished at 7717 tokens | answer=\dfrac{1}{3}
Trace 10: finished at 7903 tokens | answer=\dfrac{1}{3}
Trace 11: finished at 7181 tokens | answer=\dfrac{1}{3}
Trace 12: finished at 8442 tokens | answer=\dfrac{1}{6}
Trace 13: finished at 7508 tokens | answer=\dfrac{1}{3}
Trace 14: finished at 5962 tokens | answer=\dfrac{1}{3}
Trace 15: finished at 8727 tokens | answer=\dfrac{1}{3}

=== Voting Results Summary ===
  majority: \dfrac{1}{3} [16 votes]
  mean_confidence_weighted: \dfrac{1}{3} (conf: 11.299) [16 votes]
  tail_confidence_weighted: \dfrac{1}{3} (conf: 15.392) [16 votes]
  bottom_window_weighted: \dfrac{1}{3} (conf: 9.898) [16 votes]
  min_window_weighted: \dfrac{1}{3} (conf: 9.377) [16 votes]
  top10_tail_filtered: \dfrac{1}{3} (conf: 16.312) [2 votes]
  top10_bottom_window_filtered: \dfrac{1}{3} (conf: 10.336) [2 votes]

=== Detailed Voting Results ===
----------------------------------------------------------------------
Method                        Answer      Votes  Confidence  Correct
----------------------------------------------------------------------
majority                      \dfrac{1}{3} 16     -           ✓
mean_confidence_weighted      \dfrac{1}{3} 16     11.299      ✓
tail_confidence_weighted      \dfrac{1}{3} 16     15.392      ✓
bottom_window_weighted        \dfrac{1}{3} 16     9.898       ✓
min_window_weighted           \dfrac{1}{3} 16     9.377       ✓
top10_tail_filtered           \dfrac{1}{3} 2      16.312      ✓
top10_bottom_window_filtered  \dfrac{1}{3} 2      10.336      ✓
Q138 done | gt=\frac{1}{3} | majority:✓, mean_confidence_weighted:✓, tail_confidence_weighted:✓, bottom_window_weighted:✓, min_window_weighted:✓, top10_tail_filtered:✓, top10_bottom_window_filtered:✓
tokens=120549

============================================================
### Q139
============================================================
Ground truth: 1
Trace 0: finished at 14890 tokens | answer=1
Trace 1: finished at 8866 tokens | answer=1
Trace 2: finished at 11033 tokens | answer=1
Trace 3: finished at 13054 tokens | answer=1
Trace 4: finished at 11379 tokens | answer=1
Trace 5: finished at 9014 tokens | answer=1
Trace 6: finished at 13839 tokens | answer=1
Trace 7: finished at 14892 tokens | answer=1
Trace 8: finished at 13619 tokens | answer=1
Trace 9: finished at 15202 tokens | answer=1
Trace 10: finished at 12557 tokens | answer=1
Trace 11: finished at 13810 tokens | answer=1
Trace 12: finished at 15295 tokens | answer=1
Trace 13: finished at 15583 tokens | answer=1
Trace 14: finished at 15207 tokens | answer=1
Trace 15: finished at 17097 tokens | answer=1

=== Voting Results Summary ===
  majority: 1 [16 votes]
  mean_confidence_weighted: 1 (conf: 15.807) [16 votes]
  tail_confidence_weighted: 1 (conf: 17.001) [16 votes]
  bottom_window_weighted: 1 (conf: 13.863) [16 votes]
  min_window_weighted: 1 (conf: 13.058) [16 votes]
  top10_tail_filtered: 1 (conf: 17.505) [2 votes]
  top10_bottom_window_filtered: 1 (conf: 14.283) [2 votes]

=== Detailed Voting Results ===
----------------------------------------------------------------------
Method                        Answer      Votes  Confidence  Correct
----------------------------------------------------------------------
majority                      1           16     -           ✓
mean_confidence_weighted      1           16     15.807      ✓
tail_confidence_weighted      1           16     17.001      ✓
bottom_window_weighted        1           16     13.863      ✓
min_window_weighted           1           16     13.058      ✓
top10_tail_filtered           1           2      17.505      ✓
top10_bottom_window_filtered  1           2      14.283      ✓
Q139 done | gt=1 | majority:✓, mean_confidence_weighted:✓, tail_confidence_weighted:✓, bottom_window_weighted:✓, min_window_weighted:✓, top10_tail_filtered:✓, top10_bottom_window_filtered:✓
tokens=215337

============================================================
### Q140
============================================================
Ground truth: 13
Trace 0: finished at 3200 tokens | answer=13
Trace 1: finished at 2709 tokens | answer=13
Trace 2: finished at 4433 tokens | answer=13
Trace 3: finished at 5944 tokens | answer=13
Trace 4: finished at 5336 tokens | answer=13
Trace 5: finished at 4845 tokens | answer=13
Trace 6: finished at 3345 tokens | answer=13
Trace 7: finished at 4538 tokens | answer=13
Trace 8: finished at 4625 tokens | answer=13
Trace 9: finished at 6674 tokens | answer=13
Trace 10: finished at 3052 tokens | answer=13
Trace 11: finished at 5235 tokens | answer=13
Trace 12: finished at 5900 tokens | answer=13
Trace 13: finished at 2658 tokens | answer=13
Trace 14: finished at 5552 tokens | answer=13
Trace 15: finished at 5255 tokens | answer=13

=== Voting Results Summary ===
  majority: 13 [16 votes]
  mean_confidence_weighted: 13 (conf: 15.436) [16 votes]
  tail_confidence_weighted: 13 (conf: 17.692) [16 votes]
  bottom_window_weighted: 13 (conf: 13.561) [16 votes]
  min_window_weighted: 13 (conf: 13.028) [16 votes]
  top10_tail_filtered: 13 (conf: 18.316) [2 votes]
  top10_bottom_window_filtered: 13 (conf: 14.182) [2 votes]

=== Detailed Voting Results ===
----------------------------------------------------------------------
Method                        Answer      Votes  Confidence  Correct
----------------------------------------------------------------------
majority                      13          16     -           ✓
mean_confidence_weighted      13          16     15.436      ✓
tail_confidence_weighted      13          16     17.692      ✓
bottom_window_weighted        13          16     13.561      ✓
min_window_weighted           13          16     13.028      ✓
top10_tail_filtered           13          2      18.316      ✓
top10_bottom_window_filtered  13          2      14.182      ✓
Q140 done | gt=13 | majority:✓, mean_confidence_weighted:✓, tail_confidence_weighted:✓, bottom_window_weighted:✓, min_window_weighted:✓, top10_tail_filtered:✓, top10_bottom_window_filtered:✓
tokens=73301

============================================================
### Q141
============================================================
Ground truth: 2
Trace 0: finished at 3847 tokens | answer=2
Trace 1: finished at 4110 tokens | answer=2
Trace 2: finished at 4528 tokens | answer=2
Trace 3: finished at 5031 tokens | answer=2
Trace 4: finished at 4260 tokens | answer=2
Trace 5: finished at 5260 tokens | answer=2
Trace 6: finished at 4058 tokens | answer=2
Trace 7: finished at 6074 tokens | answer=2
Trace 8: finished at 4866 tokens | answer=2
Trace 9: finished at 4244 tokens | answer=2
Trace 10: finished at 4879 tokens | answer=2
Trace 11: finished at 4080 tokens | answer=2
Trace 12: finished at 4774 tokens | answer=2
Trace 13: finished at 3957 tokens | answer=2
Trace 14: finished at 5049 tokens | answer=2
Trace 15: finished at 5567 tokens | answer=2

=== Voting Results Summary ===
  majority: 2 [16 votes]
  mean_confidence_weighted: 2 (conf: 10.500) [16 votes]
  tail_confidence_weighted: 2 (conf: 14.116) [16 votes]
  bottom_window_weighted: 2 (conf: 9.697) [16 votes]
  min_window_weighted: 2 (conf: 9.383) [16 votes]
  top10_tail_filtered: 2 (conf: 15.035) [2 votes]
  top10_bottom_window_filtered: 2 (conf: 10.100) [2 votes]

=== Detailed Voting Results ===
----------------------------------------------------------------------
Method                        Answer      Votes  Confidence  Correct
----------------------------------------------------------------------
majority                      2           16     -           ✓
mean_confidence_weighted      2           16     10.500      ✓
tail_confidence_weighted      2           16     14.116      ✓
bottom_window_weighted        2           16     9.697       ✓
min_window_weighted           2           16     9.383       ✓
top10_tail_filtered           2           2      15.035      ✓
top10_bottom_window_filtered  2           2      10.100      ✓
Q141 done | gt=2 | majority:✓, mean_confidence_weighted:✓, tail_confidence_weighted:✓, bottom_window_weighted:✓, min_window_weighted:✓, top10_tail_filtered:✓, top10_bottom_window_filtered:✓
tokens=74584

============================================================
### Q142
============================================================
Ground truth: 28800
Trace 0: finished at 10752 tokens | answer=28800
Trace 1: finished at 8419 tokens | answer=28800
Trace 2: finished at 9338 tokens | answer=28800
Trace 3: finished at 10763 tokens | answer=28800
Trace 4: finished at 27497 tokens | answer=28800
Trace 5: finished at 28981 tokens | answer=28800
Trace 6: finished at 20238 tokens | answer=28800
Trace 7: finished at 14834 tokens | answer=2 \times (5!)^2
Trace 8: finished at 11935 tokens | answer=28800
Trace 9: finished at 7491 tokens | answer=2 \times (5!)^2
Trace 10: finished at 10301 tokens | answer=28800
Trace 11: finished at 14396 tokens | answer=2 \times (5!)^2
Trace 12: finished at 10384 tokens | answer=28800
Trace 13: finished at 18179 tokens | answer=28800
Trace 14: finished at 30671 tokens | answer=28800
Trace 15: finished at 15577 tokens | answer=28800

=== Voting Results Summary ===
  majority: 28800 [16 votes]
  mean_confidence_weighted: 28800 (conf: 11.818) [16 votes]
  tail_confidence_weighted: 28800 (conf: 16.223) [16 votes]
  bottom_window_weighted: 28800 (conf: 10.263) [16 votes]
  min_window_weighted: 28800 (conf: 9.630) [16 votes]
  top10_tail_filtered: 28800 (conf: 18.333) [2 votes]
  top10_bottom_window_filtered: 28800 (conf: 11.713) [2 votes]

=== Detailed Voting Results ===
----------------------------------------------------------------------
Method                        Answer      Votes  Confidence  Correct
----------------------------------------------------------------------
majority                      28800       16     -           ✓
mean_confidence_weighted      28800       16     11.818      ✓
tail_confidence_weighted      28800       16     16.223      ✓
bottom_window_weighted        28800       16     10.263      ✓
min_window_weighted           28800       16     9.630       ✓
top10_tail_filtered           28800       2      18.333      ✓
top10_bottom_window_filtered  28800       2      11.713      ✓
Q142 done | gt=28800 | majority:✓, mean_confidence_weighted:✓, tail_confidence_weighted:✓, bottom_window_weighted:✓, min_window_weighted:✓, top10_tail_filtered:✓, top10_bottom_window_filtered:✓
tokens=249756

============================================================
### Q143
============================================================
Ground truth: 3 \sqrt{5}
Trace 0: finished at 4399 tokens | answer=3\sqrt{5}
Trace 1: finished at 3082 tokens | answer=3\sqrt{5}
Trace 2: finished at 2676 tokens | answer=3\sqrt{5}
Trace 3: finished at 3046 tokens | answer=3\sqrt{5}
Trace 4: finished at 2465 tokens | answer=3\sqrt{5}
Trace 5: finished at 2643 tokens | answer=3\sqrt{5}
Trace 6: finished at 3097 tokens | answer=3\sqrt{5}
Trace 7: finished at 2805 tokens | answer=3\sqrt{5}
Trace 8: finished at 2784 tokens | answer=3\sqrt{5}
Trace 9: finished at 3239 tokens | answer=3\sqrt{5}
Trace 10: finished at 3485 tokens | answer=3\sqrt{5}
Trace 11: finished at 2271 tokens | answer=3\sqrt{5}
Trace 12: finished at 2888 tokens | answer=3\sqrt{5}
Trace 13: finished at 2994 tokens | answer=3\sqrt{5}
Trace 14: finished at 3191 tokens | answer=3\sqrt{5}
Trace 15: finished at 3152 tokens | answer=3\sqrt{5}

=== Voting Results Summary ===
  majority: 3\sqrt{5} [16 votes]
  mean_confidence_weighted: 3\sqrt{5} (conf: 16.715) [16 votes]
  tail_confidence_weighted: 3\sqrt{5} (conf: 18.614) [16 votes]
  bottom_window_weighted: 3\sqrt{5} (conf: 14.251) [16 votes]
  min_window_weighted: 3\sqrt{5} (conf: 13.627) [16 votes]
  top10_tail_filtered: 3\sqrt{5} (conf: 19.287) [2 votes]
  top10_bottom_window_filtered: 3\sqrt{5} (conf: 15.294) [2 votes]

=== Detailed Voting Results ===
----------------------------------------------------------------------
Method                        Answer      Votes  Confidence  Correct
----------------------------------------------------------------------
majority                      3\sqrt{5}   16     -           ✓
mean_confidence_weighted      3\sqrt{5}   16     16.715      ✓
tail_confidence_weighted      3\sqrt{5}   16     18.614      ✓
bottom_window_weighted        3\sqrt{5}   16     14.251      ✓
min_window_weighted           3\sqrt{5}   16     13.627      ✓
top10_tail_filtered           3\sqrt{5}   2      19.287      ✓
top10_bottom_window_filtered  3\sqrt{5}   2      15.294      ✓
Q143 done | gt=3 \sqrt{5} | majority:✓, mean_confidence_weighted:✓, tail_confidence_weighted:✓, bottom_window_weighted:✓, min_window_weighted:✓, top10_tail_filtered:✓, top10_bottom_window_filtered:✓
tokens=48217

============================================================
### Q144
============================================================
Ground truth: (15,-29)
Trace 0: finished at 711 tokens | answer=(15,\ -29)
Trace 1: finished at 563 tokens | answer=(15,\ -29)
Trace 2: finished at 1161 tokens | answer=(15,\ -29)
Trace 3: finished at 749 tokens | answer=(15,\ -29)
Trace 4: finished at 751 tokens | answer=(15,\ -29)
Trace 5: finished at 807 tokens | answer=(15,\ -29)
Trace 6: finished at 876 tokens | answer=(15,\ -29)
Trace 7: finished at 647 tokens | answer=(15,\ -29)
Trace 8: finished at 711 tokens | answer=(15,\ -29)
Trace 9: finished at 843 tokens | answer=(15,\ -29)
Trace 10: finished at 725 tokens | answer=(15,\ -29)
Trace 11: finished at 950 tokens | answer=(15,\ -29)
Trace 12: finished at 769 tokens | answer=(15,\ -29)
Trace 13: finished at 999 tokens | answer=(15,\ -29)
Trace 14: finished at 927 tokens | answer=(15,\ -29)
Trace 15: finished at 707 tokens | answer=(15,\ -29)

=== Voting Results Summary ===
  majority: (15,\ -29) [16 votes]
  mean_confidence_weighted: (15,\ -29) (conf: 15.483) [16 votes]
  tail_confidence_weighted: (15,\ -29) (conf: 16.753) [16 votes]
  bottom_window_weighted: (15,\ -29) (conf: 13.980) [16 votes]
  min_window_weighted: (15,\ -29) (conf: 13.827) [16 votes]
  top10_tail_filtered: (15,\ -29) (conf: 17.519) [2 votes]
  top10_bottom_window_filtered: (15,\ -29) (conf: 15.556) [2 votes]

=== Detailed Voting Results ===
----------------------------------------------------------------------
Method                        Answer      Votes  Confidence  Correct
----------------------------------------------------------------------
majority                      (15,\ -29)  16     -           ✗
mean_confidence_weighted      (15,\ -29)  16     15.483      ✗
tail_confidence_weighted      (15,\ -29)  16     16.753      ✗
bottom_window_weighted        (15,\ -29)  16     13.980      ✗
min_window_weighted           (15,\ -29)  16     13.827      ✗
top10_tail_filtered           (15,\ -29)  2      17.519      ✗
top10_bottom_window_filtered  (15,\ -29)  2      15.556      ✗
Q144 done | gt=(15,-29) | majority:✗, mean_confidence_weighted:✗, tail_confidence_weighted:✗, bottom_window_weighted:✗, min_window_weighted:✗, top10_tail_filtered:✗, top10_bottom_window_filtered:✗
tokens=12896

============================================================
### Q145
============================================================
Ground truth: -2
Trace 0: finished at 11195 tokens | answer=-2
Trace 1: finished at 9372 tokens | answer=-2
Trace 2: finished at 10953 tokens | answer=-2
Trace 3: finished at 9087 tokens | answer=-2
Trace 4: finished at 10374 tokens | answer=-2
Trace 5: finished at 16143 tokens | answer=-2
Trace 6: finished at 15791 tokens | answer=\dfrac{\sqrt{5}-1}{2}
Trace 7: finished at 5968 tokens | answer=-2
Trace 8: finished at 6868 tokens | answer=-2
Trace 9: finished at 9943 tokens | answer=-2
Trace 10: finished at 10813 tokens | answer=-2
Trace 11: finished at 12337 tokens | answer=-2
Trace 12: finished at 11070 tokens | answer=-2
Trace 13: finished at 18049 tokens | answer=-2
Trace 14: finished at 7393 tokens | answer=-2
Trace 15: finished at 11499 tokens | answer=-2

=== Voting Results Summary ===
  majority: -2 [16 votes]
  mean_confidence_weighted: -2 (conf: 16.013) [16 votes]
  tail_confidence_weighted: -2 (conf: 17.663) [16 votes]
  bottom_window_weighted: -2 (conf: 13.768) [16 votes]
  min_window_weighted: -2 (conf: 12.823) [16 votes]
  top10_tail_filtered: \dfrac{\sqrt{5}-1}{2} (conf: 18.610) [2 votes]
  top10_bottom_window_filtered: -2 (conf: 14.334) [2 votes]

=== Detailed Voting Results ===
----------------------------------------------------------------------
Method                        Answer      Votes  Confidence  Correct
----------------------------------------------------------------------
majority                      -2          16     -           ✓
mean_confidence_weighted      -2          16     16.013      ✓
tail_confidence_weighted      -2          16     17.663      ✓
bottom_window_weighted        -2          16     13.768      ✓
min_window_weighted           -2          16     12.823      ✓
top10_tail_filtered           \dfrac{\sqrt{5}-1}{2} 2      18.610      ✗
top10_bottom_window_filtered  -2          2      14.334      ✓
Q145 done | gt=-2 | majority:✓, mean_confidence_weighted:✓, tail_confidence_weighted:✓, bottom_window_weighted:✓, min_window_weighted:✓, top10_tail_filtered:✗, top10_bottom_window_filtered:✓
tokens=176855

============================================================
### Q146
============================================================
Ground truth: \frac{\sqrt{3}}{3}
Trace 0: finished at 2786 tokens | answer=\dfrac{\sqrt{3}}{3}
Trace 1: finished at 2469 tokens | answer=\dfrac{\sqrt{3}}{3}
Trace 2: finished at 2694 tokens | answer=\dfrac{\sqrt{3}}{3}
Trace 3: finished at 2636 tokens | answer=\dfrac{\sqrt{3}}{3}
Trace 4: finished at 2388 tokens | answer=\dfrac{\sqrt{3}}{3}
Trace 5: finished at 1941 tokens | answer=\dfrac{\sqrt{3}}{3}
Trace 6: finished at 3329 tokens | answer=\dfrac{\sqrt{3}}{3}
Trace 7: finished at 2639 tokens | answer=\dfrac{\sqrt{3}}{3}
Trace 8: finished at 2895 tokens | answer=\dfrac{\sqrt{3}}{3}
Trace 9: finished at 2890 tokens | answer=\dfrac{\sqrt{3}}{3}
Trace 10: finished at 2406 tokens | answer=\dfrac{\sqrt{3}}{3}
Trace 11: finished at 2831 tokens | answer=\dfrac{\sqrt{3}}{3}
Trace 12: finished at 1792 tokens | answer=\dfrac{\sqrt{3}}{3}
Trace 13: finished at 4002 tokens | answer=\dfrac{\sqrt{3}}{3}
Trace 14: finished at 2190 tokens | answer=\dfrac{\sqrt{3}}{3}
Trace 15: finished at 3364 tokens | answer=\dfrac{\sqrt{3}}{3}

=== Voting Results Summary ===
  majority: \dfrac{\sqrt{3}}{3} [16 votes]
  mean_confidence_weighted: \dfrac{\sqrt{3}}{3} (conf: 14.956) [16 votes]
  tail_confidence_weighted: \dfrac{\sqrt{3}}{3} (conf: 17.614) [16 votes]
  bottom_window_weighted: \dfrac{\sqrt{3}}{3} (conf: 13.523) [16 votes]
  min_window_weighted: \dfrac{\sqrt{3}}{3} (conf: 13.196) [16 votes]
  top10_tail_filtered: \dfrac{\sqrt{3}}{3} (conf: 18.200) [2 votes]
  top10_bottom_window_filtered: \dfrac{\sqrt{3}}{3} (conf: 14.122) [2 votes]

=== Detailed Voting Results ===
----------------------------------------------------------------------
Method                        Answer      Votes  Confidence  Correct
----------------------------------------------------------------------
majority                      \dfrac{\sqrt{3}}{3} 16     -           ✓
mean_confidence_weighted      \dfrac{\sqrt{3}}{3} 16     14.956      ✓
tail_confidence_weighted      \dfrac{\sqrt{3}}{3} 16     17.614      ✓
bottom_window_weighted        \dfrac{\sqrt{3}}{3} 16     13.523      ✓
min_window_weighted           \dfrac{\sqrt{3}}{3} 16     13.196      ✓
top10_tail_filtered           \dfrac{\sqrt{3}}{3} 2      18.200      ✓
top10_bottom_window_filtered  \dfrac{\sqrt{3}}{3} 2      14.122      ✓
Q146 done | gt=\frac{\sqrt{3}}{3} | majority:✓, mean_confidence_weighted:✓, tail_confidence_weighted:✓, bottom_window_weighted:✓, min_window_weighted:✓, top10_tail_filtered:✓, top10_bottom_window_filtered:✓
tokens=43252

============================================================
### Q147
============================================================
Ground truth: 16
Trace 0: finished at 9705 tokens | answer=16
Trace 1: finished at 10438 tokens | answer=16
Trace 2: finished at 7217 tokens | answer=16
Trace 3: finished at 9441 tokens | answer=16
Trace 4: finished at 10448 tokens | answer=16
Trace 5: finished at 11795 tokens | answer=16
Trace 6: finished at 8846 tokens | answer=16
Trace 7: finished at 10212 tokens | answer=16
Trace 8: finished at 12532 tokens | answer=16
Trace 9: finished at 10858 tokens | answer=16
Trace 10: finished at 8069 tokens | answer=16
Trace 11: finished at 10906 tokens | answer=16
Trace 12: finished at 13892 tokens | answer=16
Trace 13: finished at 9351 tokens | answer=16
Trace 14: finished at 8109 tokens | answer=16
Trace 15: finished at 9730 tokens | answer=16

=== Voting Results Summary ===
  majority: 16 [16 votes]
  mean_confidence_weighted: 16 (conf: 16.145) [16 votes]
  tail_confidence_weighted: 16 (conf: 17.389) [16 votes]
  bottom_window_weighted: 16 (conf: 13.691) [16 votes]
  min_window_weighted: 16 (conf: 12.582) [16 votes]
  top10_tail_filtered: 16 (conf: 18.081) [2 votes]
  top10_bottom_window_filtered: 16 (conf: 14.327) [2 votes]

=== Detailed Voting Results ===
----------------------------------------------------------------------
Method                        Answer      Votes  Confidence  Correct
----------------------------------------------------------------------
majority                      16          16     -           ✓
mean_confidence_weighted      16          16     16.145      ✓
tail_confidence_weighted      16          16     17.389      ✓
bottom_window_weighted        16          16     13.691      ✓
min_window_weighted           16          16     12.582      ✓
top10_tail_filtered           16          2      18.081      ✓
top10_bottom_window_filtered  16          2      14.327      ✓
Q147 done | gt=16 | majority:✓, mean_confidence_weighted:✓, tail_confidence_weighted:✓, bottom_window_weighted:✓, min_window_weighted:✓, top10_tail_filtered:✓, top10_bottom_window_filtered:✓
tokens=161549

============================================================
### Q148
============================================================
Ground truth: 11
Trace 0: finished at 855 tokens | answer=11
Trace 1: finished at 717 tokens | answer=11
Trace 2: finished at 856 tokens | answer=11
Trace 3: finished at 769 tokens | answer=11
Trace 4: finished at 908 tokens | answer=11
Trace 5: finished at 964 tokens | answer=11
Trace 6: finished at 1385 tokens | answer=11
Trace 7: finished at 921 tokens | answer=11
Trace 8: finished at 1200 tokens | answer=11
Trace 9: finished at 798 tokens | answer=11
Trace 10: finished at 664 tokens | answer=11
Trace 11: finished at 816 tokens | answer=11
Trace 12: finished at 714 tokens | answer=11
Trace 13: finished at 905 tokens | answer=11
Trace 14: finished at 827 tokens | answer=11
Trace 15: finished at 705 tokens | answer=11

=== Voting Results Summary ===
  majority: 11 [16 votes]
  mean_confidence_weighted: 11 (conf: 15.261) [16 votes]
  tail_confidence_weighted: 11 (conf: 16.303) [16 votes]
  bottom_window_weighted: 11 (conf: 14.084) [16 votes]
  min_window_weighted: 11 (conf: 13.930) [16 votes]
  top10_tail_filtered: 11 (conf: 17.418) [2 votes]
  top10_bottom_window_filtered: 11 (conf: 15.684) [2 votes]

=== Detailed Voting Results ===
----------------------------------------------------------------------
Method                        Answer      Votes  Confidence  Correct
----------------------------------------------------------------------
majority                      11          16     -           ✓
mean_confidence_weighted      11          16     15.261      ✓
tail_confidence_weighted      11          16     16.303      ✓
bottom_window_weighted        11          16     14.084      ✓
min_window_weighted           11          16     13.930      ✓
top10_tail_filtered           11          2      17.418      ✓
top10_bottom_window_filtered  11          2      15.684      ✓
Q148 done | gt=11 | majority:✓, mean_confidence_weighted:✓, tail_confidence_weighted:✓, bottom_window_weighted:✓, min_window_weighted:✓, top10_tail_filtered:✓, top10_bottom_window_filtered:✓
tokens=14004

============================================================
### Q149
============================================================
Ground truth: 49
Trace 0: finished at 3375 tokens | answer=49
Trace 1: finished at 6023 tokens | answer=49
Trace 2: finished at 2931 tokens | answer=49
Trace 3: finished at 5809 tokens | answer=49
Trace 4: finished at 4342 tokens | answer=49
Trace 5: finished at 4743 tokens | answer=49
Trace 6: finished at 3495 tokens | answer=49
Trace 7: finished at 3667 tokens | answer=49
Trace 8: finished at 3919 tokens | answer=49
Trace 9: finished at 2880 tokens | answer=49
Trace 10: finished at 5448 tokens | answer=49
Trace 11: finished at 5453 tokens | answer=49
Trace 12: finished at 5050 tokens | answer=49
Trace 13: finished at 2922 tokens | answer=49
Trace 14: finished at 3775 tokens | answer=49
Trace 15: finished at 3761 tokens | answer=49

=== Voting Results Summary ===
  majority: 49 [16 votes]
  mean_confidence_weighted: 49 (conf: 13.001) [16 votes]
  tail_confidence_weighted: 49 (conf: 15.419) [16 votes]
  bottom_window_weighted: 49 (conf: 11.210) [16 votes]
  min_window_weighted: 49 (conf: 10.691) [16 votes]
  top10_tail_filtered: 49 (conf: 15.973) [2 votes]
  top10_bottom_window_filtered: 49 (conf: 11.928) [2 votes]

=== Detailed Voting Results ===
----------------------------------------------------------------------
Method                        Answer      Votes  Confidence  Correct
----------------------------------------------------------------------
majority                      49          16     -           ✓
mean_confidence_weighted      49          16     13.001      ✓
tail_confidence_weighted      49          16     15.419      ✓
bottom_window_weighted        49          16     11.210      ✓
min_window_weighted           49          16     10.691      ✓
top10_tail_filtered           49          2      15.973      ✓
top10_bottom_window_filtered  49          2      11.928      ✓
Q149 done | gt=49 | majority:✓, mean_confidence_weighted:✓, tail_confidence_weighted:✓, bottom_window_weighted:✓, min_window_weighted:✓, top10_tail_filtered:✓, top10_bottom_window_filtered:✓
tokens=67593

============================================================
### Q150
============================================================
Ground truth: 1
Trace 0: finished at 10489 tokens | answer=1
Trace 1: finished at 10295 tokens | answer=1
Trace 2: finished at 6916 tokens | answer=1
Trace 3: finished at 9605 tokens | answer=1
Trace 4: finished at 16190 tokens | answer=1
Trace 5: finished at 12842 tokens | answer=1
Trace 6: finished at 9372 tokens | answer=1
Trace 7: finished at 10296 tokens | answer=1
Trace 8: finished at 9977 tokens | answer=4
Trace 9: finished at 8916 tokens | answer=1
Trace 10: finished at 9743 tokens | answer=1
Trace 11: finished at 6441 tokens | answer=1
Trace 12: finished at 12040 tokens | answer=1
Trace 13: finished at 11908 tokens | answer=1
Trace 14: finished at 11737 tokens | answer=1
Trace 15: finished at 10234 tokens | answer=1

=== Voting Results Summary ===
  majority: 1 [16 votes]
  mean_confidence_weighted: 1 (conf: 14.478) [16 votes]
  tail_confidence_weighted: 1 (conf: 17.166) [16 votes]
  bottom_window_weighted: 1 (conf: 12.284) [16 votes]
  min_window_weighted: 1 (conf: 11.405) [16 votes]
  top10_tail_filtered: 1 (conf: 17.822) [2 votes]
  top10_bottom_window_filtered: 1 (conf: 12.690) [2 votes]

=== Detailed Voting Results ===
----------------------------------------------------------------------
Method                        Answer      Votes  Confidence  Correct
----------------------------------------------------------------------
majority                      1           16     -           ✓
mean_confidence_weighted      1           16     14.478      ✓
tail_confidence_weighted      1           16     17.166      ✓
bottom_window_weighted        1           16     12.284      ✓
min_window_weighted           1           16     11.405      ✓
top10_tail_filtered           1           2      17.822      ✓
top10_bottom_window_filtered  1           2      12.690      ✓
Q150 done | gt=1 | majority:✓, mean_confidence_weighted:✓, tail_confidence_weighted:✓, bottom_window_weighted:✓, min_window_weighted:✓, top10_tail_filtered:✓, top10_bottom_window_filtered:✓
tokens=167001

============================================================
### Q151
============================================================
Ground truth: 144
Trace 0: finished at 10553 tokens | answer=144
Trace 1: finished at 7447 tokens | answer=144
Trace 2: finished at 11332 tokens | answer=144
Trace 3: finished at 10304 tokens | answer=144
Trace 4: finished at 23070 tokens | answer=144
Trace 5: finished at 12606 tokens | answer=144
Trace 6: finished at 14820 tokens | answer=144
Trace 7: finished at 9682 tokens | answer=144
Trace 8: finished at 6890 tokens | answer=144
Trace 9: finished at 11989 tokens | answer=144
Trace 10: finished at 6480 tokens | answer=144
Trace 11: finished at 9248 tokens | answer=144
Trace 12: finished at 12984 tokens | answer=144
Trace 13: finished at 15914 tokens | answer=144
Trace 14: finished at 9064 tokens | answer=144
Trace 15: finished at 13160 tokens | answer=144

=== Voting Results Summary ===
  majority: 144 [16 votes]
  mean_confidence_weighted: 144 (conf: 15.180) [16 votes]
  tail_confidence_weighted: 144 (conf: 17.158) [16 votes]
  bottom_window_weighted: 144 (conf: 12.544) [16 votes]
  min_window_weighted: 144 (conf: 11.479) [16 votes]
  top10_tail_filtered: 144 (conf: 18.020) [2 votes]
  top10_bottom_window_filtered: 144 (conf: 13.339) [2 votes]

=== Detailed Voting Results ===
----------------------------------------------------------------------
Method                        Answer      Votes  Confidence  Correct
----------------------------------------------------------------------
majority                      144         16     -           ✓
mean_confidence_weighted      144         16     15.180      ✓
tail_confidence_weighted      144         16     17.158      ✓
bottom_window_weighted        144         16     12.544      ✓
min_window_weighted           144         16     11.479      ✓
top10_tail_filtered           144         2      18.020      ✓
top10_bottom_window_filtered  144         2      13.339      ✓
Q151 done | gt=144 | majority:✓, mean_confidence_weighted:✓, tail_confidence_weighted:✓, bottom_window_weighted:✓, min_window_weighted:✓, top10_tail_filtered:✓, top10_bottom_window_filtered:✓
tokens=185543

============================================================
### Q152
============================================================
Ground truth: 8
Trace 0: finished at 10959 tokens | answer=8
Trace 1: finished at 15722 tokens | answer=8
Trace 2: finished at 11823 tokens | answer=8
Trace 3: finished at 12563 tokens | answer=8
Trace 4: finished at 21919 tokens | answer=8
Trace 5: finished at 9298 tokens | answer=8
Trace 6: finished at 12787 tokens | answer=8
Trace 7: finished at 11222 tokens | answer=8
Trace 8: finished at 12435 tokens | answer=8
Trace 9: finished at 15967 tokens | answer=8
Trace 10: finished at 12179 tokens | answer=8
Trace 11: finished at 14364 tokens | answer=8
Trace 12: finished at 10072 tokens | answer=8
Trace 13: finished at 19621 tokens | answer=8
Trace 14: finished at 15199 tokens | answer=8
Trace 15: finished at 14271 tokens | answer=8

=== Voting Results Summary ===
  majority: 8 [16 votes]
  mean_confidence_weighted: 8 (conf: 15.543) [16 votes]
  tail_confidence_weighted: 8 (conf: 17.543) [16 votes]
  bottom_window_weighted: 8 (conf: 12.805) [16 votes]
  min_window_weighted: 8 (conf: 11.909) [16 votes]
  top10_tail_filtered: 8 (conf: 18.658) [2 votes]
  top10_bottom_window_filtered: 8 (conf: 13.382) [2 votes]

=== Detailed Voting Results ===
----------------------------------------------------------------------
Method                        Answer      Votes  Confidence  Correct
----------------------------------------------------------------------
majority                      8           16     -           ✓
mean_confidence_weighted      8           16     15.543      ✓
tail_confidence_weighted      8           16     17.543      ✓
bottom_window_weighted        8           16     12.805      ✓
min_window_weighted           8           16     11.909      ✓
top10_tail_filtered           8           2      18.658      ✓
top10_bottom_window_filtered  8           2      13.382      ✓
Q152 done | gt=8 | majority:✓, mean_confidence_weighted:✓, tail_confidence_weighted:✓, bottom_window_weighted:✓, min_window_weighted:✓, top10_tail_filtered:✓, top10_bottom_window_filtered:✓
tokens=220401

============================================================
### Q153
============================================================
Ground truth: \frac{2}{21}
Trace 0: finished at 4434 tokens | answer=\dfrac{2}{21}
Trace 1: finished at 8512 tokens | answer=\dfrac{2}{21}
Trace 2: finished at 5312 tokens | answer=\dfrac{2}{21}
Trace 3: finished at 4993 tokens | answer=\dfrac{2}{21}
Trace 4: finished at 4749 tokens | answer=\dfrac{2}{21}
Trace 5: finished at 6810 tokens | answer=\dfrac{2}{21}
Trace 6: finished at 5741 tokens | answer=\dfrac{2}{21}
Trace 7: finished at 4735 tokens | answer=\dfrac{2}{21}
Trace 8: finished at 4142 tokens | answer=\dfrac{2}{21}
Trace 9: finished at 5512 tokens | answer=\dfrac{2}{21}
Trace 10: finished at 4611 tokens | answer=\dfrac{2}{21}
Trace 11: finished at 6013 tokens | answer=\dfrac{2}{21}
Trace 12: finished at 5664 tokens | answer=\dfrac{2}{21}
Trace 13: finished at 3971 tokens | answer=\dfrac{2}{21}
Trace 14: finished at 5698 tokens | answer=\dfrac{2}{21}
Trace 15: finished at 5726 tokens | answer=\dfrac{2}{21}

=== Voting Results Summary ===
  majority: \dfrac{2}{21} [16 votes]
  mean_confidence_weighted: \dfrac{2}{21} (conf: 11.842) [16 votes]
  tail_confidence_weighted: \dfrac{2}{21} (conf: 14.944) [16 votes]
  bottom_window_weighted: \dfrac{2}{21} (conf: 10.483) [16 votes]
  min_window_weighted: \dfrac{2}{21} (conf: 9.990) [16 votes]
  top10_tail_filtered: \dfrac{2}{21} (conf: 16.025) [2 votes]
  top10_bottom_window_filtered: \dfrac{2}{21} (conf: 10.891) [2 votes]

=== Detailed Voting Results ===
----------------------------------------------------------------------
Method                        Answer      Votes  Confidence  Correct
----------------------------------------------------------------------
majority                      \dfrac{2}{21} 16     -           ✓
mean_confidence_weighted      \dfrac{2}{21} 16     11.842      ✓
tail_confidence_weighted      \dfrac{2}{21} 16     14.944      ✓
bottom_window_weighted        \dfrac{2}{21} 16     10.483      ✓
min_window_weighted           \dfrac{2}{21} 16     9.990       ✓
top10_tail_filtered           \dfrac{2}{21} 2      16.025      ✓
top10_bottom_window_filtered  \dfrac{2}{21} 2      10.891      ✓
Q153 done | gt=\frac{2}{21} | majority:✓, mean_confidence_weighted:✓, tail_confidence_weighted:✓, bottom_window_weighted:✓, min_window_weighted:✓, top10_tail_filtered:✓, top10_bottom_window_filtered:✓
tokens=86623

============================================================
### Q154
============================================================
Ground truth: 2\sqrt{113}
Trace 0: finished at 34154 tokens | answer=4\sqrt{29}
Trace 1: finished at 33514 tokens | answer=4\sqrt{29}
Trace 2: finished at 37258 tokens | answer=4\sqrt{17}
Trace 3: finished at 42858 tokens | answer=4\sqrt{29}
Trace 4: finished at 50782 tokens | answer=7 + \sqrt{185}
Trace 5: finished at 26232 tokens | answer=4\sqrt{29}
Trace 6: finished at 35339 tokens | answer=4\sqrt{29}
Trace 7: finished at 39560 tokens | answer=\sqrt{209}
Trace 8: finished at 43698 tokens | answer=2\sqrt{97}
Trace 9: finished at 40891 tokens | answer=4\sqrt{29}
Trace 10: finished at 36307 tokens | answer=2\sqrt{106}
Trace 11: finished at 33175 tokens | answer=4\sqrt{29}
Trace 12: finished at 57533 tokens | answer=6\sqrt{5}
Trace 13: finished at 47470 tokens | answer=2\sqrt{130}
Trace 14: finished at 31328 tokens | answer=2\sqrt{109}
Trace 15: finished at 32198 tokens | answer=2\sqrt{106}

=== Voting Results Summary ===
  majority: 4\sqrt{29} [16 votes]
  mean_confidence_weighted: 4\sqrt{29} (conf: 13.496) [16 votes]
  tail_confidence_weighted: 4\sqrt{29} (conf: 15.535) [16 votes]
  bottom_window_weighted: 4\sqrt{29} (conf: 11.275) [16 votes]
  min_window_weighted: 4\sqrt{29} (conf: 10.174) [16 votes]
  top10_tail_filtered: 2\sqrt{109} (conf: 17.200) [2 votes]
  top10_bottom_window_filtered: 7 + \sqrt{185} (conf: 11.703) [2 votes]

=== Detailed Voting Results ===
----------------------------------------------------------------------
Method                        Answer      Votes  Confidence  Correct
----------------------------------------------------------------------
majority                      4\sqrt{29}  16     -           ✗
mean_confidence_weighted      4\sqrt{29}  16     13.496      ✗
tail_confidence_weighted      4\sqrt{29}  16     15.535      ✗
bottom_window_weighted        4\sqrt{29}  16     11.275      ✗
min_window_weighted           4\sqrt{29}  16     10.174      ✗
top10_tail_filtered           2\sqrt{109} 2      17.200      ✗
top10_bottom_window_filtered  7 + \sqrt{185} 2      11.703      ✗
Q154 done | gt=2\sqrt{113} | majority:✗, mean_confidence_weighted:✗, tail_confidence_weighted:✗, bottom_window_weighted:✗, min_window_weighted:✗, top10_tail_filtered:✗, top10_bottom_window_filtered:✗
tokens=622297

============================================================
### Q155
============================================================
Ground truth: \frac{1}{4}
Trace 0: finished at 7741 tokens | answer=\dfrac{1}{4}
Trace 1: finished at 10298 tokens | answer=\dfrac{1}{4}
Trace 2: finished at 10136 tokens | answer=\dfrac{1}{4}
Trace 3: finished at 10321 tokens | answer=\dfrac{1}{4}
Trace 4: finished at 12171 tokens | answer=\dfrac{1}{4}
Trace 5: finished at 6716 tokens | answer=\dfrac{1}{4}
Trace 6: finished at 8040 tokens | answer=\dfrac{1}{4}
Trace 7: finished at 11712 tokens | answer=\dfrac{1}{4}
Trace 8: finished at 8016 tokens | answer=\dfrac{1}{4}
Trace 9: finished at 11747 tokens | answer=\dfrac{1}{4}
Trace 10: finished at 9114 tokens | answer=\dfrac{1}{4}
Trace 11: finished at 8312 tokens | answer=\dfrac{1}{4}
Trace 12: finished at 10724 tokens | answer=\dfrac{1}{4}
Trace 13: finished at 7763 tokens | answer=\dfrac{1}{4}
Trace 14: finished at 12374 tokens | answer=\dfrac{1}{4}
Trace 15: finished at 7890 tokens | answer=\dfrac{1}{4}

=== Voting Results Summary ===
  majority: \dfrac{1}{4} [16 votes]
  mean_confidence_weighted: \dfrac{1}{4} (conf: 15.015) [16 votes]
  tail_confidence_weighted: \dfrac{1}{4} (conf: 18.982) [16 votes]
  bottom_window_weighted: \dfrac{1}{4} (conf: 13.257) [16 votes]
  min_window_weighted: \dfrac{1}{4} (conf: 12.519) [16 votes]
  top10_tail_filtered: \dfrac{1}{4} (conf: 19.775) [2 votes]
  top10_bottom_window_filtered: \dfrac{1}{4} (conf: 13.674) [2 votes]

=== Detailed Voting Results ===
----------------------------------------------------------------------
Method                        Answer      Votes  Confidence  Correct
----------------------------------------------------------------------
majority                      \dfrac{1}{4} 16     -           ✓
mean_confidence_weighted      \dfrac{1}{4} 16     15.015      ✓
tail_confidence_weighted      \dfrac{1}{4} 16     18.982      ✓
bottom_window_weighted        \dfrac{1}{4} 16     13.257      ✓
min_window_weighted           \dfrac{1}{4} 16     12.519      ✓
top10_tail_filtered           \dfrac{1}{4} 2      19.775      ✓
top10_bottom_window_filtered  \dfrac{1}{4} 2      13.674      ✓
Q155 done | gt=\frac{1}{4} | majority:✓, mean_confidence_weighted:✓, tail_confidence_weighted:✓, bottom_window_weighted:✓, min_window_weighted:✓, top10_tail_filtered:✓, top10_bottom_window_filtered:✓
tokens=153075

============================================================
### Q156
============================================================
Ground truth: 30^\circ
Trace 0: finished at 16266 tokens | answer=30
Trace 1: finished at 20752 tokens | answer=30
Trace 2: finished at 18111 tokens | answer=30
Trace 3: finished at 13073 tokens | answer=30
Trace 4: finished at 19402 tokens | answer=30
Trace 5: finished at 16242 tokens | answer=30
Trace 6: finished at 14471 tokens | answer=30
Trace 7: finished at 14807 tokens | answer=30
Trace 8: finished at 15887 tokens | answer=30
Trace 9: finished at 14036 tokens | answer=30
Trace 10: finished at 15148 tokens | answer=30
Trace 11: finished at 15893 tokens | answer=30
Trace 12: finished at 11970 tokens | answer=30
Trace 13: finished at 12898 tokens | answer=30
Trace 14: finished at 13660 tokens | answer=30
Trace 15: finished at 14866 tokens | answer=30

=== Voting Results Summary ===
  majority: 30 [16 votes]
  mean_confidence_weighted: 30 (conf: 16.357) [16 votes]
  tail_confidence_weighted: 30 (conf: 16.777) [16 votes]
  bottom_window_weighted: 30 (conf: 12.881) [16 votes]
  min_window_weighted: 30 (conf: 11.694) [16 votes]
  top10_tail_filtered: 30 (conf: 17.812) [2 votes]
  top10_bottom_window_filtered: 30 (conf: 13.644) [2 votes]

=== Detailed Voting Results ===
----------------------------------------------------------------------
Method                        Answer      Votes  Confidence  Correct
----------------------------------------------------------------------
majority                      30          16     -           ✗
mean_confidence_weighted      30          16     16.357      ✗
tail_confidence_weighted      30          16     16.777      ✗
bottom_window_weighted        30          16     12.881      ✗
min_window_weighted           30          16     11.694      ✗
top10_tail_filtered           30          2      17.812      ✗
top10_bottom_window_filtered  30          2      13.644      ✗
Q156 done | gt=30^\circ | majority:✗, mean_confidence_weighted:✗, tail_confidence_weighted:✗, bottom_window_weighted:✗, min_window_weighted:✗, top10_tail_filtered:✗, top10_bottom_window_filtered:✗
tokens=247482

============================================================
### Q157
============================================================
Ground truth: \frac65
Trace 0: finished at 10486 tokens | answer=\dfrac{6}{5}
Trace 1: finished at 10432 tokens | answer=\dfrac{6}{5}
Trace 2: finished at 12347 tokens | answer=\dfrac{6}{5}
Trace 3: finished at 10263 tokens | answer=\dfrac{6}{5}
Trace 4: finished at 10292 tokens | answer=\dfrac{6}{5}
Trace 5: finished at 9016 tokens | answer=\dfrac{6}{5}
Trace 6: finished at 14883 tokens | answer=\dfrac{6}{5}
Trace 7: finished at 16443 tokens | answer=\dfrac{6}{5}
Trace 8: finished at 11590 tokens | answer=\dfrac{6}{5}
Trace 9: finished at 10738 tokens | answer=\dfrac{6}{5}
Trace 10: finished at 7441 tokens | answer=\dfrac{6}{5}
Trace 11: finished at 20551 tokens | answer=\dfrac{6}{5}
Trace 12: finished at 7683 tokens | answer=\dfrac{6}{5}
Trace 13: finished at 14297 tokens | answer=\dfrac{6}{5}
Trace 14: finished at 6574 tokens | answer=\dfrac{6}{5}
Trace 15: finished at 10484 tokens | answer=\dfrac{6}{5}

=== Voting Results Summary ===
  majority: \dfrac{6}{5} [16 votes]
  mean_confidence_weighted: \dfrac{6}{5} (conf: 14.937) [16 votes]
  tail_confidence_weighted: \dfrac{6}{5} (conf: 17.258) [16 votes]
  bottom_window_weighted: \dfrac{6}{5} (conf: 12.712) [16 votes]
  min_window_weighted: \dfrac{6}{5} (conf: 11.932) [16 votes]
  top10_tail_filtered: \dfrac{6}{5} (conf: 18.565) [2 votes]
  top10_bottom_window_filtered: \dfrac{6}{5} (conf: 13.172) [2 votes]

=== Detailed Voting Results ===
----------------------------------------------------------------------
Method                        Answer      Votes  Confidence  Correct
----------------------------------------------------------------------
majority                      \dfrac{6}{5} 16     -           ✗
mean_confidence_weighted      \dfrac{6}{5} 16     14.937      ✗
tail_confidence_weighted      \dfrac{6}{5} 16     17.258      ✗
bottom_window_weighted        \dfrac{6}{5} 16     12.712      ✗
min_window_weighted           \dfrac{6}{5} 16     11.932      ✗
top10_tail_filtered           \dfrac{6}{5} 2      18.565      ✗
top10_bottom_window_filtered  \dfrac{6}{5} 2      13.172      ✗
Q157 done | gt=\frac65 | majority:✗, mean_confidence_weighted:✗, tail_confidence_weighted:✗, bottom_window_weighted:✗, min_window_weighted:✗, top10_tail_filtered:✗, top10_bottom_window_filtered:✗
tokens=183520

============================================================
### Q158
============================================================
Ground truth: 2107
Trace 0: finished at 2725 tokens | answer=2107
Trace 1: finished at 3293 tokens | answer=2107
Trace 2: finished at 2909 tokens | answer=2107
Trace 3: finished at 3694 tokens | answer=2107
Trace 4: finished at 3447 tokens | answer=2107
Trace 5: finished at 2543 tokens | answer=2107
Trace 6: finished at 2894 tokens | answer=2107
Trace 7: finished at 3763 tokens | answer=2107
Trace 8: finished at 2681 tokens | answer=2107
Trace 9: finished at 2614 tokens | answer=2107
Trace 10: finished at 2904 tokens | answer=2107
Trace 11: finished at 2286 tokens | answer=2107
Trace 12: finished at 2376 tokens | answer=2107
Trace 13: finished at 3372 tokens | answer=2107
Trace 14: finished at 2385 tokens | answer=2107
Trace 15: finished at 2161 tokens | answer=2107

=== Voting Results Summary ===
  majority: 2107 [16 votes]
  mean_confidence_weighted: 2107 (conf: 13.684) [16 votes]
  tail_confidence_weighted: 2107 (conf: 15.658) [16 votes]
  bottom_window_weighted: 2107 (conf: 12.176) [16 votes]
  min_window_weighted: 2107 (conf: 11.725) [16 votes]
  top10_tail_filtered: 2107 (conf: 16.208) [2 votes]
  top10_bottom_window_filtered: 2107 (conf: 12.930) [2 votes]

=== Detailed Voting Results ===
----------------------------------------------------------------------
Method                        Answer      Votes  Confidence  Correct
----------------------------------------------------------------------
majority                      2107        16     -           ✓
mean_confidence_weighted      2107        16     13.684      ✓
tail_confidence_weighted      2107        16     15.658      ✓
bottom_window_weighted        2107        16     12.176      ✓
min_window_weighted           2107        16     11.725      ✓
top10_tail_filtered           2107        2      16.208      ✓
top10_bottom_window_filtered  2107        2      12.930      ✓
Q158 done | gt=2107 | majority:✓, mean_confidence_weighted:✓, tail_confidence_weighted:✓, bottom_window_weighted:✓, min_window_weighted:✓, top10_tail_filtered:✓, top10_bottom_window_filtered:✓
tokens=46047

============================================================
### Q159
============================================================
Ground truth: 3.21
Trace 0: finished at 3489 tokens | answer=3.21
Trace 1: finished at 3108 tokens | answer=3.21
Trace 2: finished at 1890 tokens | answer=3.21
Trace 3: finished at 2669 tokens | answer=3.21
Trace 4: finished at 3364 tokens | answer=3.21
Trace 5: finished at 3042 tokens | answer=3.21
Trace 6: finished at 2789 tokens | answer=3.21
Trace 7: finished at 3607 tokens | answer=3.21
Trace 8: finished at 3643 tokens | answer=3.21
Trace 9: finished at 2131 tokens | answer=3.21
Trace 10: finished at 5950 tokens | answer=3.21
Trace 11: finished at 2387 tokens | answer=3.21
Trace 12: finished at 5068 tokens | answer=3.21
Trace 13: finished at 2658 tokens | answer=3.21
Trace 14: finished at 3451 tokens | answer=3.21
Trace 15: finished at 3313 tokens | answer=3.21

=== Voting Results Summary ===
  majority: 3.21 [16 votes]
  mean_confidence_weighted: 3.21 (conf: 15.951) [16 votes]
  tail_confidence_weighted: 3.21 (conf: 17.678) [16 votes]
  bottom_window_weighted: 3.21 (conf: 13.802) [16 votes]
  min_window_weighted: 3.21 (conf: 13.234) [16 votes]
  top10_tail_filtered: 3.21 (conf: 18.313) [2 votes]
  top10_bottom_window_filtered: 3.21 (conf: 14.784) [2 votes]

=== Detailed Voting Results ===
----------------------------------------------------------------------
Method                        Answer      Votes  Confidence  Correct
----------------------------------------------------------------------
majority                      3.21        16     -           ✓
mean_confidence_weighted      3.21        16     15.951      ✓
tail_confidence_weighted      3.21        16     17.678      ✓
bottom_window_weighted        3.21        16     13.802      ✓
min_window_weighted           3.21        16     13.234      ✓
top10_tail_filtered           3.21        2      18.313      ✓
top10_bottom_window_filtered  3.21        2      14.784      ✓
Q159 done | gt=3.21 | majority:✓, mean_confidence_weighted:✓, tail_confidence_weighted:✓, bottom_window_weighted:✓, min_window_weighted:✓, top10_tail_filtered:✓, top10_bottom_window_filtered:✓
tokens=52559

============================================================
### Q160
============================================================
Ground truth: 18
Trace 0: finished at 1769 tokens | answer=18
Trace 1: finished at 2092 tokens | answer=18
Trace 2: finished at 2394 tokens | answer=18
Trace 3: finished at 2373 tokens | answer=18
Trace 4: finished at 1666 tokens | answer=18
Trace 5: finished at 2584 tokens | answer=18
Trace 6: finished at 4138 tokens | answer=18
Trace 7: finished at 1980 tokens | answer=18
Trace 8: finished at 1669 tokens | answer=18
Trace 9: finished at 1644 tokens | answer=18
Trace 10: finished at 2122 tokens | answer=18
Trace 11: finished at 2288 tokens | answer=18
Trace 12: finished at 2442 tokens | answer=18
Trace 13: finished at 2945 tokens | answer=18
Trace 14: finished at 3187 tokens | answer=18
Trace 15: finished at 2003 tokens | answer=18

=== Voting Results Summary ===
  majority: 18 [16 votes]
  mean_confidence_weighted: 18 (conf: 12.187) [16 votes]
  tail_confidence_weighted: 18 (conf: 14.876) [16 votes]
  bottom_window_weighted: 18 (conf: 10.614) [16 votes]
  min_window_weighted: 18 (conf: 10.178) [16 votes]
  top10_tail_filtered: 18 (conf: 16.324) [2 votes]
  top10_bottom_window_filtered: 18 (conf: 11.031) [2 votes]

=== Detailed Voting Results ===
----------------------------------------------------------------------
Method                        Answer      Votes  Confidence  Correct
----------------------------------------------------------------------
majority                      18          16     -           ✓
mean_confidence_weighted      18          16     12.187      ✓
tail_confidence_weighted      18          16     14.876      ✓
bottom_window_weighted        18          16     10.614      ✓
min_window_weighted           18          16     10.178      ✓
top10_tail_filtered           18          2      16.324      ✓
top10_bottom_window_filtered  18          2      11.031      ✓
Q160 done | gt=18 | majority:✓, mean_confidence_weighted:✓, tail_confidence_weighted:✓, bottom_window_weighted:✓, min_window_weighted:✓, top10_tail_filtered:✓, top10_bottom_window_filtered:✓
tokens=37296

============================================================
### Q161
============================================================
Ground truth: 6
Trace 0: finished at 990 tokens | answer=6
Trace 1: finished at 1007 tokens | answer=6
Trace 2: finished at 927 tokens | answer=6
Trace 3: finished at 1018 tokens | answer=6
Trace 4: finished at 889 tokens | answer=6
Trace 5: finished at 995 tokens | answer=6
Trace 6: finished at 1071 tokens | answer=6
Trace 7: finished at 911 tokens | answer=6
Trace 8: finished at 930 tokens | answer=6
Trace 9: finished at 1144 tokens | answer=6
Trace 10: finished at 1101 tokens | answer=6
Trace 11: finished at 959 tokens | answer=6
Trace 12: finished at 862 tokens | answer=6
Trace 13: finished at 879 tokens | answer=6
Trace 14: finished at 1174 tokens | answer=6
Trace 15: finished at 1134 tokens | answer=6

=== Voting Results Summary ===
  majority: 6 [16 votes]
  mean_confidence_weighted: 6 (conf: 15.098) [16 votes]
  tail_confidence_weighted: 6 (conf: 17.221) [16 votes]
  bottom_window_weighted: 6 (conf: 13.760) [16 votes]
  min_window_weighted: 6 (conf: 13.554) [16 votes]
  top10_tail_filtered: 6 (conf: 18.015) [2 votes]
  top10_bottom_window_filtered: 6 (conf: 14.534) [2 votes]

=== Detailed Voting Results ===
----------------------------------------------------------------------
Method                        Answer      Votes  Confidence  Correct
----------------------------------------------------------------------
majority                      6           16     -           ✓
mean_confidence_weighted      6           16     15.098      ✓
tail_confidence_weighted      6           16     17.221      ✓
bottom_window_weighted        6           16     13.760      ✓
min_window_weighted           6           16     13.554      ✓
top10_tail_filtered           6           2      18.015      ✓
top10_bottom_window_filtered  6           2      14.534      ✓
Q161 done | gt=6 | majority:✓, mean_confidence_weighted:✓, tail_confidence_weighted:✓, bottom_window_weighted:✓, min_window_weighted:✓, top10_tail_filtered:✓, top10_bottom_window_filtered:✓
tokens=15991

============================================================
### Q162
============================================================
Ground truth: \dfrac{17}{50}
Trace 0: finished at 3754 tokens | answer=\dfrac{17}{50}
Trace 1: finished at 5300 tokens | answer=\dfrac{17}{50}
Trace 2: finished at 5197 tokens | answer=\dfrac{17}{50}
Trace 3: finished at 6102 tokens | answer=\dfrac{17}{50}
Trace 4: finished at 3985 tokens | answer=\dfrac{17}{50}
Trace 5: finished at 4570 tokens | answer=\dfrac{17}{50}
Trace 6: finished at 4053 tokens | answer=\dfrac{17}{50}
Trace 7: finished at 3719 tokens | answer=\dfrac{17}{50}
Trace 8: finished at 6623 tokens | answer=\dfrac{17}{50}
Trace 9: finished at 5648 tokens | answer=\dfrac{17}{50}
Trace 10: finished at 3689 tokens | answer=\dfrac{17}{50}
Trace 11: finished at 4710 tokens | answer=\dfrac{17}{50}
Trace 12: finished at 4970 tokens | answer=\dfrac{17}{50}
Trace 13: finished at 5306 tokens | answer=\dfrac{17}{50}
Trace 14: finished at 4302 tokens | answer=\dfrac{17}{50}
Trace 15: finished at 4354 tokens | answer=\dfrac{17}{50}

=== Voting Results Summary ===
  majority: \dfrac{17}{50} [16 votes]
  mean_confidence_weighted: \dfrac{17}{50} (conf: 15.496) [16 votes]
  tail_confidence_weighted: \dfrac{17}{50} (conf: 19.159) [16 votes]
  bottom_window_weighted: \dfrac{17}{50} (conf: 13.643) [16 votes]
  min_window_weighted: \dfrac{17}{50} (conf: 13.043) [16 votes]
  top10_tail_filtered: \dfrac{17}{50} (conf: 19.671) [2 votes]
  top10_bottom_window_filtered: \dfrac{17}{50} (conf: 14.106) [2 votes]

=== Detailed Voting Results ===
----------------------------------------------------------------------
Method                        Answer      Votes  Confidence  Correct
----------------------------------------------------------------------
majority                      \dfrac{17}{50} 16     -           ✓
mean_confidence_weighted      \dfrac{17}{50} 16     15.496      ✓
tail_confidence_weighted      \dfrac{17}{50} 16     19.159      ✓
bottom_window_weighted        \dfrac{17}{50} 16     13.643      ✓
min_window_weighted           \dfrac{17}{50} 16     13.043      ✓
top10_tail_filtered           \dfrac{17}{50} 2      19.671      ✓
top10_bottom_window_filtered  \dfrac{17}{50} 2      14.106      ✓
Q162 done | gt=\dfrac{17}{50} | majority:✓, mean_confidence_weighted:✓, tail_confidence_weighted:✓, bottom_window_weighted:✓, min_window_weighted:✓, top10_tail_filtered:✓, top10_bottom_window_filtered:✓
tokens=76282

============================================================
### Q163
============================================================
Ground truth: -\frac{35}{9}
Trace 0: finished at 17475 tokens | answer=\dfrac{169}{25}
Trace 1: finished at 10769 tokens | answer=-\dfrac{35}{9}
Trace 2: finished at 17032 tokens | answer=-\dfrac{35}{9}
Trace 3: finished at 13649 tokens | answer=-\dfrac{35}{9}
Trace 4: finished at 9851 tokens | answer=-\dfrac{35}{9}
Trace 5: finished at 10648 tokens | answer=-\dfrac{35}{9}
Trace 6: finished at 16675 tokens | answer=-\dfrac{35}{9}
Trace 7: finished at 10900 tokens | answer=-\dfrac{35}{9}
Trace 8: finished at 11955 tokens | answer=-\dfrac{35}{9}
Trace 9: finished at 12434 tokens | answer=-\dfrac{35}{9}
Trace 10: finished at 15624 tokens | answer=-\dfrac{35}{9}
Trace 11: finished at 11520 tokens | answer=-\dfrac{35}{9}
Trace 12: finished at 12377 tokens | answer=-\dfrac{35}{9}
Trace 13: finished at 13882 tokens | answer=-\dfrac{35}{9}
Trace 14: finished at 10444 tokens | answer=-\dfrac{35}{9}
Trace 15: finished at 13459 tokens | answer=-\dfrac{35}{9}

=== Voting Results Summary ===
  majority: -\dfrac{35}{9} [16 votes]
  mean_confidence_weighted: -\dfrac{35}{9} (conf: 14.597) [16 votes]
  tail_confidence_weighted: -\dfrac{35}{9} (conf: 17.109) [16 votes]
  bottom_window_weighted: -\dfrac{35}{9} (conf: 13.074) [16 votes]
  min_window_weighted: -\dfrac{35}{9} (conf: 12.292) [16 votes]
  top10_tail_filtered: -\dfrac{35}{9} (conf: 18.119) [2 votes]
  top10_bottom_window_filtered: -\dfrac{35}{9} (conf: 13.440) [2 votes]

=== Detailed Voting Results ===
----------------------------------------------------------------------
Method                        Answer      Votes  Confidence  Correct
----------------------------------------------------------------------
majority                      -\dfrac{35}{9} 16     -           ✓
mean_confidence_weighted      -\dfrac{35}{9} 16     14.597      ✓
tail_confidence_weighted      -\dfrac{35}{9} 16     17.109      ✓
bottom_window_weighted        -\dfrac{35}{9} 16     13.074      ✓
min_window_weighted           -\dfrac{35}{9} 16     12.292      ✓
top10_tail_filtered           -\dfrac{35}{9} 2      18.119      ✓
top10_bottom_window_filtered  -\dfrac{35}{9} 2      13.440      ✓
Q163 done | gt=-\frac{35}{9} | majority:✓, mean_confidence_weighted:✓, tail_confidence_weighted:✓, bottom_window_weighted:✓, min_window_weighted:✓, top10_tail_filtered:✓, top10_bottom_window_filtered:✓
tokens=208694

============================================================
### Q164
============================================================
Ground truth: -\sqrt{3}
Trace 0: finished at 14051 tokens | answer=-\sqrt{3}
Trace 1: finished at 11889 tokens | answer=-\sqrt{3}
Trace 2: finished at 5320 tokens | answer=-\sqrt{3}
Trace 3: finished at 11296 tokens | answer=-\sqrt{3}
Trace 4: finished at 15956 tokens | answer=-\sqrt{3}
Trace 5: finished at 4748 tokens | answer=-\sqrt{3}
Trace 6: finished at 5956 tokens | answer=-\sqrt{3}
Trace 7: finished at 8904 tokens | answer=-\sqrt{3}
Trace 8: finished at 8189 tokens | answer=-\sqrt{3}
Trace 9: finished at 13553 tokens | answer=-\sqrt{3}
Trace 10: finished at 20710 tokens | answer=-\sqrt{3}
Trace 11: finished at 9613 tokens | answer=-\sqrt{3}
Trace 12: finished at 9662 tokens | answer=-\sqrt{3}
Trace 13: finished at 12948 tokens | answer=-\sqrt{3}
Trace 14: finished at 5250 tokens | answer=-\sqrt{3}
Trace 15: finished at 11962 tokens | answer=-\sqrt{3}

=== Voting Results Summary ===
  majority: -\sqrt{3} [16 votes]
  mean_confidence_weighted: -\sqrt{3} (conf: 16.270) [16 votes]
  tail_confidence_weighted: -\sqrt{3} (conf: 17.378) [16 votes]
  bottom_window_weighted: -\sqrt{3} (conf: 14.173) [16 votes]
  min_window_weighted: -\sqrt{3} (conf: 13.257) [16 votes]
  top10_tail_filtered: -\sqrt{3} (conf: 18.171) [2 votes]
  top10_bottom_window_filtered: -\sqrt{3} (conf: 15.309) [2 votes]

=== Detailed Voting Results ===
----------------------------------------------------------------------
Method                        Answer      Votes  Confidence  Correct
----------------------------------------------------------------------
majority                      -\sqrt{3}   16     -           ✓
mean_confidence_weighted      -\sqrt{3}   16     16.270      ✓
tail_confidence_weighted      -\sqrt{3}   16     17.378      ✓
bottom_window_weighted        -\sqrt{3}   16     14.173      ✓
min_window_weighted           -\sqrt{3}   16     13.257      ✓
top10_tail_filtered           -\sqrt{3}   2      18.171      ✓
top10_bottom_window_filtered  -\sqrt{3}   2      15.309      ✓
Q164 done | gt=-\sqrt{3} | majority:✓, mean_confidence_weighted:✓, tail_confidence_weighted:✓, bottom_window_weighted:✓, min_window_weighted:✓, top10_tail_filtered:✓, top10_bottom_window_filtered:✓
tokens=170007

============================================================
### Q165
============================================================
Ground truth: \frac{4}{9}
Trace 0: finished at 1777 tokens | answer=\dfrac{4}{9}
Trace 1: finished at 1209 tokens | answer=\dfrac{4}{9}
Trace 2: finished at 2727 tokens | answer=\dfrac{4}{9}
Trace 3: finished at 1891 tokens | answer=\dfrac{4}{9}
Trace 4: finished at 2460 tokens | answer=\dfrac{4}{9}
Trace 5: finished at 1569 tokens | answer=\dfrac{4}{9}
Trace 6: finished at 1779 tokens | answer=\dfrac{4}{9}
Trace 7: finished at 1193 tokens | answer=\dfrac{4}{9}
Trace 8: finished at 1164 tokens | answer=\dfrac{4}{9}
Trace 9: finished at 2386 tokens | answer=\dfrac{4}{9}
Trace 10: finished at 1534 tokens | answer=\dfrac{4}{9}
Trace 11: finished at 1550 tokens | answer=\dfrac{4}{9}
Trace 12: finished at 1457 tokens | answer=\dfrac{4}{9}
Trace 13: finished at 1434 tokens | answer=\dfrac{4}{9}
Trace 14: finished at 2786 tokens | answer=\dfrac{4}{9}
Trace 15: finished at 1688 tokens | answer=\dfrac{4}{9}

=== Voting Results Summary ===
  majority: \dfrac{4}{9} [16 votes]
  mean_confidence_weighted: \dfrac{4}{9} (conf: 13.578) [16 votes]
  tail_confidence_weighted: \dfrac{4}{9} (conf: 16.848) [16 votes]
  bottom_window_weighted: \dfrac{4}{9} (conf: 11.504) [16 votes]
  min_window_weighted: \dfrac{4}{9} (conf: 11.233) [16 votes]
  top10_tail_filtered: \dfrac{4}{9} (conf: 17.615) [2 votes]
  top10_bottom_window_filtered: \dfrac{4}{9} (conf: 12.434) [2 votes]

=== Detailed Voting Results ===
----------------------------------------------------------------------
Method                        Answer      Votes  Confidence  Correct
----------------------------------------------------------------------
majority                      \dfrac{4}{9} 16     -           ✓
mean_confidence_weighted      \dfrac{4}{9} 16     13.578      ✓
tail_confidence_weighted      \dfrac{4}{9} 16     16.848      ✓
bottom_window_weighted        \dfrac{4}{9} 16     11.504      ✓
min_window_weighted           \dfrac{4}{9} 16     11.233      ✓
top10_tail_filtered           \dfrac{4}{9} 2      17.615      ✓
top10_bottom_window_filtered  \dfrac{4}{9} 2      12.434      ✓
Q165 done | gt=\frac{4}{9} | majority:✓, mean_confidence_weighted:✓, tail_confidence_weighted:✓, bottom_window_weighted:✓, min_window_weighted:✓, top10_tail_filtered:✓, top10_bottom_window_filtered:✓
tokens=28604

============================================================
### Q166
============================================================
Ground truth: \frac{270}7\text{ degrees}
Trace 0: finished at 27249 tokens | answer=\dfrac{990}{7}
Trace 1: finished at 14283 tokens | answer=\dfrac{270}{7}
Trace 2: finished at 37797 tokens | answer=\dfrac{270}{7}
Trace 3: finished at 22454 tokens | answer=\dfrac{270}{7}
Trace 4: finished at 16424 tokens | answer=\dfrac{270}{7}
Trace 5: finished at 19560 tokens | answer=\dfrac{270}{7}
Trace 6: finished at 17287 tokens | answer=\dfrac{270}{7}
Trace 7: finished at 24345 tokens | answer=\dfrac{270}{7}
Trace 8: finished at 21550 tokens | answer=\dfrac{270}{7}
Trace 9: finished at 23181 tokens | answer=\dfrac{270}{7}
Trace 10: finished at 20065 tokens | answer=\dfrac{270}{7}
Trace 11: finished at 22442 tokens | answer=\dfrac{270}{7}
Trace 12: finished at 15683 tokens | answer=\dfrac{270}{7}
Trace 13: finished at 25226 tokens | answer=\dfrac{270}{7}
Trace 14: finished at 24189 tokens | answer=\dfrac{270}{7}
Trace 15: finished at 24923 tokens | answer=\dfrac{270}{7}

=== Voting Results Summary ===
  majority: \dfrac{270}{7} [16 votes]
  mean_confidence_weighted: \dfrac{270}{7} (conf: 14.627) [16 votes]
  tail_confidence_weighted: \dfrac{270}{7} (conf: 17.176) [16 votes]
  bottom_window_weighted: \dfrac{270}{7} (conf: 12.321) [16 votes]
  min_window_weighted: \dfrac{270}{7} (conf: 11.387) [16 votes]
  top10_tail_filtered: \dfrac{270}{7} (conf: 18.773) [2 votes]
  top10_bottom_window_filtered: \dfrac{270}{7} (conf: 12.845) [2 votes]

=== Detailed Voting Results ===
----------------------------------------------------------------------
Method                        Answer      Votes  Confidence  Correct
----------------------------------------------------------------------
majority                      \dfrac{270}{7} 16     -           ✗
mean_confidence_weighted      \dfrac{270}{7} 16     14.627      ✗
tail_confidence_weighted      \dfrac{270}{7} 16     17.176      ✗
bottom_window_weighted        \dfrac{270}{7} 16     12.321      ✗
min_window_weighted           \dfrac{270}{7} 16     11.387      ✗
top10_tail_filtered           \dfrac{270}{7} 2      18.773      ✗
top10_bottom_window_filtered  \dfrac{270}{7} 2      12.845      ✗
Q166 done | gt=\frac{270}7\text{ degrees} | majority:✗, mean_confidence_weighted:✗, tail_confidence_weighted:✗, bottom_window_weighted:✗, min_window_weighted:✗, top10_tail_filtered:✗, top10_bottom_window_filtered:✗
tokens=356658

============================================================
### Q167
============================================================
Ground truth: 65
Trace 0: finished at 1156 tokens | answer=65
Trace 1: finished at 1744 tokens | answer=65
Trace 2: finished at 1072 tokens | answer=65
Trace 3: finished at 1131 tokens | answer=65
Trace 4: finished at 1237 tokens | answer=65
Trace 5: finished at 1158 tokens | answer=65
Trace 6: finished at 1217 tokens | answer=65
Trace 7: finished at 1089 tokens | answer=65
Trace 8: finished at 1003 tokens | answer=65
Trace 9: finished at 1099 tokens | answer=65
Trace 10: finished at 1143 tokens | answer=65
Trace 11: finished at 1833 tokens | answer=65
Trace 12: finished at 1279 tokens | answer=65
Trace 13: finished at 1164 tokens | answer=65
Trace 14: finished at 899 tokens | answer=65
Trace 15: finished at 971 tokens | answer=65

=== Voting Results Summary ===
  majority: 65 [16 votes]
  mean_confidence_weighted: 65 (conf: 15.961) [16 votes]
  tail_confidence_weighted: 65 (conf: 17.851) [16 votes]
  bottom_window_weighted: 65 (conf: 13.900) [16 votes]
  min_window_weighted: 65 (conf: 13.630) [16 votes]
  top10_tail_filtered: 65 (conf: 18.746) [2 votes]
  top10_bottom_window_filtered: 65 (conf: 14.733) [2 votes]

=== Detailed Voting Results ===
----------------------------------------------------------------------
Method                        Answer      Votes  Confidence  Correct
----------------------------------------------------------------------
majority                      65          16     -           ✓
mean_confidence_weighted      65          16     15.961      ✓
tail_confidence_weighted      65          16     17.851      ✓
bottom_window_weighted        65          16     13.900      ✓
min_window_weighted           65          16     13.630      ✓
top10_tail_filtered           65          2      18.746      ✓
top10_bottom_window_filtered  65          2      14.733      ✓
Q167 done | gt=65 | majority:✓, mean_confidence_weighted:✓, tail_confidence_weighted:✓, bottom_window_weighted:✓, min_window_weighted:✓, top10_tail_filtered:✓, top10_bottom_window_filtered:✓
tokens=19195

============================================================
### Q168
============================================================
Ground truth: 19
Trace 0: finished at 35756 tokens | answer=18
Trace 1: finished at 26823 tokens | answer=18
Trace 2: finished at 29808 tokens | answer=18
Trace 3: finished at 32059 tokens | answer=19
Trace 4: finished at 23931 tokens | answer=18
Trace 5: finished at 35017 tokens | answer=18
Trace 6: finished at 28746 tokens | answer=19
Trace 7: finished at 33164 tokens | answer=19
Trace 8: finished at 23952 tokens | answer=19
Trace 9: finished at 30157 tokens | answer=19
Trace 10: finished at 55557 tokens | answer=14
Trace 11: finished at 25574 tokens | answer=18
Trace 12: finished at 37669 tokens | answer=19
Trace 13: finished at 27139 tokens | answer=19
Trace 14: finished at 22732 tokens | answer=19
Trace 15: finished at 32620 tokens | answer=19

=== Voting Results Summary ===
  majority: 19 [16 votes]
  mean_confidence_weighted: 19 (conf: 14.395) [16 votes]
  tail_confidence_weighted: 19 (conf: 18.108) [16 votes]
  bottom_window_weighted: 19 (conf: 12.116) [16 votes]
  min_window_weighted: 19 (conf: 10.809) [16 votes]
  top10_tail_filtered: 18 (conf: 19.029) [2 votes]
  top10_bottom_window_filtered: 18 (conf: 12.615) [2 votes]

=== Detailed Voting Results ===
----------------------------------------------------------------------
Method                        Answer      Votes  Confidence  Correct
----------------------------------------------------------------------
majority                      19          16     -           ✓
mean_confidence_weighted      19          16     14.395      ✓
tail_confidence_weighted      19          16     18.108      ✓
bottom_window_weighted        19          16     12.116      ✓
min_window_weighted           19          16     10.809      ✓
top10_tail_filtered           18          2      19.029      ✗
top10_bottom_window_filtered  18          2      12.615      ✗
Q168 done | gt=19 | majority:✓, mean_confidence_weighted:✓, tail_confidence_weighted:✓, bottom_window_weighted:✓, min_window_weighted:✓, top10_tail_filtered:✗, top10_bottom_window_filtered:✗
tokens=500704

============================================================
### Q169
============================================================
Ground truth: 12
Trace 0: finished at 1578 tokens | answer=12
Trace 1: finished at 1420 tokens | answer=12
Trace 2: finished at 1417 tokens | answer=12
Trace 3: finished at 1272 tokens | answer=12
Trace 4: finished at 943 tokens | answer=12
Trace 5: finished at 1569 tokens | answer=12
Trace 6: finished at 1134 tokens | answer=12
Trace 7: finished at 2871 tokens | answer=12
Trace 8: finished at 1342 tokens | answer=12
Trace 9: finished at 1139 tokens | answer=12
Trace 10: finished at 1069 tokens | answer=12
Trace 11: finished at 1368 tokens | answer=12
Trace 12: finished at 3425 tokens | answer=12
Trace 13: finished at 2311 tokens | answer=12
Trace 14: finished at 1600 tokens | answer=12
Trace 15: finished at 2422 tokens | answer=12

=== Voting Results Summary ===
  majority: 12 [16 votes]
  mean_confidence_weighted: 12 (conf: 15.947) [16 votes]
  tail_confidence_weighted: 12 (conf: 17.753) [16 votes]
  bottom_window_weighted: 12 (conf: 13.745) [16 votes]
  min_window_weighted: 12 (conf: 13.430) [16 votes]
  top10_tail_filtered: 12 (conf: 18.904) [2 votes]
  top10_bottom_window_filtered: 12 (conf: 15.605) [2 votes]

=== Detailed Voting Results ===
----------------------------------------------------------------------
Method                        Answer      Votes  Confidence  Correct
----------------------------------------------------------------------
majority                      12          16     -           ✓
mean_confidence_weighted      12          16     15.947      ✓
tail_confidence_weighted      12          16     17.753      ✓
bottom_window_weighted        12          16     13.745      ✓
min_window_weighted           12          16     13.430      ✓
top10_tail_filtered           12          2      18.904      ✓
top10_bottom_window_filtered  12          2      15.605      ✓
Q169 done | gt=12 | majority:✓, mean_confidence_weighted:✓, tail_confidence_weighted:✓, bottom_window_weighted:✓, min_window_weighted:✓, top10_tail_filtered:✓, top10_bottom_window_filtered:✓
tokens=26880

============================================================
### Q170
============================================================
Ground truth: 1736
Trace 0: finished at 8484 tokens | answer=1736
Trace 1: finished at 13959 tokens | answer=1736
Trace 2: finished at 7472 tokens | answer=1736
Trace 3: finished at 7847 tokens | answer=1736
Trace 4: finished at 8181 tokens | answer=1736
Trace 5: finished at 9167 tokens | answer=1736
Trace 6: finished at 10901 tokens | answer=1736
Trace 7: finished at 9163 tokens | answer=1736
Trace 8: finished at 7009 tokens | answer=1736
Trace 9: finished at 10436 tokens | answer=1736
Trace 10: finished at 6984 tokens | answer=1736
Trace 11: finished at 9470 tokens | answer=1736
Trace 12: finished at 6664 tokens | answer=1736
Trace 13: finished at 9673 tokens | answer=1736
Trace 14: finished at 8827 tokens | answer=1736
Trace 15: finished at 8257 tokens | answer=1736

=== Voting Results Summary ===
  majority: 1736 [16 votes]
  mean_confidence_weighted: 1736 (conf: 16.296) [16 votes]
  tail_confidence_weighted: 1736 (conf: 17.270) [16 votes]
  bottom_window_weighted: 1736 (conf: 13.474) [16 votes]
  min_window_weighted: 1736 (conf: 12.654) [16 votes]
  top10_tail_filtered: 1736 (conf: 17.866) [2 votes]
  top10_bottom_window_filtered: 1736 (conf: 14.197) [2 votes]

=== Detailed Voting Results ===
----------------------------------------------------------------------
Method                        Answer      Votes  Confidence  Correct
----------------------------------------------------------------------
majority                      1736        16     -           ✓
mean_confidence_weighted      1736        16     16.296      ✓
tail_confidence_weighted      1736        16     17.270      ✓
bottom_window_weighted        1736        16     13.474      ✓
min_window_weighted           1736        16     12.654      ✓
top10_tail_filtered           1736        2      17.866      ✓
top10_bottom_window_filtered  1736        2      14.197      ✓
Q170 done | gt=1736 | majority:✓, mean_confidence_weighted:✓, tail_confidence_weighted:✓, bottom_window_weighted:✓, min_window_weighted:✓, top10_tail_filtered:✓, top10_bottom_window_filtered:✓
tokens=142494

============================================================
### Q171
============================================================
Ground truth: \frac{13}{15}
Trace 0: finished at 1995 tokens | answer=\dfrac{13}{15}
Trace 1: finished at 875 tokens | answer=\dfrac{13}{15}
Trace 2: finished at 1550 tokens | answer=\dfrac{13}{15}
Trace 3: finished at 1077 tokens | answer=\dfrac{13}{15}
Trace 4: finished at 2392 tokens | answer=\dfrac{13}{15}
Trace 5: finished at 838 tokens | answer=\dfrac{13}{15}
Trace 6: finished at 916 tokens | answer=\dfrac{13}{15}
Trace 7: finished at 1802 tokens | answer=\dfrac{13}{15}
Trace 8: finished at 958 tokens | answer=\dfrac{13}{15}
Trace 9: finished at 983 tokens | answer=\dfrac{13}{15}
Trace 10: finished at 1815 tokens | answer=\dfrac{13}{15}
Trace 11: finished at 2112 tokens | answer=\dfrac{13}{15}
Trace 12: finished at 1321 tokens | answer=\dfrac{13}{15}
Trace 13: finished at 1927 tokens | answer=\dfrac{13}{15}
Trace 14: finished at 1639 tokens | answer=\dfrac{13}{15}
Trace 15: finished at 1577 tokens | answer=\dfrac{13}{15}

=== Voting Results Summary ===
  majority: \dfrac{13}{15} [16 votes]
  mean_confidence_weighted: \dfrac{13}{15} (conf: 12.852) [16 votes]
  tail_confidence_weighted: \dfrac{13}{15} (conf: 16.181) [16 votes]
  bottom_window_weighted: \dfrac{13}{15} (conf: 11.108) [16 votes]
  min_window_weighted: \dfrac{13}{15} (conf: 10.882) [16 votes]
  top10_tail_filtered: \dfrac{13}{15} (conf: 17.086) [2 votes]
  top10_bottom_window_filtered: \dfrac{13}{15} (conf: 11.997) [2 votes]

=== Detailed Voting Results ===
----------------------------------------------------------------------
Method                        Answer      Votes  Confidence  Correct
----------------------------------------------------------------------
majority                      \dfrac{13}{15} 16     -           ✓
mean_confidence_weighted      \dfrac{13}{15} 16     12.852      ✓
tail_confidence_weighted      \dfrac{13}{15} 16     16.181      ✓
bottom_window_weighted        \dfrac{13}{15} 16     11.108      ✓
min_window_weighted           \dfrac{13}{15} 16     10.882      ✓
top10_tail_filtered           \dfrac{13}{15} 2      17.086      ✓
top10_bottom_window_filtered  \dfrac{13}{15} 2      11.997      ✓
Q171 done | gt=\frac{13}{15} | majority:✓, mean_confidence_weighted:✓, tail_confidence_weighted:✓, bottom_window_weighted:✓, min_window_weighted:✓, top10_tail_filtered:✓, top10_bottom_window_filtered:✓
tokens=23777

============================================================
### Q172
============================================================
Ground truth: 350
Trace 0: finished at 1399 tokens | answer=350
Trace 1: finished at 1583 tokens | answer=350
Trace 2: finished at 1634 tokens | answer=350
Trace 3: finished at 1595 tokens | answer=350
Trace 4: finished at 1417 tokens | answer=350
Trace 5: finished at 2268 tokens | answer=350
Trace 6: finished at 1514 tokens | answer=350
Trace 7: finished at 2185 tokens | answer=350
Trace 8: finished at 1615 tokens | answer=350
Trace 9: finished at 2062 tokens | answer=350
Trace 10: finished at 2154 tokens | answer=350
Trace 11: finished at 1955 tokens | answer=350
Trace 12: finished at 1845 tokens | answer=350
Trace 13: finished at 1546 tokens | answer=350
Trace 14: finished at 1694 tokens | answer=350
Trace 15: finished at 1521 tokens | answer=350

=== Voting Results Summary ===
  majority: 350 [16 votes]
  mean_confidence_weighted: 350 (conf: 12.860) [16 votes]
  tail_confidence_weighted: 350 (conf: 15.218) [16 votes]
  bottom_window_weighted: 350 (conf: 10.707) [16 votes]
  min_window_weighted: 350 (conf: 10.296) [16 votes]
  top10_tail_filtered: 350 (conf: 16.243) [2 votes]
  top10_bottom_window_filtered: 350 (conf: 11.581) [2 votes]

=== Detailed Voting Results ===
----------------------------------------------------------------------
Method                        Answer      Votes  Confidence  Correct
----------------------------------------------------------------------
majority                      350         16     -           ✓
mean_confidence_weighted      350         16     12.860      ✓
tail_confidence_weighted      350         16     15.218      ✓
bottom_window_weighted        350         16     10.707      ✓
min_window_weighted           350         16     10.296      ✓
top10_tail_filtered           350         2      16.243      ✓
top10_bottom_window_filtered  350         2      11.581      ✓
Q172 done | gt=350 | majority:✓, mean_confidence_weighted:✓, tail_confidence_weighted:✓, bottom_window_weighted:✓, min_window_weighted:✓, top10_tail_filtered:✓, top10_bottom_window_filtered:✓
tokens=27987

============================================================
### Q173
============================================================
Ground truth: 4
Trace 0: finished at 28439 tokens | answer=4
Trace 1: finished at 22011 tokens | answer=4
Trace 2: finished at 23230 tokens | answer=4
Trace 3: finished at 24193 tokens | answer=4
Trace 4: finished at 24381 tokens | answer=4
Trace 5: finished at 21969 tokens | answer=4
Trace 6: finished at 19117 tokens | answer=4
Trace 7: finished at 25036 tokens | answer=4
Trace 8: finished at 28886 tokens | answer=4
Trace 9: finished at 23915 tokens | answer=4
Trace 10: finished at 23128 tokens | answer=4
Trace 11: finished at 27563 tokens | answer=4
Trace 12: finished at 21153 tokens | answer=4
Trace 13: finished at 22069 tokens | answer=4
Trace 14: finished at 26582 tokens | answer=4
Trace 15: finished at 27045 tokens | answer=4

=== Voting Results Summary ===
  majority: 4 [16 votes]
  mean_confidence_weighted: 4 (conf: 15.709) [16 votes]
  tail_confidence_weighted: 4 (conf: 17.731) [16 votes]
  bottom_window_weighted: 4 (conf: 13.703) [16 votes]
  min_window_weighted: 4 (conf: 12.736) [16 votes]
  top10_tail_filtered: 4 (conf: 18.805) [2 votes]
  top10_bottom_window_filtered: 4 (conf: 14.260) [2 votes]

=== Detailed Voting Results ===
----------------------------------------------------------------------
Method                        Answer      Votes  Confidence  Correct
----------------------------------------------------------------------
majority                      4           16     -           ✓
mean_confidence_weighted      4           16     15.709      ✓
tail_confidence_weighted      4           16     17.731      ✓
bottom_window_weighted        4           16     13.703      ✓
min_window_weighted           4           16     12.736      ✓
top10_tail_filtered           4           2      18.805      ✓
top10_bottom_window_filtered  4           2      14.260      ✓
Q173 done | gt=4 | majority:✓, mean_confidence_weighted:✓, tail_confidence_weighted:✓, bottom_window_weighted:✓, min_window_weighted:✓, top10_tail_filtered:✓, top10_bottom_window_filtered:✓
tokens=388717

============================================================
### Q174
============================================================
Ground truth: 2
Trace 0: finished at 5278 tokens | answer=2
Trace 1: finished at 2922 tokens | answer=2
Trace 2: finished at 4145 tokens | answer=2
Trace 3: finished at 3508 tokens | answer=2
Trace 4: finished at 3046 tokens | answer=2
Trace 5: finished at 2197 tokens | answer=2
Trace 6: finished at 5814 tokens | answer=2
Trace 7: finished at 4873 tokens | answer=2
Trace 8: finished at 3807 tokens | answer=2
Trace 9: finished at 4705 tokens | answer=2
Trace 10: finished at 5333 tokens | answer=2
Trace 11: finished at 5411 tokens | answer=2
Trace 12: finished at 3210 tokens | answer=2
Trace 13: finished at 4174 tokens | answer=2
Trace 14: finished at 2558 tokens | answer=2
Trace 15: finished at 2580 tokens | answer=2

=== Voting Results Summary ===
  majority: 2 [16 votes]
  mean_confidence_weighted: 2 (conf: 14.804) [16 votes]
  tail_confidence_weighted: 2 (conf: 17.843) [16 votes]
  bottom_window_weighted: 2 (conf: 12.514) [16 votes]
  min_window_weighted: 2 (conf: 12.018) [16 votes]
  top10_tail_filtered: 2 (conf: 18.719) [2 votes]
  top10_bottom_window_filtered: 2 (conf: 13.042) [2 votes]

=== Detailed Voting Results ===
----------------------------------------------------------------------
Method                        Answer      Votes  Confidence  Correct
----------------------------------------------------------------------
majority                      2           16     -           ✓
mean_confidence_weighted      2           16     14.804      ✓
tail_confidence_weighted      2           16     17.843      ✓
bottom_window_weighted        2           16     12.514      ✓
min_window_weighted           2           16     12.018      ✓
top10_tail_filtered           2           2      18.719      ✓
top10_bottom_window_filtered  2           2      13.042      ✓
Q174 done | gt=2 | majority:✓, mean_confidence_weighted:✓, tail_confidence_weighted:✓, bottom_window_weighted:✓, min_window_weighted:✓, top10_tail_filtered:✓, top10_bottom_window_filtered:✓
tokens=63561

============================================================
### Q175
============================================================
Ground truth: 3
Trace 0: finished at 7669 tokens | answer=3
Trace 1: finished at 8497 tokens | answer=3
Trace 2: finished at 6680 tokens | answer=3
Trace 3: finished at 7966 tokens | answer=3
Trace 4: finished at 6975 tokens | answer=3
Trace 5: finished at 7175 tokens | answer=3
Trace 6: finished at 9757 tokens | answer=3
Trace 7: finished at 7896 tokens | answer=3
Trace 8: finished at 7771 tokens | answer=3
Trace 9: finished at 7857 tokens | answer=3
Trace 10: finished at 7739 tokens | answer=3
Trace 11: finished at 5127 tokens | answer=3
Trace 12: finished at 7090 tokens | answer=3
Trace 13: finished at 8354 tokens | answer=3
Trace 14: finished at 7329 tokens | answer=3
Trace 15: finished at 9698 tokens | answer=3

=== Voting Results Summary ===
  majority: 3 [16 votes]
  mean_confidence_weighted: 3 (conf: 15.776) [16 votes]
  tail_confidence_weighted: 3 (conf: 16.586) [16 votes]
  bottom_window_weighted: 3 (conf: 13.371) [16 votes]
  min_window_weighted: 3 (conf: 12.580) [16 votes]
  top10_tail_filtered: 3 (conf: 17.141) [2 votes]
  top10_bottom_window_filtered: 3 (conf: 13.963) [2 votes]

=== Detailed Voting Results ===
----------------------------------------------------------------------
Method                        Answer      Votes  Confidence  Correct
----------------------------------------------------------------------
majority                      3           16     -           ✓
mean_confidence_weighted      3           16     15.776      ✓
tail_confidence_weighted      3           16     16.586      ✓
bottom_window_weighted        3           16     13.371      ✓
min_window_weighted           3           16     12.580      ✓
top10_tail_filtered           3           2      17.141      ✓
top10_bottom_window_filtered  3           2      13.963      ✓
Q175 done | gt=3 | majority:✓, mean_confidence_weighted:✓, tail_confidence_weighted:✓, bottom_window_weighted:✓, min_window_weighted:✓, top10_tail_filtered:✓, top10_bottom_window_filtered:✓
tokens=123580

============================================================
### Q176
============================================================
Ground truth: .0000672
Trace 0: finished at 6267 tokens | answer=0.0000672
Trace 1: finished at 5954 tokens | answer=0.0000672
Trace 2: finished at 7706 tokens | answer=0.0000672
Trace 3: finished at 4684 tokens | answer=0.0000672
Trace 4: finished at 4122 tokens | answer=0.0000672
Trace 5: finished at 5781 tokens | answer=0.0000672
Trace 6: finished at 7606 tokens | answer=0.0000672
Trace 7: finished at 5154 tokens | answer=0.0000672
Trace 8: finished at 4358 tokens | answer=0.0000672
Trace 9: finished at 6203 tokens | answer=0.0000672
Trace 10: finished at 6333 tokens | answer=0.0000672
Trace 11: finished at 4873 tokens | answer=0.0000672
Trace 12: finished at 9076 tokens | answer=0.0000672
Trace 13: finished at 9528 tokens | answer=0.0000672
Trace 14: finished at 7190 tokens | answer=0.0000672
Trace 15: finished at 5837 tokens | answer=0.0000672

=== Voting Results Summary ===
  majority: 0.0000672 [16 votes]
  mean_confidence_weighted: 0.0000672 (conf: 15.426) [16 votes]
  tail_confidence_weighted: 0.0000672 (conf: 17.024) [16 votes]
  bottom_window_weighted: 0.0000672 (conf: 13.095) [16 votes]
  min_window_weighted: 0.0000672 (conf: 12.276) [16 votes]
  top10_tail_filtered: 0.0000672 (conf: 17.684) [2 votes]
  top10_bottom_window_filtered: 0.0000672 (conf: 13.983) [2 votes]

=== Detailed Voting Results ===
----------------------------------------------------------------------
Method                        Answer      Votes  Confidence  Correct
----------------------------------------------------------------------
majority                      0.0000672   16     -           ✓
mean_confidence_weighted      0.0000672   16     15.426      ✓
tail_confidence_weighted      0.0000672   16     17.024      ✓
bottom_window_weighted        0.0000672   16     13.095      ✓
min_window_weighted           0.0000672   16     12.276      ✓
top10_tail_filtered           0.0000672   2      17.684      ✓
top10_bottom_window_filtered  0.0000672   2      13.983      ✓
Q176 done | gt=.0000672 | majority:✓, mean_confidence_weighted:✓, tail_confidence_weighted:✓, bottom_window_weighted:✓, min_window_weighted:✓, top10_tail_filtered:✓, top10_bottom_window_filtered:✓
tokens=100672

============================================================
### Q177
============================================================
Ground truth: 30^\circ
Trace 0: finished at 17565 tokens | answer=30
Trace 1: finished at 24434 tokens | answer=30
Trace 2: finished at 23155 tokens | answer=30
Trace 3: finished at 13370 tokens | answer=30
Trace 4: finished at 15516 tokens | answer=30
Trace 5: finished at 9037 tokens | answer=30
Trace 6: finished at 17965 tokens | answer=30
Trace 7: finished at 12941 tokens | answer=30
Trace 8: finished at 19319 tokens | answer=30
Trace 9: finished at 7585 tokens | answer=30
Trace 10: finished at 16557 tokens | answer=30
Trace 11: finished at 28403 tokens | answer=30
Trace 12: finished at 9628 tokens | answer=30
Trace 13: finished at 14663 tokens | answer=30
Trace 14: finished at 30559 tokens | answer=30
Trace 15: finished at 17313 tokens | answer=30

=== Voting Results Summary ===
  majority: 30 [16 votes]
  mean_confidence_weighted: 30 (conf: 14.781) [16 votes]
  tail_confidence_weighted: 30 (conf: 18.187) [16 votes]
  bottom_window_weighted: 30 (conf: 11.978) [16 votes]
  min_window_weighted: 30 (conf: 11.097) [16 votes]
  top10_tail_filtered: 30 (conf: 19.007) [2 votes]
  top10_bottom_window_filtered: 30 (conf: 12.627) [2 votes]

=== Detailed Voting Results ===
----------------------------------------------------------------------
Method                        Answer      Votes  Confidence  Correct
----------------------------------------------------------------------
majority                      30          16     -           ✗
mean_confidence_weighted      30          16     14.781      ✗
tail_confidence_weighted      30          16     18.187      ✗
bottom_window_weighted        30          16     11.978      ✗
min_window_weighted           30          16     11.097      ✗
top10_tail_filtered           30          2      19.007      ✗
top10_bottom_window_filtered  30          2      12.627      ✗
Q177 done | gt=30^\circ | majority:✗, mean_confidence_weighted:✗, tail_confidence_weighted:✗, bottom_window_weighted:✗, min_window_weighted:✗, top10_tail_filtered:✗, top10_bottom_window_filtered:✗
tokens=278010

============================================================
### Q178
============================================================
Ground truth: 60
Trace 0: finished at 1677 tokens | answer=60
Trace 1: finished at 1659 tokens | answer=60
Trace 2: finished at 1715 tokens | answer=60
Trace 3: finished at 1742 tokens | answer=60
Trace 4: finished at 1862 tokens | answer=60
Trace 5: finished at 1650 tokens | answer=60
Trace 6: finished at 2015 tokens | answer=60
Trace 7: finished at 3486 tokens | answer=60
Trace 8: finished at 2275 tokens | answer=60
Trace 9: finished at 1423 tokens | answer=60
Trace 10: finished at 1458 tokens | answer=60
Trace 11: finished at 2247 tokens | answer=60
Trace 12: finished at 1369 tokens | answer=60
Trace 13: finished at 2201 tokens | answer=60
Trace 14: finished at 2261 tokens | answer=60
Trace 15: finished at 1264 tokens | answer=60

=== Voting Results Summary ===
  majority: 60 [16 votes]
  mean_confidence_weighted: 60 (conf: 15.595) [16 votes]
  tail_confidence_weighted: 60 (conf: 16.722) [16 votes]
  bottom_window_weighted: 60 (conf: 13.749) [16 votes]
  min_window_weighted: 60 (conf: 13.366) [16 votes]
  top10_tail_filtered: 60 (conf: 17.209) [2 votes]
  top10_bottom_window_filtered: 60 (conf: 14.385) [2 votes]

=== Detailed Voting Results ===
----------------------------------------------------------------------
Method                        Answer      Votes  Confidence  Correct
----------------------------------------------------------------------
majority                      60          16     -           ✓
mean_confidence_weighted      60          16     15.595      ✓
tail_confidence_weighted      60          16     16.722      ✓
bottom_window_weighted        60          16     13.749      ✓
min_window_weighted           60          16     13.366      ✓
top10_tail_filtered           60          2      17.209      ✓
top10_bottom_window_filtered  60          2      14.385      ✓
Q178 done | gt=60 | majority:✓, mean_confidence_weighted:✓, tail_confidence_weighted:✓, bottom_window_weighted:✓, min_window_weighted:✓, top10_tail_filtered:✓, top10_bottom_window_filtered:✓
tokens=30304

============================================================
### Q179
============================================================
Ground truth: 5x - 7y + 11z + 4 = 0
Trace 0: finished at 3369 tokens | answer=5x-7y+11z+4=0
Trace 1: finished at 3015 tokens | answer=5x-7y+11z+4=0
Trace 2: finished at 4514 tokens | answer=5x-7y+11z+4=0
Trace 3: finished at 3740 tokens | answer=5x-7y+11z+4=0
Trace 4: finished at 3744 tokens | answer=5x-7y+11z+4=0
Trace 5: finished at 3512 tokens | answer=5x-7y+11z+4=0
Trace 6: finished at 2588 tokens | answer=5x-7y+11z+4=0
Trace 7: finished at 5042 tokens | answer=5x-7y+11z+4=0
Trace 8: finished at 3942 tokens | answer=5x-7y+11z+4=0
Trace 9: finished at 3344 tokens | answer=5x-7y+11z+4=0
Trace 10: finished at 3616 tokens | answer=5x-7y+11z+4=0
Trace 11: finished at 4204 tokens | answer=5x-7y+11z+4=0
Trace 12: finished at 3021 tokens | answer=5x-7y+11z+4=0
Trace 13: finished at 4359 tokens | answer=5x-7y+11z+4=0
Trace 14: finished at 3441 tokens | answer=5x-7y+11z+4=0
Trace 15: finished at 4280 tokens | answer=5x-7y+11z+4=0

=== Voting Results Summary ===
  majority: 5x-7y+11z+4=0 [16 votes]
  mean_confidence_weighted: 5x-7y+11z+4=0 (conf: 16.033) [16 votes]
  tail_confidence_weighted: 5x-7y+11z+4=0 (conf: 16.574) [16 votes]
  bottom_window_weighted: 5x-7y+11z+4=0 (conf: 13.386) [16 votes]
  min_window_weighted: 5x-7y+11z+4=0 (conf: 12.684) [16 votes]
  top10_tail_filtered: 5x-7y+11z+4=0 (conf: 17.268) [2 votes]
  top10_bottom_window_filtered: 5x-7y+11z+4=0 (conf: 15.353) [2 votes]

=== Detailed Voting Results ===
----------------------------------------------------------------------
Method                        Answer      Votes  Confidence  Correct
----------------------------------------------------------------------
majority                      5x-7y+11z+4=0 16     -           ✓
mean_confidence_weighted      5x-7y+11z+4=0 16     16.033      ✓
tail_confidence_weighted      5x-7y+11z+4=0 16     16.574      ✓
bottom_window_weighted        5x-7y+11z+4=0 16     13.386      ✓
min_window_weighted           5x-7y+11z+4=0 16     12.684      ✓
top10_tail_filtered           5x-7y+11z+4=0 2      17.268      ✓
top10_bottom_window_filtered  5x-7y+11z+4=0 2      15.353      ✓
Q179 done | gt=5x - 7y + 11z + 4 = 0 | majority:✓, mean_confidence_weighted:✓, tail_confidence_weighted:✓, bottom_window_weighted:✓, min_window_weighted:✓, top10_tail_filtered:✓, top10_bottom_window_filtered:✓
tokens=59731

============================================================
### Q180
============================================================
Ground truth: 3
Trace 0: finished at 4731 tokens | answer=3
Trace 1: finished at 3078 tokens | answer=3
Trace 2: finished at 4719 tokens | answer=3
Trace 3: finished at 4077 tokens | answer=3
Trace 4: finished at 3019 tokens | answer=3
Trace 5: finished at 3234 tokens | answer=3
Trace 6: finished at 2734 tokens | answer=3
Trace 7: finished at 3440 tokens | answer=3
Trace 8: finished at 3618 tokens | answer=3
Trace 9: finished at 3535 tokens | answer=3
Trace 10: finished at 3786 tokens | answer=3
Trace 11: finished at 3357 tokens | answer=3
Trace 12: finished at 3397 tokens | answer=3
Trace 13: finished at 4417 tokens | answer=3
Trace 14: finished at 3924 tokens | answer=3
Trace 15: finished at 5638 tokens | answer=3

=== Voting Results Summary ===
  majority: 3 [16 votes]
  mean_confidence_weighted: 3 (conf: 15.234) [16 votes]
  tail_confidence_weighted: 3 (conf: 17.928) [16 votes]
  bottom_window_weighted: 3 (conf: 13.120) [16 votes]
  min_window_weighted: 3 (conf: 12.632) [16 votes]
  top10_tail_filtered: 3 (conf: 18.477) [2 votes]
  top10_bottom_window_filtered: 3 (conf: 13.951) [2 votes]

=== Detailed Voting Results ===
----------------------------------------------------------------------
Method                        Answer      Votes  Confidence  Correct
----------------------------------------------------------------------
majority                      3           16     -           ✓
mean_confidence_weighted      3           16     15.234      ✓
tail_confidence_weighted      3           16     17.928      ✓
bottom_window_weighted        3           16     13.120      ✓
min_window_weighted           3           16     12.632      ✓
top10_tail_filtered           3           2      18.477      ✓
top10_bottom_window_filtered  3           2      13.951      ✓
Q180 done | gt=3 | majority:✓, mean_confidence_weighted:✓, tail_confidence_weighted:✓, bottom_window_weighted:✓, min_window_weighted:✓, top10_tail_filtered:✓, top10_bottom_window_filtered:✓
tokens=60704

============================================================
### Q181
============================================================
Ground truth: \frac{\sqrt{3}}{3}
Trace 0: finished at 4929 tokens | answer=\dfrac{\sqrt{3}}{3}
Trace 1: finished at 4122 tokens | answer=\dfrac{\sqrt{3}}{3}
Trace 2: finished at 4554 tokens | answer=\dfrac{\sqrt{3}}{3}
Trace 3: finished at 3355 tokens | answer=\dfrac{\sqrt{3}}{3}
Trace 4: finished at 3898 tokens | answer=\dfrac{\sqrt{3}}{3}
Trace 5: finished at 4891 tokens | answer=\dfrac{\sqrt{3}}{3}
Trace 6: finished at 2732 tokens | answer=\dfrac{\sqrt{3}}{3}
Trace 7: finished at 5199 tokens | answer=\dfrac{\sqrt{3}}{3}
Trace 8: finished at 4725 tokens | answer=\dfrac{\sqrt{3}}{3}
Trace 9: finished at 2675 tokens | answer=\dfrac{\sqrt{3}}{3}
Trace 10: finished at 5491 tokens | answer=\dfrac{\sqrt{3}}{3}
Trace 11: finished at 4960 tokens | answer=\dfrac{\sqrt{3}}{3}
Trace 12: finished at 6089 tokens | answer=\dfrac{\sqrt{3}}{3}
Trace 13: finished at 3670 tokens | answer=\dfrac{\sqrt{3}}{3}
Trace 14: finished at 4572 tokens | answer=\dfrac{\sqrt{3}}{3}
Trace 15: finished at 3390 tokens | answer=\dfrac{\sqrt{3}}{3}

=== Voting Results Summary ===
  majority: \dfrac{\sqrt{3}}{3} [16 votes]
  mean_confidence_weighted: \dfrac{\sqrt{3}}{3} (conf: 15.771) [16 votes]
  tail_confidence_weighted: \dfrac{\sqrt{3}}{3} (conf: 17.954) [16 votes]
  bottom_window_weighted: \dfrac{\sqrt{3}}{3} (conf: 13.821) [16 votes]
  min_window_weighted: \dfrac{\sqrt{3}}{3} (conf: 13.221) [16 votes]
  top10_tail_filtered: \dfrac{\sqrt{3}}{3} (conf: 18.301) [2 votes]
  top10_bottom_window_filtered: \dfrac{\sqrt{3}}{3} (conf: 14.442) [2 votes]

=== Detailed Voting Results ===
----------------------------------------------------------------------
Method                        Answer      Votes  Confidence  Correct
----------------------------------------------------------------------
majority                      \dfrac{\sqrt{3}}{3} 16     -           ✓
mean_confidence_weighted      \dfrac{\sqrt{3}}{3} 16     15.771      ✓
tail_confidence_weighted      \dfrac{\sqrt{3}}{3} 16     17.954      ✓
bottom_window_weighted        \dfrac{\sqrt{3}}{3} 16     13.821      ✓
min_window_weighted           \dfrac{\sqrt{3}}{3} 16     13.221      ✓
top10_tail_filtered           \dfrac{\sqrt{3}}{3} 2      18.301      ✓
top10_bottom_window_filtered  \dfrac{\sqrt{3}}{3} 2      14.442      ✓
Q181 done | gt=\frac{\sqrt{3}}{3} | majority:✓, mean_confidence_weighted:✓, tail_confidence_weighted:✓, bottom_window_weighted:✓, min_window_weighted:✓, top10_tail_filtered:✓, top10_bottom_window_filtered:✓
tokens=69252

============================================================
### Q182
============================================================
Ground truth: 1251
Trace 0: finished at 1014 tokens | answer=1251
Trace 1: finished at 1158 tokens | answer=1251
Trace 2: finished at 805 tokens | answer=1251
Trace 3: finished at 830 tokens | answer=1251
Trace 4: finished at 895 tokens | answer=1251
Trace 5: finished at 980 tokens | answer=1251
Trace 6: finished at 1158 tokens | answer=1251
Trace 7: finished at 1591 tokens | answer=1251
Trace 8: finished at 1000 tokens | answer=1251
Trace 9: finished at 1031 tokens | answer=1251
Trace 10: finished at 736 tokens | answer=1251
Trace 11: finished at 762 tokens | answer=1251
Trace 12: finished at 1383 tokens | answer=1251
Trace 13: finished at 1111 tokens | answer=1251
Trace 14: finished at 1350 tokens | answer=1251
Trace 15: finished at 882 tokens | answer=1251

=== Voting Results Summary ===
  majority: 1251 [16 votes]
  mean_confidence_weighted: 1251 (conf: 13.222) [16 votes]
  tail_confidence_weighted: 1251 (conf: 15.218) [16 votes]
  bottom_window_weighted: 1251 (conf: 11.758) [16 votes]
  min_window_weighted: 1251 (conf: 11.597) [16 votes]
  top10_tail_filtered: 1251 (conf: 16.213) [2 votes]
  top10_bottom_window_filtered: 1251 (conf: 12.412) [2 votes]

=== Detailed Voting Results ===
----------------------------------------------------------------------
Method                        Answer      Votes  Confidence  Correct
----------------------------------------------------------------------
majority                      1251        16     -           ✓
mean_confidence_weighted      1251        16     13.222      ✓
tail_confidence_weighted      1251        16     15.218      ✓
bottom_window_weighted        1251        16     11.758      ✓
min_window_weighted           1251        16     11.597      ✓
top10_tail_filtered           1251        2      16.213      ✓
top10_bottom_window_filtered  1251        2      12.412      ✓
Q182 done | gt=1251 | majority:✓, mean_confidence_weighted:✓, tail_confidence_weighted:✓, bottom_window_weighted:✓, min_window_weighted:✓, top10_tail_filtered:✓, top10_bottom_window_filtered:✓
tokens=16686

============================================================
### Q183
============================================================
Ground truth: 23
Trace 0: finished at 12257 tokens | answer=23
Trace 1: finished at 11316 tokens | answer=23
Trace 2: finished at 16431 tokens | answer=23
Trace 3: finished at 14364 tokens | answer=23
Trace 4: finished at 10342 tokens | answer=23
Trace 5: finished at 17428 tokens | answer=23
Trace 6: finished at 16598 tokens | answer=23
Trace 7: finished at 9864 tokens | answer=23
Trace 8: finished at 15611 tokens | answer=23
Trace 9: finished at 15450 tokens | answer=23
Trace 10: finished at 13653 tokens | answer=23
Trace 11: finished at 17154 tokens | answer=23
Trace 12: finished at 19472 tokens | answer=23
Trace 13: finished at 12928 tokens | answer=23
Trace 14: finished at 19490 tokens | answer=23
Trace 15: finished at 17005 tokens | answer=23

=== Voting Results Summary ===
  majority: 23 [16 votes]
  mean_confidence_weighted: 23 (conf: 15.427) [16 votes]
  tail_confidence_weighted: 23 (conf: 18.227) [16 votes]
  bottom_window_weighted: 23 (conf: 13.191) [16 votes]
  min_window_weighted: 23 (conf: 12.164) [16 votes]
  top10_tail_filtered: 23 (conf: 18.853) [2 votes]
  top10_bottom_window_filtered: 23 (conf: 13.886) [2 votes]

=== Detailed Voting Results ===
----------------------------------------------------------------------
Method                        Answer      Votes  Confidence  Correct
----------------------------------------------------------------------
majority                      23          16     -           ✓
mean_confidence_weighted      23          16     15.427      ✓
tail_confidence_weighted      23          16     18.227      ✓
bottom_window_weighted        23          16     13.191      ✓
min_window_weighted           23          16     12.164      ✓
top10_tail_filtered           23          2      18.853      ✓
top10_bottom_window_filtered  23          2      13.886      ✓
Q183 done | gt=23 | majority:✓, mean_confidence_weighted:✓, tail_confidence_weighted:✓, bottom_window_weighted:✓, min_window_weighted:✓, top10_tail_filtered:✓, top10_bottom_window_filtered:✓
tokens=239363

============================================================
### Q184
============================================================
Ground truth: (2,\infty)
Trace 0: finished at 21529 tokens | answer=(2,\infty)
Trace 1: finished at 10638 tokens | answer=(2,\infty)
Trace 2: finished at 14147 tokens | answer=(2,\infty)
Trace 3: finished at 18285 tokens | answer=(2,\infty)
Trace 4: finished at 27618 tokens | answer=(2,\infty)
Trace 5: finished at 13927 tokens | answer=(2,\infty)
Trace 6: finished at 14282 tokens | answer=(2,\infty)
Trace 7: finished at 17258 tokens | answer=(2,\infty)
Trace 8: finished at 21254 tokens | answer=(2,\infty)
Trace 9: finished at 12811 tokens | answer=(2,\infty)
Trace 10: finished at 15392 tokens | answer=(2,\infty)
Trace 11: finished at 13629 tokens | answer=(2,\infty)
Trace 12: finished at 17981 tokens | answer=(2,\infty)
Trace 13: finished at 13975 tokens | answer=(2,\infty)
Trace 14: finished at 14255 tokens | answer=(2,\infty)
Trace 15: finished at 14202 tokens | answer=(2,\infty)

=== Voting Results Summary ===
  majority: (2,\infty) [16 votes]
  mean_confidence_weighted: (2,\infty) (conf: 15.751) [16 votes]
  tail_confidence_weighted: (2,\infty) (conf: 16.890) [16 votes]
  bottom_window_weighted: (2,\infty) (conf: 13.664) [16 votes]
  min_window_weighted: (2,\infty) (conf: 12.714) [16 votes]
  top10_tail_filtered: (2,\infty) (conf: 17.710) [2 votes]
  top10_bottom_window_filtered: (2,\infty) (conf: 14.059) [2 votes]

=== Detailed Voting Results ===
----------------------------------------------------------------------
Method                        Answer      Votes  Confidence  Correct
----------------------------------------------------------------------
majority                      (2,\infty)  16     -           ✓
mean_confidence_weighted      (2,\infty)  16     15.751      ✓
tail_confidence_weighted      (2,\infty)  16     16.890      ✓
bottom_window_weighted        (2,\infty)  16     13.664      ✓
min_window_weighted           (2,\infty)  16     12.714      ✓
top10_tail_filtered           (2,\infty)  2      17.710      ✓
top10_bottom_window_filtered  (2,\infty)  2      14.059      ✓
Q184 done | gt=(2,\infty) | majority:✓, mean_confidence_weighted:✓, tail_confidence_weighted:✓, bottom_window_weighted:✓, min_window_weighted:✓, top10_tail_filtered:✓, top10_bottom_window_filtered:✓
tokens=261183

============================================================
### Q185
============================================================
Ground truth: 1
Trace 0: finished at 1554 tokens | answer=1
Trace 1: finished at 1026 tokens | answer=1
Trace 2: finished at 1243 tokens | answer=1
Trace 3: finished at 1050 tokens | answer=1
Trace 4: finished at 541 tokens | answer=1
Trace 5: finished at 931 tokens | answer=1
Trace 6: finished at 1502 tokens | answer=1
Trace 7: finished at 590 tokens | answer=1
Trace 8: finished at 1080 tokens | answer=1
Trace 9: finished at 840 tokens | answer=1
Trace 10: finished at 1558 tokens | answer=1
Trace 11: finished at 1194 tokens | answer=1
Trace 12: finished at 2174 tokens | answer=1
Trace 13: finished at 909 tokens | answer=1
Trace 14: finished at 968 tokens | answer=1
Trace 15: finished at 1484 tokens | answer=1

=== Voting Results Summary ===
  majority: 1 [16 votes]
  mean_confidence_weighted: 1 (conf: 15.073) [16 votes]
  tail_confidence_weighted: 1 (conf: 17.233) [16 votes]
  bottom_window_weighted: 1 (conf: 13.747) [16 votes]
  min_window_weighted: 1 (conf: 13.574) [16 votes]
  top10_tail_filtered: 1 (conf: 17.942) [2 votes]
  top10_bottom_window_filtered: 1 (conf: 14.520) [2 votes]

=== Detailed Voting Results ===
----------------------------------------------------------------------
Method                        Answer      Votes  Confidence  Correct
----------------------------------------------------------------------
majority                      1           16     -           ✓
mean_confidence_weighted      1           16     15.073      ✓
tail_confidence_weighted      1           16     17.233      ✓
bottom_window_weighted        1           16     13.747      ✓
min_window_weighted           1           16     13.574      ✓
top10_tail_filtered           1           2      17.942      ✓
top10_bottom_window_filtered  1           2      14.520      ✓
Q185 done | gt=1 | majority:✓, mean_confidence_weighted:✓, tail_confidence_weighted:✓, bottom_window_weighted:✓, min_window_weighted:✓, top10_tail_filtered:✓, top10_bottom_window_filtered:✓
tokens=18644

============================================================
### Q186
============================================================
Ground truth: 7
Trace 0: finished at 8484 tokens | answer=7
Trace 1: finished at 10202 tokens | answer=7
Trace 2: finished at 9937 tokens | answer=7
Trace 3: finished at 12849 tokens | answer=7
Trace 4: finished at 7890 tokens | answer=7
Trace 5: finished at 6527 tokens | answer=7
Trace 6: finished at 7319 tokens | answer=7
Trace 7: finished at 6061 tokens | answer=7
Trace 8: finished at 7865 tokens | answer=7
Trace 9: finished at 7173 tokens | answer=7
Trace 10: finished at 7638 tokens | answer=7
Trace 11: finished at 6977 tokens | answer=7
Trace 12: finished at 10233 tokens | answer=7
Trace 13: finished at 9251 tokens | answer=7
Trace 14: finished at 9153 tokens | answer=7
Trace 15: finished at 9732 tokens | answer=7

=== Voting Results Summary ===
  majority: 7 [16 votes]
  mean_confidence_weighted: 7 (conf: 14.980) [16 votes]
  tail_confidence_weighted: 7 (conf: 18.407) [16 votes]
  bottom_window_weighted: 7 (conf: 13.249) [16 votes]
  min_window_weighted: 7 (conf: 12.667) [16 votes]
  top10_tail_filtered: 7 (conf: 19.249) [2 votes]
  top10_bottom_window_filtered: 7 (conf: 13.673) [2 votes]

=== Detailed Voting Results ===
----------------------------------------------------------------------
Method                        Answer      Votes  Confidence  Correct
----------------------------------------------------------------------
majority                      7           16     -           ✓
mean_confidence_weighted      7           16     14.980      ✓
tail_confidence_weighted      7           16     18.407      ✓
bottom_window_weighted        7           16     13.249      ✓
min_window_weighted           7           16     12.667      ✓
top10_tail_filtered           7           2      19.249      ✓
top10_bottom_window_filtered  7           2      13.673      ✓
Q186 done | gt=7 | majority:✓, mean_confidence_weighted:✓, tail_confidence_weighted:✓, bottom_window_weighted:✓, min_window_weighted:✓, top10_tail_filtered:✓, top10_bottom_window_filtered:✓
tokens=137291

============================================================
### Q187
============================================================
Ground truth: 7
Trace 0: finished at 1422 tokens | answer=7
Trace 1: finished at 1162 tokens | answer=7
Trace 2: finished at 1410 tokens | answer=7
Trace 3: finished at 1233 tokens | answer=7
Trace 4: finished at 979 tokens | answer=7
Trace 5: finished at 1478 tokens | answer=7
Trace 6: finished at 1325 tokens | answer=7
Trace 7: finished at 1527 tokens | answer=7
Trace 8: finished at 1612 tokens | answer=7
Trace 9: finished at 1497 tokens | answer=7
Trace 10: finished at 1604 tokens | answer=7
Trace 11: finished at 1250 tokens | answer=7
Trace 12: finished at 1679 tokens | answer=7
Trace 13: finished at 1380 tokens | answer=7
Trace 14: finished at 1572 tokens | answer=7
Trace 15: finished at 1158 tokens | answer=7

=== Voting Results Summary ===
  majority: 7 [16 votes]
  mean_confidence_weighted: 7 (conf: 13.848) [16 votes]
  tail_confidence_weighted: 7 (conf: 15.757) [16 votes]
  bottom_window_weighted: 7 (conf: 12.194) [16 votes]
  min_window_weighted: 7 (conf: 11.925) [16 votes]
  top10_tail_filtered: 7 (conf: 16.627) [2 votes]
  top10_bottom_window_filtered: 7 (conf: 12.951) [2 votes]

=== Detailed Voting Results ===
----------------------------------------------------------------------
Method                        Answer      Votes  Confidence  Correct
----------------------------------------------------------------------
majority                      7           16     -           ✓
mean_confidence_weighted      7           16     13.848      ✓
tail_confidence_weighted      7           16     15.757      ✓
bottom_window_weighted        7           16     12.194      ✓
min_window_weighted           7           16     11.925      ✓
top10_tail_filtered           7           2      16.627      ✓
top10_bottom_window_filtered  7           2      12.951      ✓
Q187 done | gt=7 | majority:✓, mean_confidence_weighted:✓, tail_confidence_weighted:✓, bottom_window_weighted:✓, min_window_weighted:✓, top10_tail_filtered:✓, top10_bottom_window_filtered:✓
tokens=22288

============================================================
### Q188
============================================================
Ground truth: 6
Trace 0: finished at 12270 tokens | answer=6
Trace 1: finished at 10703 tokens | answer=6
Trace 2: finished at 12128 tokens | answer=6
Trace 3: finished at 17962 tokens | answer=6
Trace 4: finished at 10639 tokens | answer=6
Trace 5: finished at 13386 tokens | answer=6
Trace 6: finished at 12562 tokens | answer=6
Trace 7: finished at 10034 tokens | answer=6
Trace 8: finished at 10955 tokens | answer=6
Trace 9: finished at 8610 tokens | answer=6
Trace 10: finished at 11742 tokens | answer=6
Trace 11: finished at 22660 tokens | answer=6
Trace 12: finished at 13221 tokens | answer=6
Trace 13: finished at 11983 tokens | answer=6
Trace 14: finished at 28168 tokens | answer=6
Trace 15: finished at 12187 tokens | answer=6

=== Voting Results Summary ===
  majority: 6 [16 votes]
  mean_confidence_weighted: 6 (conf: 14.386) [16 votes]
  tail_confidence_weighted: 6 (conf: 16.277) [16 votes]
  bottom_window_weighted: 6 (conf: 12.245) [16 votes]
  min_window_weighted: 6 (conf: 11.531) [16 votes]
  top10_tail_filtered: 6 (conf: 17.619) [2 votes]
  top10_bottom_window_filtered: 6 (conf: 12.709) [2 votes]

=== Detailed Voting Results ===
----------------------------------------------------------------------
Method                        Answer      Votes  Confidence  Correct
----------------------------------------------------------------------
majority                      6           16     -           ✓
mean_confidence_weighted      6           16     14.386      ✓
tail_confidence_weighted      6           16     16.277      ✓
bottom_window_weighted        6           16     12.245      ✓
min_window_weighted           6           16     11.531      ✓
top10_tail_filtered           6           2      17.619      ✓
top10_bottom_window_filtered  6           2      12.709      ✓
Q188 done | gt=6 | majority:✓, mean_confidence_weighted:✓, tail_confidence_weighted:✓, bottom_window_weighted:✓, min_window_weighted:✓, top10_tail_filtered:✓, top10_bottom_window_filtered:✓
tokens=219210

============================================================
### Q189
============================================================
Ground truth: 160
Trace 0: finished at 17887 tokens | answer=160
Trace 1: finished at 9638 tokens | answer=160
Trace 2: finished at 7723 tokens | answer=160
Trace 3: finished at 7890 tokens | answer=160
Trace 4: finished at 19543 tokens | answer=160
Trace 5: finished at 6198 tokens | answer=160
Trace 6: finished at 14166 tokens | answer=160
Trace 7: finished at 14363 tokens | answer=160
Trace 8: finished at 8887 tokens | answer=160
Trace 9: finished at 10770 tokens | answer=160
Trace 10: finished at 6937 tokens | answer=160
Trace 11: finished at 9972 tokens | answer=160
Trace 12: finished at 18140 tokens | answer=160
Trace 13: finished at 13521 tokens | answer=160
Trace 14: finished at 15140 tokens | answer=160
Trace 15: finished at 14341 tokens | answer=160

=== Voting Results Summary ===
  majority: 160 [16 votes]
  mean_confidence_weighted: 160 (conf: 13.992) [16 votes]
  tail_confidence_weighted: 160 (conf: 15.503) [16 votes]
  bottom_window_weighted: 160 (conf: 11.118) [16 votes]
  min_window_weighted: 160 (conf: 10.320) [16 votes]
  top10_tail_filtered: 160 (conf: 16.916) [2 votes]
  top10_bottom_window_filtered: 160 (conf: 11.912) [2 votes]

=== Detailed Voting Results ===
----------------------------------------------------------------------
Method                        Answer      Votes  Confidence  Correct
----------------------------------------------------------------------
majority                      160         16     -           ✓
mean_confidence_weighted      160         16     13.992      ✓
tail_confidence_weighted      160         16     15.503      ✓
bottom_window_weighted        160         16     11.118      ✓
min_window_weighted           160         16     10.320      ✓
top10_tail_filtered           160         2      16.916      ✓
top10_bottom_window_filtered  160         2      11.912      ✓
Q189 done | gt=160 | majority:✓, mean_confidence_weighted:✓, tail_confidence_weighted:✓, bottom_window_weighted:✓, min_window_weighted:✓, top10_tail_filtered:✓, top10_bottom_window_filtered:✓
tokens=195116

============================================================
### Q190
============================================================
Ground truth: \frac{13}{18}
Trace 0: finished at 7885 tokens | answer=\dfrac{13}{18}
Trace 1: finished at 5215 tokens | answer=\dfrac{13}{18}
Trace 2: finished at 3917 tokens | answer=\dfrac{13}{18}
Trace 3: finished at 5308 tokens | answer=\dfrac{13}{18}
Trace 4: finished at 7681 tokens | answer=\dfrac{13}{18}
Trace 5: finished at 5337 tokens | answer=\dfrac{13}{18}
Trace 6: finished at 6962 tokens | answer=\dfrac{13}{18}
Trace 7: finished at 7316 tokens | answer=\dfrac{13}{18}
Trace 8: finished at 5913 tokens | answer=\dfrac{13}{18}
Trace 9: finished at 7788 tokens | answer=\dfrac{13}{18}
Trace 10: finished at 7402 tokens | answer=\dfrac{13}{18}
Trace 11: finished at 6876 tokens | answer=\dfrac{13}{18}
Trace 12: finished at 5468 tokens | answer=\dfrac{13}{18}
Trace 13: finished at 4985 tokens | answer=\dfrac{13}{18}
Trace 14: finished at 4959 tokens | answer=\dfrac{13}{18}
Trace 15: finished at 6278 tokens | answer=\dfrac{13}{18}

=== Voting Results Summary ===
  majority: \dfrac{13}{18} [16 votes]
  mean_confidence_weighted: \dfrac{13}{18} (conf: 13.662) [16 votes]
  tail_confidence_weighted: \dfrac{13}{18} (conf: 18.557) [16 votes]
  bottom_window_weighted: \dfrac{13}{18} (conf: 11.946) [16 votes]
  min_window_weighted: \dfrac{13}{18} (conf: 11.484) [16 votes]
  top10_tail_filtered: \dfrac{13}{18} (conf: 19.284) [2 votes]
  top10_bottom_window_filtered: \dfrac{13}{18} (conf: 12.399) [2 votes]

=== Detailed Voting Results ===
----------------------------------------------------------------------
Method                        Answer      Votes  Confidence  Correct
----------------------------------------------------------------------
majority                      \dfrac{13}{18} 16     -           ✓
mean_confidence_weighted      \dfrac{13}{18} 16     13.662      ✓
tail_confidence_weighted      \dfrac{13}{18} 16     18.557      ✓
bottom_window_weighted        \dfrac{13}{18} 16     11.946      ✓
min_window_weighted           \dfrac{13}{18} 16     11.484      ✓
top10_tail_filtered           \dfrac{13}{18} 2      19.284      ✓
top10_bottom_window_filtered  \dfrac{13}{18} 2      12.399      ✓
Q190 done | gt=\frac{13}{18} | majority:✓, mean_confidence_weighted:✓, tail_confidence_weighted:✓, bottom_window_weighted:✓, min_window_weighted:✓, top10_tail_filtered:✓, top10_bottom_window_filtered:✓
tokens=99290

============================================================
### Q191
============================================================
Ground truth: 0
Trace 0: finished at 690 tokens | answer=0
Trace 1: finished at 553 tokens | answer=0
Trace 2: finished at 794 tokens | answer=0
Trace 3: finished at 1066 tokens | answer=0
Trace 4: finished at 651 tokens | answer=0
Trace 5: finished at 701 tokens | answer=0
Trace 6: finished at 603 tokens | answer=0
Trace 7: finished at 703 tokens | answer=0
Trace 8: finished at 1002 tokens | answer=0
Trace 9: finished at 1010 tokens | answer=0
Trace 10: finished at 715 tokens | answer=0
Trace 11: finished at 889 tokens | answer=0
Trace 12: finished at 1008 tokens | answer=0
Trace 13: finished at 642 tokens | answer=0
Trace 14: finished at 953 tokens | answer=0
Trace 15: finished at 786 tokens | answer=0

=== Voting Results Summary ===
  majority: 0 [16 votes]
  mean_confidence_weighted: 0 (conf: 14.785) [16 votes]
  tail_confidence_weighted: 0 (conf: 16.523) [16 votes]
  bottom_window_weighted: 0 (conf: 13.536) [16 votes]
  min_window_weighted: 0 (conf: 13.386) [16 votes]
  top10_tail_filtered: 0 (conf: 17.980) [2 votes]
  top10_bottom_window_filtered: 0 (conf: 15.871) [2 votes]

=== Detailed Voting Results ===
----------------------------------------------------------------------
Method                        Answer      Votes  Confidence  Correct
----------------------------------------------------------------------
majority                      0           16     -           ✓
mean_confidence_weighted      0           16     14.785      ✓
tail_confidence_weighted      0           16     16.523      ✓
bottom_window_weighted        0           16     13.536      ✓
min_window_weighted           0           16     13.386      ✓
top10_tail_filtered           0           2      17.980      ✓
top10_bottom_window_filtered  0           2      15.871      ✓
Q191 done | gt=0 | majority:✓, mean_confidence_weighted:✓, tail_confidence_weighted:✓, bottom_window_weighted:✓, min_window_weighted:✓, top10_tail_filtered:✓, top10_bottom_window_filtered:✓
tokens=12766

============================================================
### Q192
============================================================
Ground truth: 30
Trace 0: finished at 2748 tokens | answer=30
Trace 1: finished at 2416 tokens | answer=30
Trace 2: finished at 2454 tokens | answer=30
Trace 3: finished at 3000 tokens | answer=30
Trace 4: finished at 3343 tokens | answer=30
Trace 5: finished at 3218 tokens | answer=30
Trace 6: finished at 3706 tokens | answer=30
Trace 7: finished at 3145 tokens | answer=30
Trace 8: finished at 3677 tokens | answer=30
Trace 9: finished at 3410 tokens | answer=30
Trace 10: finished at 3524 tokens | answer=30
Trace 11: finished at 3117 tokens | answer=30
Trace 12: finished at 2832 tokens | answer=30
Trace 13: finished at 4691 tokens | answer=30
Trace 14: finished at 5206 tokens | answer=30
Trace 15: finished at 5478 tokens | answer=30

=== Voting Results Summary ===
  majority: 30 [16 votes]
  mean_confidence_weighted: 30 (conf: 16.001) [16 votes]
  tail_confidence_weighted: 30 (conf: 17.571) [16 votes]
  bottom_window_weighted: 30 (conf: 13.813) [16 votes]
  min_window_weighted: 30 (conf: 13.279) [16 votes]
  top10_tail_filtered: 30 (conf: 18.608) [2 votes]
  top10_bottom_window_filtered: 30 (conf: 14.698) [2 votes]

=== Detailed Voting Results ===
----------------------------------------------------------------------
Method                        Answer      Votes  Confidence  Correct
----------------------------------------------------------------------
majority                      30          16     -           ✓
mean_confidence_weighted      30          16     16.001      ✓
tail_confidence_weighted      30          16     17.571      ✓
bottom_window_weighted        30          16     13.813      ✓
min_window_weighted           30          16     13.279      ✓
top10_tail_filtered           30          2      18.608      ✓
top10_bottom_window_filtered  30          2      14.698      ✓
Q192 done | gt=30 | majority:✓, mean_confidence_weighted:✓, tail_confidence_weighted:✓, bottom_window_weighted:✓, min_window_weighted:✓, top10_tail_filtered:✓, top10_bottom_window_filtered:✓
tokens=55965

============================================================
### Q193
============================================================
Ground truth: 4
Trace 0: finished at 9174 tokens | answer=4
Trace 1: finished at 14295 tokens | answer=4
Trace 2: finished at 17312 tokens | answer=4
Trace 3: finished at 13029 tokens | answer=4
Trace 4: finished at 13650 tokens | answer=4
Trace 5: finished at 13198 tokens | answer=4
Trace 6: finished at 13452 tokens | answer=4
Trace 7: finished at 14095 tokens | answer=4
Trace 8: finished at 11948 tokens | answer=4
Trace 9: finished at 11633 tokens | answer=4
Trace 10: finished at 10709 tokens | answer=4
Trace 11: finished at 14556 tokens | answer=4
Trace 12: finished at 13482 tokens | answer=4
Trace 13: finished at 8711 tokens | answer=4
Trace 14: finished at 7413 tokens | answer=4
Trace 15: finished at 9610 tokens | answer=4

=== Voting Results Summary ===
  majority: 4 [16 votes]
  mean_confidence_weighted: 4 (conf: 14.606) [16 votes]
  tail_confidence_weighted: 4 (conf: 16.655) [16 votes]
  bottom_window_weighted: 4 (conf: 12.515) [16 votes]
  min_window_weighted: 4 (conf: 11.820) [16 votes]
  top10_tail_filtered: 4 (conf: 17.481) [2 votes]
  top10_bottom_window_filtered: 4 (conf: 13.297) [2 votes]

=== Detailed Voting Results ===
----------------------------------------------------------------------
Method                        Answer      Votes  Confidence  Correct
----------------------------------------------------------------------
majority                      4           16     -           ✓
mean_confidence_weighted      4           16     14.606      ✓
tail_confidence_weighted      4           16     16.655      ✓
bottom_window_weighted        4           16     12.515      ✓
min_window_weighted           4           16     11.820      ✓
top10_tail_filtered           4           2      17.481      ✓
top10_bottom_window_filtered  4           2      13.297      ✓
Q193 done | gt=4 | majority:✓, mean_confidence_weighted:✓, tail_confidence_weighted:✓, bottom_window_weighted:✓, min_window_weighted:✓, top10_tail_filtered:✓, top10_bottom_window_filtered:✓
tokens=196267

============================================================
### Q194
============================================================
Ground truth: \frac{1}{4}
Trace 0: finished at 11793 tokens | answer=\dfrac{1}{4}
Trace 1: finished at 12058 tokens | answer=\dfrac{1}{4}
Trace 2: finished at 19124 tokens | answer=\dfrac{1}{4}
Trace 3: finished at 10063 tokens | answer=\dfrac{1}{4}
Trace 4: finished at 8744 tokens | answer=\dfrac{1}{4}
Trace 5: finished at 8924 tokens | answer=\dfrac{1}{4}
Trace 6: finished at 7281 tokens | answer=\dfrac{1}{4}
Trace 7: finished at 9795 tokens | answer=\dfrac{1}{4}
Trace 8: finished at 8582 tokens | answer=\dfrac{1}{4}
Trace 9: finished at 11132 tokens | answer=\dfrac{1}{4}
Trace 10: finished at 11943 tokens | answer=\dfrac{1}{4}
Trace 11: finished at 13312 tokens | answer=\dfrac{1}{4}
Trace 12: finished at 9615 tokens | answer=\dfrac{1}{4}
Trace 13: finished at 13784 tokens | answer=\dfrac{1}{4}
Trace 14: finished at 9691 tokens | answer=\dfrac{1}{4}
Trace 15: finished at 14767 tokens | answer=\dfrac{1}{4}

=== Voting Results Summary ===
  majority: \dfrac{1}{4} [16 votes]
  mean_confidence_weighted: \dfrac{1}{4} (conf: 15.911) [16 votes]
  tail_confidence_weighted: \dfrac{1}{4} (conf: 17.456) [16 votes]
  bottom_window_weighted: \dfrac{1}{4} (conf: 13.617) [16 votes]
  min_window_weighted: \dfrac{1}{4} (conf: 12.619) [16 votes]
  top10_tail_filtered: \dfrac{1}{4} (conf: 18.948) [2 votes]
  top10_bottom_window_filtered: \dfrac{1}{4} (conf: 14.089) [2 votes]

=== Detailed Voting Results ===
----------------------------------------------------------------------
Method                        Answer      Votes  Confidence  Correct
----------------------------------------------------------------------
majority                      \dfrac{1}{4} 16     -           ✓
mean_confidence_weighted      \dfrac{1}{4} 16     15.911      ✓
tail_confidence_weighted      \dfrac{1}{4} 16     17.456      ✓
bottom_window_weighted        \dfrac{1}{4} 16     13.617      ✓
min_window_weighted           \dfrac{1}{4} 16     12.619      ✓
top10_tail_filtered           \dfrac{1}{4} 2      18.948      ✓
top10_bottom_window_filtered  \dfrac{1}{4} 2      14.089      ✓
Q194 done | gt=\frac{1}{4} | majority:✓, mean_confidence_weighted:✓, tail_confidence_weighted:✓, bottom_window_weighted:✓, min_window_weighted:✓, top10_tail_filtered:✓, top10_bottom_window_filtered:✓
tokens=180608

============================================================
### Q195
============================================================
Ground truth: 24
Trace 0: finished at 3348 tokens | answer=24
Trace 1: finished at 4734 tokens | answer=24
Trace 2: finished at 5559 tokens | answer=24
Trace 3: finished at 4677 tokens | answer=24
Trace 4: finished at 4958 tokens | answer=24
Trace 5: finished at 3807 tokens | answer=24
Trace 6: finished at 2881 tokens | answer=24
Trace 7: finished at 1644 tokens | answer=24
Trace 8: finished at 5664 tokens | answer=24
Trace 9: finished at 1669 tokens | answer=24
Trace 10: finished at 5919 tokens | answer=24
Trace 11: finished at 5832 tokens | answer=24
Trace 12: finished at 4959 tokens | answer=24
Trace 13: finished at 4167 tokens | answer=24
Trace 14: finished at 3268 tokens | answer=24
Trace 15: finished at 2824 tokens | answer=24

=== Voting Results Summary ===
  majority: 24 [16 votes]
  mean_confidence_weighted: 24 (conf: 14.977) [16 votes]
  tail_confidence_weighted: 24 (conf: 17.798) [16 votes]
  bottom_window_weighted: 24 (conf: 13.075) [16 votes]
  min_window_weighted: 24 (conf: 12.599) [16 votes]
  top10_tail_filtered: 24 (conf: 18.553) [2 votes]
  top10_bottom_window_filtered: 24 (conf: 14.018) [2 votes]

=== Detailed Voting Results ===
----------------------------------------------------------------------
Method                        Answer      Votes  Confidence  Correct
----------------------------------------------------------------------
majority                      24          16     -           ✓
mean_confidence_weighted      24          16     14.977      ✓
tail_confidence_weighted      24          16     17.798      ✓
bottom_window_weighted        24          16     13.075      ✓
min_window_weighted           24          16     12.599      ✓
top10_tail_filtered           24          2      18.553      ✓
top10_bottom_window_filtered  24          2      14.018      ✓
Q195 done | gt=24 | majority:✓, mean_confidence_weighted:✓, tail_confidence_weighted:✓, bottom_window_weighted:✓, min_window_weighted:✓, top10_tail_filtered:✓, top10_bottom_window_filtered:✓
tokens=65910

============================================================
### Q196
============================================================
Ground truth: 1600
Trace 0: finished at 1285 tokens | answer=1600
Trace 1: finished at 1319 tokens | answer=1600
Trace 2: finished at 1417 tokens | answer=1600
Trace 3: finished at 1013 tokens | answer=1600
Trace 4: finished at 1081 tokens | answer=1600
Trace 5: finished at 1195 tokens | answer=1600
Trace 6: finished at 1400 tokens | answer=1600
Trace 7: finished at 1135 tokens | answer=1600
Trace 8: finished at 1185 tokens | answer=1600
Trace 9: finished at 1386 tokens | answer=1600
Trace 10: finished at 1463 tokens | answer=1600
Trace 11: finished at 1113 tokens | answer=1600
Trace 12: finished at 1330 tokens | answer=1600
Trace 13: finished at 1428 tokens | answer=1600
Trace 14: finished at 1019 tokens | answer=1600
Trace 15: finished at 1145 tokens | answer=1600

=== Voting Results Summary ===
  majority: 1600 [16 votes]
  mean_confidence_weighted: 1600 (conf: 15.132) [16 votes]
  tail_confidence_weighted: 1600 (conf: 16.521) [16 votes]
  bottom_window_weighted: 1600 (conf: 13.881) [16 votes]
  min_window_weighted: 1600 (conf: 13.659) [16 votes]
  top10_tail_filtered: 1600 (conf: 17.243) [2 votes]
  top10_bottom_window_filtered: 1600 (conf: 14.484) [2 votes]

=== Detailed Voting Results ===
----------------------------------------------------------------------
Method                        Answer      Votes  Confidence  Correct
----------------------------------------------------------------------
majority                      1600        16     -           ✓
mean_confidence_weighted      1600        16     15.132      ✓
tail_confidence_weighted      1600        16     16.521      ✓
bottom_window_weighted        1600        16     13.881      ✓
min_window_weighted           1600        16     13.659      ✓
top10_tail_filtered           1600        2      17.243      ✓
top10_bottom_window_filtered  1600        2      14.484      ✓
Q196 done | gt=1600 | majority:✓, mean_confidence_weighted:✓, tail_confidence_weighted:✓, bottom_window_weighted:✓, min_window_weighted:✓, top10_tail_filtered:✓, top10_bottom_window_filtered:✓
tokens=19914

============================================================
### Q197
============================================================
Ground truth: 6
Trace 0: finished at 15400 tokens | answer=6
Trace 1: finished at 16116 tokens | answer=6
Trace 2: finished at 13317 tokens | answer=6
Trace 3: finished at 13815 tokens | answer=6
Trace 4: finished at 11910 tokens | answer=6
Trace 5: finished at 15418 tokens | answer=6
Trace 6: finished at 10878 tokens | answer=6
Trace 7: finished at 13415 tokens | answer=6
Trace 8: finished at 17248 tokens | answer=6
Trace 9: finished at 14164 tokens | answer=6
Trace 10: finished at 13126 tokens | answer=6
Trace 11: finished at 17136 tokens | answer=6
Trace 12: finished at 16721 tokens | answer=6
Trace 13: finished at 12207 tokens | answer=6
Trace 14: finished at 11803 tokens | answer=6
Trace 15: finished at 14258 tokens | answer=6

=== Voting Results Summary ===
  majority: 6 [16 votes]
  mean_confidence_weighted: 6 (conf: 15.233) [16 votes]
  tail_confidence_weighted: 6 (conf: 18.071) [16 votes]
  bottom_window_weighted: 6 (conf: 13.288) [16 votes]
  min_window_weighted: 6 (conf: 12.399) [16 votes]
  top10_tail_filtered: 6 (conf: 19.452) [2 votes]
  top10_bottom_window_filtered: 6 (conf: 13.624) [2 votes]

=== Detailed Voting Results ===
----------------------------------------------------------------------
Method                        Answer      Votes  Confidence  Correct
----------------------------------------------------------------------
majority                      6           16     -           ✓
mean_confidence_weighted      6           16     15.233      ✓
tail_confidence_weighted      6           16     18.071      ✓
bottom_window_weighted        6           16     13.288      ✓
min_window_weighted           6           16     12.399      ✓
top10_tail_filtered           6           2      19.452      ✓
top10_bottom_window_filtered  6           2      13.624      ✓
Q197 done | gt=6 | majority:✓, mean_confidence_weighted:✓, tail_confidence_weighted:✓, bottom_window_weighted:✓, min_window_weighted:✓, top10_tail_filtered:✓, top10_bottom_window_filtered:✓
tokens=226932

============================================================
### Q198
============================================================
Ground truth: 10,\!080
Trace 0: finished at 8299 tokens | answer=10080
Trace 1: finished at 5459 tokens | answer=10080
Trace 2: finished at 3768 tokens | answer=10080
Trace 3: finished at 10695 tokens | answer=10080
Trace 4: finished at 7626 tokens | answer=10080
Trace 5: finished at 4490 tokens | answer=10080
Trace 6: finished at 2965 tokens | answer=10080
Trace 7: finished at 2767 tokens | answer=10080
Trace 8: finished at 3620 tokens | answer=10080
Trace 9: finished at 4364 tokens | answer=10080
Trace 10: finished at 3758 tokens | answer=10080
Trace 11: finished at 3873 tokens | answer=10080
Trace 12: finished at 4896 tokens | answer=10080
Trace 13: finished at 3881 tokens | answer=10080
Trace 14: finished at 4208 tokens | answer=10080
Trace 15: finished at 8430 tokens | answer=10080

=== Voting Results Summary ===
  majority: 10080 [16 votes]
  mean_confidence_weighted: 10080 (conf: 12.300) [16 votes]
  tail_confidence_weighted: 10080 (conf: 16.681) [16 votes]
  bottom_window_weighted: 10080 (conf: 10.597) [16 votes]
  min_window_weighted: 10080 (conf: 10.160) [16 votes]
  top10_tail_filtered: 10080 (conf: 18.483) [2 votes]
  top10_bottom_window_filtered: 10080 (conf: 12.382) [2 votes]

=== Detailed Voting Results ===
----------------------------------------------------------------------
Method                        Answer      Votes  Confidence  Correct
----------------------------------------------------------------------
majority                      10080       16     -           ✗
mean_confidence_weighted      10080       16     12.300      ✗
tail_confidence_weighted      10080       16     16.681      ✗
bottom_window_weighted        10080       16     10.597      ✗
min_window_weighted           10080       16     10.160      ✗
top10_tail_filtered           10080       2      18.483      ✗
top10_bottom_window_filtered  10080       2      12.382      ✗
Q198 done | gt=10,\!080 | majority:✗, mean_confidence_weighted:✗, tail_confidence_weighted:✗, bottom_window_weighted:✗, min_window_weighted:✗, top10_tail_filtered:✗, top10_bottom_window_filtered:✗
tokens=83099

============================================================
### Q199
============================================================
Ground truth: 17
Trace 0: finished at 862 tokens | answer=17
Trace 1: finished at 692 tokens | answer=17
Trace 2: finished at 732 tokens | answer=17
Trace 3: finished at 1231 tokens | answer=17
Trace 4: finished at 814 tokens | answer=17
Trace 5: finished at 867 tokens | answer=17
Trace 6: finished at 786 tokens | answer=17
Trace 7: finished at 828 tokens | answer=17
Trace 8: finished at 879 tokens | answer=17
Trace 9: finished at 648 tokens | answer=17
Trace 10: finished at 713 tokens | answer=17
Trace 11: finished at 765 tokens | answer=17
Trace 12: finished at 1070 tokens | answer=17
Trace 13: finished at 1054 tokens | answer=17
Trace 14: finished at 836 tokens | answer=17
Trace 15: finished at 1013 tokens | answer=17

=== Voting Results Summary ===
  majority: 17 [16 votes]
  mean_confidence_weighted: 17 (conf: 15.318) [16 votes]
  tail_confidence_weighted: 17 (conf: 16.573) [16 votes]
  bottom_window_weighted: 17 (conf: 13.841) [16 votes]
  min_window_weighted: 17 (conf: 13.729) [16 votes]
  top10_tail_filtered: 17 (conf: 17.850) [2 votes]
  top10_bottom_window_filtered: 17 (conf: 15.710) [2 votes]

=== Detailed Voting Results ===
----------------------------------------------------------------------
Method                        Answer      Votes  Confidence  Correct
----------------------------------------------------------------------
majority                      17          16     -           ✓
mean_confidence_weighted      17          16     15.318      ✓
tail_confidence_weighted      17          16     16.573      ✓
bottom_window_weighted        17          16     13.841      ✓
min_window_weighted           17          16     13.729      ✓
top10_tail_filtered           17          2      17.850      ✓
top10_bottom_window_filtered  17          2      15.710      ✓
Q199 done | gt=17 | majority:✓, mean_confidence_weighted:✓, tail_confidence_weighted:✓, bottom_window_weighted:✓, min_window_weighted:✓, top10_tail_filtered:✓, top10_bottom_window_filtered:✓
tokens=13790

============================================================
### Q200
============================================================
Ground truth: 40
Trace 0: finished at 8450 tokens | answer=40
Trace 1: finished at 4076 tokens | answer=40
Trace 2: finished at 4664 tokens | answer=40
Trace 3: finished at 9976 tokens | answer=40
Trace 4: finished at 7200 tokens | answer=40
Trace 5: finished at 7915 tokens | answer=40
Trace 6: finished at 3775 tokens | answer=40
Trace 7: finished at 7122 tokens | answer=40
Trace 8: finished at 2998 tokens | answer=40
Trace 9: finished at 4972 tokens | answer=40
Trace 10: finished at 7138 tokens | answer=40
Trace 11: finished at 3633 tokens | answer=40
Trace 12: finished at 3570 tokens | answer=40
Trace 13: finished at 6023 tokens | answer=40
Trace 14: finished at 4784 tokens | answer=40
Trace 15: finished at 6755 tokens | answer=40

=== Voting Results Summary ===
  majority: 40 [16 votes]
  mean_confidence_weighted: 40 (conf: 12.828) [16 votes]
  tail_confidence_weighted: 40 (conf: 15.408) [16 votes]
  bottom_window_weighted: 40 (conf: 11.410) [16 votes]
  min_window_weighted: 40 (conf: 10.866) [16 votes]
  top10_tail_filtered: 40 (conf: 15.871) [2 votes]
  top10_bottom_window_filtered: 40 (conf: 11.839) [2 votes]

=== Detailed Voting Results ===
----------------------------------------------------------------------
Method                        Answer      Votes  Confidence  Correct
----------------------------------------------------------------------
majority                      40          16     -           ✓
mean_confidence_weighted      40          16     12.828      ✓
tail_confidence_weighted      40          16     15.408      ✓
bottom_window_weighted        40          16     11.410      ✓
min_window_weighted           40          16     10.866      ✓
top10_tail_filtered           40          2      15.871      ✓
top10_bottom_window_filtered  40          2      11.839      ✓
Q200 done | gt=40 | majority:✓, mean_confidence_weighted:✓, tail_confidence_weighted:✓, bottom_window_weighted:✓, min_window_weighted:✓, top10_tail_filtered:✓, top10_bottom_window_filtered:✓
tokens=93051

============================================================
### Q201
============================================================
Ground truth: 66
Trace 0: finished at 7969 tokens | answer=66
Trace 1: finished at 6600 tokens | answer=66
Trace 2: finished at 6237 tokens | answer=66
Trace 3: finished at 11510 tokens | answer=66
Trace 4: finished at 9897 tokens | answer=66
Trace 5: finished at 6315 tokens | answer=66
Trace 6: finished at 7416 tokens | answer=66
Trace 7: finished at 8669 tokens | answer=66
Trace 8: finished at 14104 tokens | answer=66
Trace 9: finished at 5868 tokens | answer=66
Trace 10: finished at 9572 tokens | answer=66
Trace 11: finished at 6590 tokens | answer=66
Trace 12: finished at 7349 tokens | answer=66
Trace 13: finished at 7152 tokens | answer=66
Trace 14: finished at 8663 tokens | answer=66
Trace 15: finished at 5598 tokens | answer=66

=== Voting Results Summary ===
  majority: 66 [16 votes]
  mean_confidence_weighted: 66 (conf: 14.842) [16 votes]
  tail_confidence_weighted: 66 (conf: 18.160) [16 votes]
  bottom_window_weighted: 66 (conf: 12.415) [16 votes]
  min_window_weighted: 66 (conf: 11.720) [16 votes]
  top10_tail_filtered: 66 (conf: 18.723) [2 votes]
  top10_bottom_window_filtered: 66 (conf: 13.198) [2 votes]

=== Detailed Voting Results ===
----------------------------------------------------------------------
Method                        Answer      Votes  Confidence  Correct
----------------------------------------------------------------------
majority                      66          16     -           ✓
mean_confidence_weighted      66          16     14.842      ✓
tail_confidence_weighted      66          16     18.160      ✓
bottom_window_weighted        66          16     12.415      ✓
min_window_weighted           66          16     11.720      ✓
top10_tail_filtered           66          2      18.723      ✓
top10_bottom_window_filtered  66          2      13.198      ✓
Q201 done | gt=66 | majority:✓, mean_confidence_weighted:✓, tail_confidence_weighted:✓, bottom_window_weighted:✓, min_window_weighted:✓, top10_tail_filtered:✓, top10_bottom_window_filtered:✓
tokens=129509

============================================================
### Q202
============================================================
Ground truth: \frac{2}{3}
Trace 0: finished at 12977 tokens | answer=\dfrac{2}{3}
Trace 1: finished at 6792 tokens | answer=\dfrac{2}{3}
Trace 2: finished at 5989 tokens | answer=\dfrac{2}{3}
Trace 3: finished at 3774 tokens | answer=\dfrac{2}{3}
Trace 4: finished at 5354 tokens | answer=\dfrac{2}{3}
Trace 5: finished at 7334 tokens | answer=\dfrac{2}{3}
Trace 6: finished at 5255 tokens | answer=\dfrac{2}{3}
Trace 7: finished at 7878 tokens | answer=\dfrac{2}{3}
Trace 8: finished at 7336 tokens | answer=\dfrac{2}{3}
Trace 9: finished at 6188 tokens | answer=\dfrac{2}{3}
Trace 10: finished at 4672 tokens | answer=\dfrac{2}{3}
Trace 11: finished at 8749 tokens | answer=\dfrac{2}{3}
Trace 12: finished at 6207 tokens | answer=\dfrac{2}{3}
Trace 13: finished at 7031 tokens | answer=\dfrac{2}{3}
Trace 14: finished at 5278 tokens | answer=\dfrac{2}{3}
Trace 15: finished at 5317 tokens | answer=\dfrac{2}{3}

=== Voting Results Summary ===
  majority: \dfrac{2}{3} [16 votes]
  mean_confidence_weighted: \dfrac{2}{3} (conf: 12.955) [16 votes]
  tail_confidence_weighted: \dfrac{2}{3} (conf: 16.322) [16 votes]
  bottom_window_weighted: \dfrac{2}{3} (conf: 10.713) [16 votes]
  min_window_weighted: \dfrac{2}{3} (conf: 10.088) [16 votes]
  top10_tail_filtered: \dfrac{2}{3} (conf: 17.111) [2 votes]
  top10_bottom_window_filtered: \dfrac{2}{3} (conf: 11.291) [2 votes]

=== Detailed Voting Results ===
----------------------------------------------------------------------
Method                        Answer      Votes  Confidence  Correct
----------------------------------------------------------------------
majority                      \dfrac{2}{3} 16     -           ✓
mean_confidence_weighted      \dfrac{2}{3} 16     12.955      ✓
tail_confidence_weighted      \dfrac{2}{3} 16     16.322      ✓
bottom_window_weighted        \dfrac{2}{3} 16     10.713      ✓
min_window_weighted           \dfrac{2}{3} 16     10.088      ✓
top10_tail_filtered           \dfrac{2}{3} 2      17.111      ✓
top10_bottom_window_filtered  \dfrac{2}{3} 2      11.291      ✓
Q202 done | gt=\frac{2}{3} | majority:✓, mean_confidence_weighted:✓, tail_confidence_weighted:✓, bottom_window_weighted:✓, min_window_weighted:✓, top10_tail_filtered:✓, top10_bottom_window_filtered:✓
tokens=106131

============================================================
### Q203
============================================================
Ground truth: 12
Trace 0: finished at 4096 tokens | answer=12
Trace 1: finished at 4639 tokens | answer=12
Trace 2: finished at 2753 tokens | answer=12
Trace 3: finished at 5093 tokens | answer=12
Trace 4: finished at 2992 tokens | answer=12
Trace 5: finished at 2302 tokens | answer=12
Trace 6: finished at 4507 tokens | answer=12
Trace 7: finished at 4007 tokens | answer=12
Trace 8: finished at 4608 tokens | answer=12
Trace 9: finished at 3942 tokens | answer=12
Trace 10: finished at 4102 tokens | answer=12
Trace 11: finished at 2635 tokens | answer=12
Trace 12: finished at 4098 tokens | answer=12
Trace 13: finished at 3850 tokens | answer=12
Trace 14: finished at 3710 tokens | answer=12
Trace 15: finished at 2188 tokens | answer=12

=== Voting Results Summary ===
  majority: 12 [16 votes]
  mean_confidence_weighted: 12 (conf: 15.241) [16 votes]
  tail_confidence_weighted: 12 (conf: 17.713) [16 votes]
  bottom_window_weighted: 12 (conf: 12.550) [16 votes]
  min_window_weighted: 12 (conf: 11.956) [16 votes]
  top10_tail_filtered: 12 (conf: 18.095) [2 votes]
  top10_bottom_window_filtered: 12 (conf: 13.167) [2 votes]

=== Detailed Voting Results ===
----------------------------------------------------------------------
Method                        Answer      Votes  Confidence  Correct
----------------------------------------------------------------------
majority                      12          16     -           ✓
mean_confidence_weighted      12          16     15.241      ✓
tail_confidence_weighted      12          16     17.713      ✓
bottom_window_weighted        12          16     12.550      ✓
min_window_weighted           12          16     11.956      ✓
top10_tail_filtered           12          2      18.095      ✓
top10_bottom_window_filtered  12          2      13.167      ✓
Q203 done | gt=12 | majority:✓, mean_confidence_weighted:✓, tail_confidence_weighted:✓, bottom_window_weighted:✓, min_window_weighted:✓, top10_tail_filtered:✓, top10_bottom_window_filtered:✓
tokens=59522

============================================================
### Q204
============================================================
Ground truth: 0
Trace 0: finished at 40512 tokens | answer=0
Trace 1: finished at 44142 tokens | answer=4
Trace 2: finished at 42199 tokens | answer=0
Trace 3: finished at 55541 tokens | answer=4 \sqrt{2- \sqrt{2}} + 4 - 2\sqrt{2}
Trace 4: finished at 48200 tokens | answer=0
Trace 5: finished at 43655 tokens | answer=0
Trace 6: finished at 37513 tokens | answer=0
Trace 7: finished at 42643 tokens | answer=0
Trace 8: finished at 43758 tokens | answer=0
Trace 9: finished at 40954 tokens | answer=0
Trace 10: finished at 25614 tokens | answer=0
Trace 11: finished at 33170 tokens | answer=16
Trace 12: finished at 37818 tokens | answer=0
Trace 13: finished at 44939 tokens | answer=0
Trace 14: finished at 54822 tokens | answer=0
Trace 15: finished at 45537 tokens | answer=0

=== Voting Results Summary ===
  majority: 0 [16 votes]
  mean_confidence_weighted: 0 (conf: 14.166) [16 votes]
  tail_confidence_weighted: 0 (conf: 13.699) [16 votes]
  bottom_window_weighted: 0 (conf: 12.152) [16 votes]
  min_window_weighted: 0 (conf: 11.222) [16 votes]
  top10_tail_filtered: 16 (conf: 14.767) [2 votes]
  top10_bottom_window_filtered: 0 (conf: 12.472) [2 votes]

=== Detailed Voting Results ===
----------------------------------------------------------------------
Method                        Answer      Votes  Confidence  Correct
----------------------------------------------------------------------
majority                      0           16     -           ✓
mean_confidence_weighted      0           16     14.166      ✓
tail_confidence_weighted      0           16     13.699      ✓
bottom_window_weighted        0           16     12.152      ✓
min_window_weighted           0           16     11.222      ✓
top10_tail_filtered           16          2      14.767      ✗
top10_bottom_window_filtered  0           2      12.472      ✓
Q204 done | gt=0 | majority:✓, mean_confidence_weighted:✓, tail_confidence_weighted:✓, bottom_window_weighted:✓, min_window_weighted:✓, top10_tail_filtered:✗, top10_bottom_window_filtered:✓
tokens=681017

============================================================
### Q205
============================================================
Ground truth: \begin{pmatrix} -2 \\ -14 \\ -7 \end{pmatrix}
Trace 0: finished at 4599 tokens | answer=\begin{pmatrix} -2 \\ -14 \\ -7 \end{pmatrix}
Trace 1: finished at 4387 tokens | answer=\begin{pmatrix} -2 \\ -14 \\ -7 \end{pmatrix}
Trace 2: finished at 2338 tokens | answer=\begin{pmatrix} -2 \\ -14 \\ -7 \end{pmatrix}
Trace 3: finished at 3853 tokens | answer=\begin{pmatrix} -2 \\ -14 \\ -7 \end{pmatrix}
Trace 4: finished at 2660 tokens | answer=\begin{pmatrix} -2 \\ -14 \\ -7 \end{pmatrix}
Trace 5: finished at 2224 tokens | answer=\begin{pmatrix} -2 \\ -14 \\ -7 \end{pmatrix}
Trace 6: finished at 7824 tokens | answer=\begin{pmatrix} -2 \\ -14 \\ -7 \end{pmatrix}
Trace 7: finished at 4367 tokens | answer=\begin{pmatrix} -2 \\ -14 \\ -7 \end{pmatrix}
Trace 8: finished at 3973 tokens | answer=\begin{pmatrix} -2 \\ -14 \\ -7 \end{pmatrix}
Trace 9: finished at 5536 tokens | answer=\begin{pmatrix} -2 \\ -14 \\ -7 \end{pmatrix}
Trace 10: finished at 2985 tokens | answer=\begin{pmatrix} -2 \\ -14 \\ -7 \end{pmatrix}
Trace 11: finished at 3999 tokens | answer=\begin{pmatrix} -2 \\ -14 \\ -7 \end{pmatrix}
Trace 12: finished at 3248 tokens | answer=\begin{pmatrix} -2 \\ -14 \\ -7 \end{pmatrix}
Trace 13: finished at 3599 tokens | answer=\begin{pmatrix} -2 \\ -14 \\ -7 \end{pmatrix}
Trace 14: finished at 3861 tokens | answer=\begin{pmatrix} -2 \\ -14 \\ -7 \end{pmatrix}
Trace 15: finished at 3548 tokens | answer=\begin{pmatrix} -2 \\ -14 \\ -7 \end{pmatrix}

=== Voting Results Summary ===
  majority: \begin{pmatrix} -2 \\ -14 \\ -7 \end{pmatrix} [16 votes]
  mean_confidence_weighted: \begin{pmatrix} -2 \\ -14 \\ -7 \end{pmatrix} (conf: 15.627) [16 votes]
  tail_confidence_weighted: \begin{pmatrix} -2 \\ -14 \\ -7 \end{pmatrix} (conf: 18.905) [16 votes]
  bottom_window_weighted: \begin{pmatrix} -2 \\ -14 \\ -7 \end{pmatrix} (conf: 12.255) [16 votes]
  min_window_weighted: \begin{pmatrix} -2 \\ -14 \\ -7 \end{pmatrix} (conf: 11.691) [16 votes]
  top10_tail_filtered: \begin{pmatrix} -2 \\ -14 \\ -7 \end{pmatrix} (conf: 19.678) [2 votes]
  top10_bottom_window_filtered: \begin{pmatrix} -2 \\ -14 \\ -7 \end{pmatrix} (conf: 13.283) [2 votes]

=== Detailed Voting Results ===
----------------------------------------------------------------------
Method                        Answer      Votes  Confidence  Correct
----------------------------------------------------------------------
majority                      \begin{pmatrix} -2 \\ -14 \\ -7 \end{pmatrix} 16     -           ✓
mean_confidence_weighted      \begin{pmatrix} -2 \\ -14 \\ -7 \end{pmatrix} 16     15.627      ✓
tail_confidence_weighted      \begin{pmatrix} -2 \\ -14 \\ -7 \end{pmatrix} 16     18.905      ✓
bottom_window_weighted        \begin{pmatrix} -2 \\ -14 \\ -7 \end{pmatrix} 16     12.255      ✓
min_window_weighted           \begin{pmatrix} -2 \\ -14 \\ -7 \end{pmatrix} 16     11.691      ✓
top10_tail_filtered           \begin{pmatrix} -2 \\ -14 \\ -7 \end{pmatrix} 2      19.678      ✓
top10_bottom_window_filtered  \begin{pmatrix} -2 \\ -14 \\ -7 \end{pmatrix} 2      13.283      ✓
Q205 done | gt=\begin{pmatrix} -2 \\ -14 \\ -7 \end{pmatrix} | majority:✓, mean_confidence_weighted:✓, tail_confidence_weighted:✓, bottom_window_weighted:✓, min_window_weighted:✓, top10_tail_filtered:✓, top10_bottom_window_filtered:✓
tokens=63001

============================================================
### Q206
============================================================
Ground truth: \left( \frac{3}{2}, -13 \right)
Trace 0: finished at 1550 tokens | answer=\left( \dfrac{3}{2},\ -13 \right)
Trace 1: finished at 1279 tokens | answer=\left( \dfrac{3}{2},\ -13 \right)
Trace 2: finished at 1691 tokens | answer=\left( \dfrac{3}{2},\ -13 \right)
Trace 3: finished at 1596 tokens | answer=\left( \dfrac{3}{2},\ -13 \right)
Trace 4: finished at 1286 tokens | answer=\left( \dfrac{3}{2},\ -13 \right)
Trace 5: finished at 1521 tokens | answer=\left( \dfrac{3}{2},\ -13 \right)
Trace 6: finished at 1470 tokens | answer=\left( \dfrac{3}{2},\ -13 \right)
Trace 7: finished at 1509 tokens | answer=\left( \dfrac{3}{2},\ -13 \right)
Trace 8: finished at 1714 tokens | answer=\left( \dfrac{3}{2},\ -13 \right)
Trace 9: finished at 1872 tokens | answer=\left( \dfrac{3}{2},\ -13 \right)
Trace 10: finished at 1600 tokens | answer=\left( \dfrac{3}{2},\ -13 \right)
Trace 11: finished at 1299 tokens | answer=\left( \dfrac{3}{2},\ -13 \right)
Trace 12: finished at 1707 tokens | answer=\left( \dfrac{3}{2},\ -13 \right)
Trace 13: finished at 1345 tokens | answer=\left( \dfrac{3}{2},\ -13 \right)
Trace 14: finished at 1622 tokens | answer=\left( \dfrac{3}{2},\ -13 \right)
Trace 15: finished at 1213 tokens | answer=\left( \dfrac{3}{2},\ -13 \right)

=== Voting Results Summary ===
  majority: \left( \dfrac{3}{2},\ -13 \right) [16 votes]
  mean_confidence_weighted: \left( \dfrac{3}{2},\ -13 \right) (conf: 17.074) [16 votes]
  tail_confidence_weighted: \left( \dfrac{3}{2},\ -13 \right) (conf: 17.770) [16 votes]
  bottom_window_weighted: \left( \dfrac{3}{2},\ -13 \right) (conf: 14.956) [16 votes]
  min_window_weighted: \left( \dfrac{3}{2},\ -13 \right) (conf: 14.583) [16 votes]
  top10_tail_filtered: \left( \dfrac{3}{2},\ -13 \right) (conf: 19.011) [2 votes]
  top10_bottom_window_filtered: \left( \dfrac{3}{2},\ -13 \right) (conf: 16.637) [2 votes]

=== Detailed Voting Results ===
----------------------------------------------------------------------
Method                        Answer      Votes  Confidence  Correct
----------------------------------------------------------------------
majority                      \left( \dfrac{3}{2},\ -13 \right) 16     -           ✗
mean_confidence_weighted      \left( \dfrac{3}{2},\ -13 \right) 16     17.074      ✗
tail_confidence_weighted      \left( \dfrac{3}{2},\ -13 \right) 16     17.770      ✗
bottom_window_weighted        \left( \dfrac{3}{2},\ -13 \right) 16     14.956      ✗
min_window_weighted           \left( \dfrac{3}{2},\ -13 \right) 16     14.583      ✗
top10_tail_filtered           \left( \dfrac{3}{2},\ -13 \right) 2      19.011      ✗
top10_bottom_window_filtered  \left( \dfrac{3}{2},\ -13 \right) 2      16.637      ✗
Q206 done | gt=\left( \frac{3}{2}, -13 \right) | majority:✗, mean_confidence_weighted:✗, tail_confidence_weighted:✗, bottom_window_weighted:✗, min_window_weighted:✗, top10_tail_filtered:✗, top10_bottom_window_filtered:✗
tokens=24274

============================================================
### Q207
============================================================
Ground truth: 28
Trace 0: finished at 1423 tokens | answer=28
Trace 1: finished at 1340 tokens | answer=28
Trace 2: finished at 1143 tokens | answer=28
Trace 3: finished at 1481 tokens | answer=28
Trace 4: finished at 1378 tokens | answer=28
Trace 5: finished at 1411 tokens | answer=28
Trace 6: finished at 1344 tokens | answer=28
Trace 7: finished at 1452 tokens | answer=28
Trace 8: finished at 1074 tokens | answer=28
Trace 9: finished at 1176 tokens | answer=28
Trace 10: finished at 1339 tokens | answer=28
Trace 11: finished at 1747 tokens | answer=28
Trace 12: finished at 1511 tokens | answer=28
Trace 13: finished at 1454 tokens | answer=28
Trace 14: finished at 877 tokens | answer=28
Trace 15: finished at 1433 tokens | answer=28

=== Voting Results Summary ===
  majority: 28 [16 votes]
  mean_confidence_weighted: 28 (conf: 12.809) [16 votes]
  tail_confidence_weighted: 28 (conf: 14.829) [16 votes]
  bottom_window_weighted: 28 (conf: 11.301) [16 votes]
  min_window_weighted: 28 (conf: 11.031) [16 votes]
  top10_tail_filtered: 28 (conf: 16.733) [2 votes]
  top10_bottom_window_filtered: 28 (conf: 12.315) [2 votes]

=== Detailed Voting Results ===
----------------------------------------------------------------------
Method                        Answer      Votes  Confidence  Correct
----------------------------------------------------------------------
majority                      28          16     -           ✓
mean_confidence_weighted      28          16     12.809      ✓
tail_confidence_weighted      28          16     14.829      ✓
bottom_window_weighted        28          16     11.301      ✓
min_window_weighted           28          16     11.031      ✓
top10_tail_filtered           28          2      16.733      ✓
top10_bottom_window_filtered  28          2      12.315      ✓
Q207 done | gt=28 | majority:✓, mean_confidence_weighted:✓, tail_confidence_weighted:✓, bottom_window_weighted:✓, min_window_weighted:✓, top10_tail_filtered:✓, top10_bottom_window_filtered:✓
tokens=21583

============================================================
### Q208
============================================================
Ground truth: 1
Trace 0: finished at 4870 tokens | answer=1
Trace 1: finished at 5057 tokens | answer=1
Trace 2: finished at 4410 tokens | answer=1
Trace 3: finished at 5036 tokens | answer=1
Trace 4: finished at 3084 tokens | answer=1
Trace 5: finished at 4500 tokens | answer=1
Trace 6: finished at 4350 tokens | answer=1
Trace 7: finished at 5118 tokens | answer=1
Trace 8: finished at 5125 tokens | answer=1
Trace 9: finished at 4923 tokens | answer=1
Trace 10: finished at 4833 tokens | answer=1
Trace 11: finished at 3761 tokens | answer=1
Trace 12: finished at 7443 tokens | answer=1
Trace 13: finished at 4094 tokens | answer=1
Trace 14: finished at 3084 tokens | answer=1
Trace 15: finished at 3581 tokens | answer=1

=== Voting Results Summary ===
  majority: 1 [16 votes]
  mean_confidence_weighted: 1 (conf: 14.434) [16 votes]
  tail_confidence_weighted: 1 (conf: 17.316) [16 votes]
  bottom_window_weighted: 1 (conf: 12.589) [16 votes]
  min_window_weighted: 1 (conf: 12.159) [16 votes]
  top10_tail_filtered: 1 (conf: 18.096) [2 votes]
  top10_bottom_window_filtered: 1 (conf: 13.487) [2 votes]

=== Detailed Voting Results ===
----------------------------------------------------------------------
Method                        Answer      Votes  Confidence  Correct
----------------------------------------------------------------------
majority                      1           16     -           ✓
mean_confidence_weighted      1           16     14.434      ✓
tail_confidence_weighted      1           16     17.316      ✓
bottom_window_weighted        1           16     12.589      ✓
min_window_weighted           1           16     12.159      ✓
top10_tail_filtered           1           2      18.096      ✓
top10_bottom_window_filtered  1           2      13.487      ✓
Q208 done | gt=1 | majority:✓, mean_confidence_weighted:✓, tail_confidence_weighted:✓, bottom_window_weighted:✓, min_window_weighted:✓, top10_tail_filtered:✓, top10_bottom_window_filtered:✓
tokens=73269

============================================================
### Q209
============================================================
Ground truth: 16
Trace 0: finished at 1217 tokens | answer=16
Trace 1: finished at 1825 tokens | answer=16
Trace 2: finished at 2262 tokens | answer=16
Trace 3: finished at 1950 tokens | answer=16
Trace 4: finished at 1572 tokens | answer=16
Trace 5: finished at 2865 tokens | answer=16
Trace 6: finished at 1851 tokens | answer=16
Trace 7: finished at 2020 tokens | answer=16
Trace 8: finished at 1565 tokens | answer=16
Trace 9: finished at 1516 tokens | answer=16
Trace 10: finished at 2287 tokens | answer=16
Trace 11: finished at 1422 tokens | answer=16
Trace 12: finished at 3532 tokens | answer=16
Trace 13: finished at 1845 tokens | answer=16
Trace 14: finished at 1503 tokens | answer=16
Trace 15: finished at 1472 tokens | answer=16

=== Voting Results Summary ===
  majority: 16 [16 votes]
  mean_confidence_weighted: 16 (conf: 15.754) [16 votes]
  tail_confidence_weighted: 16 (conf: 15.930) [16 votes]
  bottom_window_weighted: 16 (conf: 14.086) [16 votes]
  min_window_weighted: 16 (conf: 13.715) [16 votes]
  top10_tail_filtered: 16 (conf: 17.128) [2 votes]
  top10_bottom_window_filtered: 16 (conf: 15.066) [2 votes]

=== Detailed Voting Results ===
----------------------------------------------------------------------
Method                        Answer      Votes  Confidence  Correct
----------------------------------------------------------------------
majority                      16          16     -           ✓
mean_confidence_weighted      16          16     15.754      ✓
tail_confidence_weighted      16          16     15.930      ✓
bottom_window_weighted        16          16     14.086      ✓
min_window_weighted           16          16     13.715      ✓
top10_tail_filtered           16          2      17.128      ✓
top10_bottom_window_filtered  16          2      15.066      ✓
Q209 done | gt=16 | majority:✓, mean_confidence_weighted:✓, tail_confidence_weighted:✓, bottom_window_weighted:✓, min_window_weighted:✓, top10_tail_filtered:✓, top10_bottom_window_filtered:✓
tokens=30704

============================================================
### Q210
============================================================
Ground truth: 10
Trace 0: finished at 16749 tokens | answer=10
Trace 1: finished at 12184 tokens | answer=10
Trace 2: finished at 18785 tokens | answer=10
Trace 3: finished at 18544 tokens | answer=10
Trace 4: finished at 16091 tokens | answer=10
Trace 5: finished at 23462 tokens | answer=10
Trace 6: finished at 17225 tokens | answer=10
Trace 7: finished at 20739 tokens | answer=10
Trace 8: finished at 20365 tokens | answer=10
Trace 9: finished at 10966 tokens | answer=10
Trace 10: finished at 13841 tokens | answer=10
Trace 11: finished at 17560 tokens | answer=10
Trace 12: finished at 16771 tokens | answer=10
Trace 13: finished at 17448 tokens | answer=10
Trace 14: finished at 16004 tokens | answer=10
Trace 15: finished at 15808 tokens | answer=10

=== Voting Results Summary ===
  majority: 10 [16 votes]
  mean_confidence_weighted: 10 (conf: 14.385) [16 votes]
  tail_confidence_weighted: 10 (conf: 17.362) [16 votes]
  bottom_window_weighted: 10 (conf: 12.577) [16 votes]
  min_window_weighted: 10 (conf: 11.554) [16 votes]
  top10_tail_filtered: 10 (conf: 18.670) [2 votes]
  top10_bottom_window_filtered: 10 (conf: 13.495) [2 votes]

=== Detailed Voting Results ===
----------------------------------------------------------------------
Method                        Answer      Votes  Confidence  Correct
----------------------------------------------------------------------
majority                      10          16     -           ✓
mean_confidence_weighted      10          16     14.385      ✓
tail_confidence_weighted      10          16     17.362      ✓
bottom_window_weighted        10          16     12.577      ✓
min_window_weighted           10          16     11.554      ✓
top10_tail_filtered           10          2      18.670      ✓
top10_bottom_window_filtered  10          2      13.495      ✓
Q210 done | gt=10 | majority:✓, mean_confidence_weighted:✓, tail_confidence_weighted:✓, bottom_window_weighted:✓, min_window_weighted:✓, top10_tail_filtered:✓, top10_bottom_window_filtered:✓
tokens=272542

============================================================
### Q211
============================================================
Ground truth: 5
Trace 0: finished at 1658 tokens | answer=5
Trace 1: finished at 2776 tokens | answer=5
Trace 2: finished at 2150 tokens | answer=5
Trace 3: finished at 3116 tokens | answer=5
Trace 4: finished at 2307 tokens | answer=5
Trace 5: finished at 1690 tokens | answer=5
Trace 6: finished at 3055 tokens | answer=5
Trace 7: finished at 2042 tokens | answer=5
Trace 8: finished at 2349 tokens | answer=5
Trace 9: finished at 2098 tokens | answer=5
Trace 10: finished at 2902 tokens | answer=5
Trace 11: finished at 2862 tokens | answer=5
Trace 12: finished at 1977 tokens | answer=5
Trace 13: finished at 1594 tokens | answer=5
Trace 14: finished at 1784 tokens | answer=5
Trace 15: finished at 1342 tokens | answer=5

=== Voting Results Summary ===
  majority: 5 [16 votes]
  mean_confidence_weighted: 5 (conf: 14.970) [16 votes]
  tail_confidence_weighted: 5 (conf: 17.267) [16 votes]
  bottom_window_weighted: 5 (conf: 13.319) [16 votes]
  min_window_weighted: 5 (conf: 12.865) [16 votes]
  top10_tail_filtered: 5 (conf: 17.843) [2 votes]
  top10_bottom_window_filtered: 5 (conf: 14.670) [2 votes]

=== Detailed Voting Results ===
----------------------------------------------------------------------
Method                        Answer      Votes  Confidence  Correct
----------------------------------------------------------------------
majority                      5           16     -           ✓
mean_confidence_weighted      5           16     14.970      ✓
tail_confidence_weighted      5           16     17.267      ✓
bottom_window_weighted        5           16     13.319      ✓
min_window_weighted           5           16     12.865      ✓
top10_tail_filtered           5           2      17.843      ✓
top10_bottom_window_filtered  5           2      14.670      ✓
Q211 done | gt=5 | majority:✓, mean_confidence_weighted:✓, tail_confidence_weighted:✓, bottom_window_weighted:✓, min_window_weighted:✓, top10_tail_filtered:✓, top10_bottom_window_filtered:✓
tokens=35702

============================================================
### Q212
============================================================
Ground truth: 56
Trace 0: finished at 2266 tokens | answer=56
Trace 1: finished at 2354 tokens | answer=56
Trace 2: finished at 2814 tokens | answer=56
Trace 3: finished at 5447 tokens | answer=56
Trace 4: finished at 2062 tokens | answer=56
Trace 5: finished at 1560 tokens | answer=56
Trace 6: finished at 1843 tokens | answer=56
Trace 7: finished at 1960 tokens | answer=56
Trace 8: finished at 2613 tokens | answer=56
Trace 9: finished at 2790 tokens | answer=56
Trace 10: finished at 2264 tokens | answer=56
Trace 11: finished at 1612 tokens | answer=56
Trace 12: finished at 2166 tokens | answer=56
Trace 13: finished at 2035 tokens | answer=56
Trace 14: finished at 1977 tokens | answer=56
Trace 15: finished at 1741 tokens | answer=56

=== Voting Results Summary ===
  majority: 56 [16 votes]
  mean_confidence_weighted: 56 (conf: 12.417) [16 votes]
  tail_confidence_weighted: 56 (conf: 15.855) [16 votes]
  bottom_window_weighted: 56 (conf: 10.225) [16 votes]
  min_window_weighted: 56 (conf: 9.796) [16 votes]
  top10_tail_filtered: 56 (conf: 16.494) [2 votes]
  top10_bottom_window_filtered: 56 (conf: 11.027) [2 votes]

=== Detailed Voting Results ===
----------------------------------------------------------------------
Method                        Answer      Votes  Confidence  Correct
----------------------------------------------------------------------
majority                      56          16     -           ✓
mean_confidence_weighted      56          16     12.417      ✓
tail_confidence_weighted      56          16     15.855      ✓
bottom_window_weighted        56          16     10.225      ✓
min_window_weighted           56          16     9.796       ✓
top10_tail_filtered           56          2      16.494      ✓
top10_bottom_window_filtered  56          2      11.027      ✓
Q212 done | gt=56 | majority:✓, mean_confidence_weighted:✓, tail_confidence_weighted:✓, bottom_window_weighted:✓, min_window_weighted:✓, top10_tail_filtered:✓, top10_bottom_window_filtered:✓
tokens=37504

============================================================
### Q213
============================================================
Ground truth: 2
Trace 0: finished at 10896 tokens | answer=2
Trace 1: finished at 5393 tokens | answer=2
Trace 2: finished at 8350 tokens | answer=2
Trace 3: finished at 13704 tokens | answer=2
Trace 4: finished at 8746 tokens | answer=2
Trace 5: finished at 7089 tokens | answer=2
Trace 6: finished at 8155 tokens | answer=2
Trace 7: finished at 6015 tokens | answer=2
Trace 8: finished at 6109 tokens | answer=2
Trace 9: finished at 5823 tokens | answer=2
Trace 10: finished at 6747 tokens | answer=2
Trace 11: finished at 11552 tokens | answer=2
Trace 12: finished at 9372 tokens | answer=2
Trace 13: finished at 9363 tokens | answer=2
Trace 14: finished at 7399 tokens | answer=2
Trace 15: finished at 8705 tokens | answer=2

=== Voting Results Summary ===
  majority: 2 [16 votes]
  mean_confidence_weighted: 2 (conf: 16.232) [16 votes]
  tail_confidence_weighted: 2 (conf: 18.124) [16 votes]
  bottom_window_weighted: 2 (conf: 13.606) [16 votes]
  min_window_weighted: 2 (conf: 12.667) [16 votes]
  top10_tail_filtered: 2 (conf: 18.821) [2 votes]
  top10_bottom_window_filtered: 2 (conf: 14.158) [2 votes]

=== Detailed Voting Results ===
----------------------------------------------------------------------
Method                        Answer      Votes  Confidence  Correct
----------------------------------------------------------------------
majority                      2           16     -           ✓
mean_confidence_weighted      2           16     16.232      ✓
tail_confidence_weighted      2           16     18.124      ✓
bottom_window_weighted        2           16     13.606      ✓
min_window_weighted           2           16     12.667      ✓
top10_tail_filtered           2           2      18.821      ✓
top10_bottom_window_filtered  2           2      14.158      ✓
Q213 done | gt=2 | majority:✓, mean_confidence_weighted:✓, tail_confidence_weighted:✓, bottom_window_weighted:✓, min_window_weighted:✓, top10_tail_filtered:✓, top10_bottom_window_filtered:✓
tokens=133418

============================================================
### Q214
============================================================
Ground truth: 110
Trace 0: finished at 4284 tokens | answer=110
Trace 1: finished at 7829 tokens | answer=110
Trace 2: finished at 3596 tokens | answer=110
Trace 3: finished at 5187 tokens | answer=110
Trace 4: finished at 3815 tokens | answer=110
Trace 5: finished at 4123 tokens | answer=110
Trace 6: finished at 3882 tokens | answer=110
Trace 7: finished at 5725 tokens | answer=110
Trace 8: finished at 3870 tokens | answer=110
Trace 9: finished at 3560 tokens | answer=110
Trace 10: finished at 5711 tokens | answer=110
Trace 11: finished at 4700 tokens | answer=110
Trace 12: finished at 3082 tokens | answer=110
Trace 13: finished at 3856 tokens | answer=110
Trace 14: finished at 4188 tokens | answer=110
Trace 15: finished at 3348 tokens | answer=110

=== Voting Results Summary ===
  majority: 110 [16 votes]
  mean_confidence_weighted: 110 (conf: 13.461) [16 votes]
  tail_confidence_weighted: 110 (conf: 14.940) [16 votes]
  bottom_window_weighted: 110 (conf: 11.467) [16 votes]
  min_window_weighted: 110 (conf: 10.923) [16 votes]
  top10_tail_filtered: 110 (conf: 15.812) [2 votes]
  top10_bottom_window_filtered: 110 (conf: 12.587) [2 votes]

=== Detailed Voting Results ===
----------------------------------------------------------------------
Method                        Answer      Votes  Confidence  Correct
----------------------------------------------------------------------
majority                      110         16     -           ✓
mean_confidence_weighted      110         16     13.461      ✓
tail_confidence_weighted      110         16     14.940      ✓
bottom_window_weighted        110         16     11.467      ✓
min_window_weighted           110         16     10.923      ✓
top10_tail_filtered           110         2      15.812      ✓
top10_bottom_window_filtered  110         2      12.587      ✓
Q214 done | gt=110 | majority:✓, mean_confidence_weighted:✓, tail_confidence_weighted:✓, bottom_window_weighted:✓, min_window_weighted:✓, top10_tail_filtered:✓, top10_bottom_window_filtered:✓
tokens=70756

============================================================
### Q215
============================================================
Ground truth: 2
Trace 0: finished at 1592 tokens | answer=2
Trace 1: finished at 1365 tokens | answer=2
Trace 2: finished at 2848 tokens | answer=2
Trace 3: finished at 1605 tokens | answer=2
Trace 4: finished at 1807 tokens | answer=2
Trace 5: finished at 2484 tokens | answer=2
Trace 6: finished at 2252 tokens | answer=2
Trace 7: finished at 1712 tokens | answer=2
Trace 8: finished at 1758 tokens | answer=2
Trace 9: finished at 1835 tokens | answer=2
Trace 10: finished at 1970 tokens | answer=2
Trace 11: finished at 1921 tokens | answer=2
Trace 12: finished at 1961 tokens | answer=2
Trace 13: finished at 1860 tokens | answer=2
Trace 14: finished at 2401 tokens | answer=2
Trace 15: finished at 1613 tokens | answer=2

=== Voting Results Summary ===
  majority: 2 [16 votes]
  mean_confidence_weighted: 2 (conf: 17.415) [16 votes]
  tail_confidence_weighted: 2 (conf: 17.763) [16 votes]
  bottom_window_weighted: 2 (conf: 15.097) [16 votes]
  min_window_weighted: 2 (conf: 14.525) [16 votes]
  top10_tail_filtered: 2 (conf: 18.542) [2 votes]
  top10_bottom_window_filtered: 2 (conf: 16.912) [2 votes]

=== Detailed Voting Results ===
----------------------------------------------------------------------
Method                        Answer      Votes  Confidence  Correct
----------------------------------------------------------------------
majority                      2           16     -           ✓
mean_confidence_weighted      2           16     17.415      ✓
tail_confidence_weighted      2           16     17.763      ✓
bottom_window_weighted        2           16     15.097      ✓
min_window_weighted           2           16     14.525      ✓
top10_tail_filtered           2           2      18.542      ✓
top10_bottom_window_filtered  2           2      16.912      ✓
Q215 done | gt=2 | majority:✓, mean_confidence_weighted:✓, tail_confidence_weighted:✓, bottom_window_weighted:✓, min_window_weighted:✓, top10_tail_filtered:✓, top10_bottom_window_filtered:✓
tokens=30984

============================================================
### Q216
============================================================
Ground truth: 6
Trace 0: finished at 6428 tokens | answer=6
Trace 1: finished at 2389 tokens | answer=6
Trace 2: finished at 4758 tokens | answer=6
Trace 3: finished at 4964 tokens | answer=6
Trace 4: finished at 4166 tokens | answer=6
Trace 5: finished at 4239 tokens | answer=6
Trace 6: finished at 2827 tokens | answer=6
Trace 7: finished at 3058 tokens | answer=6
Trace 8: finished at 2575 tokens | answer=6
Trace 9: finished at 4136 tokens | answer=6
Trace 10: finished at 3794 tokens | answer=6
Trace 11: finished at 3663 tokens | answer=6
Trace 12: finished at 4524 tokens | answer=6
Trace 13: finished at 2257 tokens | answer=6
Trace 14: finished at 2544 tokens | answer=6
Trace 15: finished at 2359 tokens | answer=6

=== Voting Results Summary ===
  majority: 6 [16 votes]
  mean_confidence_weighted: 6 (conf: 12.254) [16 votes]
  tail_confidence_weighted: 6 (conf: 14.966) [16 votes]
  bottom_window_weighted: 6 (conf: 10.925) [16 votes]
  min_window_weighted: 6 (conf: 10.468) [16 votes]
  top10_tail_filtered: 6 (conf: 15.715) [2 votes]
  top10_bottom_window_filtered: 6 (conf: 11.322) [2 votes]

=== Detailed Voting Results ===
----------------------------------------------------------------------
Method                        Answer      Votes  Confidence  Correct
----------------------------------------------------------------------
majority                      6           16     -           ✓
mean_confidence_weighted      6           16     12.254      ✓
tail_confidence_weighted      6           16     14.966      ✓
bottom_window_weighted        6           16     10.925      ✓
min_window_weighted           6           16     10.468      ✓
top10_tail_filtered           6           2      15.715      ✓
top10_bottom_window_filtered  6           2      11.322      ✓
Q216 done | gt=6 | majority:✓, mean_confidence_weighted:✓, tail_confidence_weighted:✓, bottom_window_weighted:✓, min_window_weighted:✓, top10_tail_filtered:✓, top10_bottom_window_filtered:✓
tokens=58681

============================================================
### Q217
============================================================
Ground truth: 11,\! 111,\! 111,\! 100
Trace 0: finished at 22042 tokens | answer=11111111100
Trace 1: finished at 15167 tokens | answer=11111111100
Trace 2: finished at 17250 tokens | answer=11111111100
Trace 3: finished at 19665 tokens | answer=11111111100
Trace 4: finished at 18092 tokens | answer=11111111100
Trace 5: finished at 17620 tokens | answer=11111111100
Trace 6: finished at 16349 tokens | answer=11111111100
Trace 7: finished at 15309 tokens | answer=11111111100
Trace 8: finished at 12833 tokens | answer=11111111100
Trace 9: finished at 21184 tokens | answer=11111111100
Trace 10: finished at 21074 tokens | answer=11111111100
Trace 11: finished at 12444 tokens | answer=11111111100
Trace 12: finished at 21113 tokens | answer=11111111100
Trace 13: finished at 18658 tokens | answer=11111111100
Trace 14: finished at 21465 tokens | answer=11111111100
Trace 15: finished at 18118 tokens | answer=11111111100

=== Voting Results Summary ===
  majority: 11111111100 [16 votes]
  mean_confidence_weighted: 11111111100 (conf: 14.968) [16 votes]
  tail_confidence_weighted: 11111111100 (conf: 16.974) [16 votes]
  bottom_window_weighted: 11111111100 (conf: 13.191) [16 votes]
  min_window_weighted: 11111111100 (conf: 12.280) [16 votes]
  top10_tail_filtered: 11111111100 (conf: 17.929) [2 votes]
  top10_bottom_window_filtered: 11111111100 (conf: 13.694) [2 votes]

=== Detailed Voting Results ===
----------------------------------------------------------------------
Method                        Answer      Votes  Confidence  Correct
----------------------------------------------------------------------
majority                      11111111100 16     -           ✗
mean_confidence_weighted      11111111100 16     14.968      ✗
tail_confidence_weighted      11111111100 16     16.974      ✗
bottom_window_weighted        11111111100 16     13.191      ✗
min_window_weighted           11111111100 16     12.280      ✗
top10_tail_filtered           11111111100 2      17.929      ✗
top10_bottom_window_filtered  11111111100 2      13.694      ✗
Q217 done | gt=11,\! 111,\! 111,\! 100 | majority:✗, mean_confidence_weighted:✗, tail_confidence_weighted:✗, bottom_window_weighted:✗, min_window_weighted:✗, top10_tail_filtered:✗, top10_bottom_window_filtered:✗
tokens=288383

============================================================
### Q218
============================================================
Ground truth: (-1,6)
Trace 0: finished at 698 tokens | answer=(-1,\ 6)
Trace 1: finished at 839 tokens | answer=(-1,\ 6)
Trace 2: finished at 511 tokens | answer=(-1,\ 6)
Trace 3: finished at 608 tokens | answer=(-1,\ 6)
Trace 4: finished at 654 tokens | answer=(-1,\ 6)
Trace 5: finished at 671 tokens | answer=(-1,\ 6)
Trace 6: finished at 619 tokens | answer=(-1,\ 6)
Trace 7: finished at 875 tokens | answer=(-1,\ 6)
Trace 8: finished at 690 tokens | answer=(-1,\ 6)
Trace 9: finished at 662 tokens | answer=(-1,\ 6)
Trace 10: finished at 772 tokens | answer=(-1,\ 6)
Trace 11: finished at 678 tokens | answer=(-1,\ 6)
Trace 12: finished at 709 tokens | answer=(-1,\ 6)
Trace 13: finished at 636 tokens | answer=(-1,\ 6)
Trace 14: finished at 655 tokens | answer=(-1,\ 6)
Trace 15: finished at 749 tokens | answer=(-1,\ 6)

=== Voting Results Summary ===
  majority: (-1,\ 6) [16 votes]
  mean_confidence_weighted: (-1,\ 6) (conf: 16.245) [16 votes]
  tail_confidence_weighted: (-1,\ 6) (conf: 16.819) [16 votes]
  bottom_window_weighted: (-1,\ 6) (conf: 14.948) [16 votes]
  min_window_weighted: (-1,\ 6) (conf: 14.827) [16 votes]
  top10_tail_filtered: (-1,\ 6) (conf: 17.991) [2 votes]
  top10_bottom_window_filtered: (-1,\ 6) (conf: 16.901) [2 votes]

=== Detailed Voting Results ===
----------------------------------------------------------------------
Method                        Answer      Votes  Confidence  Correct
----------------------------------------------------------------------
majority                      (-1,\ 6)    16     -           ✗
mean_confidence_weighted      (-1,\ 6)    16     16.245      ✗
tail_confidence_weighted      (-1,\ 6)    16     16.819      ✗
bottom_window_weighted        (-1,\ 6)    16     14.948      ✗
min_window_weighted           (-1,\ 6)    16     14.827      ✗
top10_tail_filtered           (-1,\ 6)    2      17.991      ✗
top10_bottom_window_filtered  (-1,\ 6)    2      16.901      ✗
Q218 done | gt=(-1,6) | majority:✗, mean_confidence_weighted:✗, tail_confidence_weighted:✗, bottom_window_weighted:✗, min_window_weighted:✗, top10_tail_filtered:✗, top10_bottom_window_filtered:✗
tokens=11026

============================================================
### Q219
============================================================
Ground truth: \frac{1}{2}
Trace 0: finished at 13056 tokens | answer=\dfrac{1}{2}
Trace 1: finished at 12865 tokens | answer=\dfrac{13}{18}
Trace 2: finished at 10505 tokens | answer=\dfrac{1}{2}
Trace 3: finished at 7639 tokens | answer=\dfrac{1}{2}
Trace 4: finished at 9829 tokens | answer=\dfrac{1}{2}
Trace 5: finished at 19158 tokens | answer=\dfrac{1}{2}
Trace 6: finished at 8533 tokens | answer=\dfrac{1}{2}
Trace 7: finished at 10335 tokens | answer=\dfrac{1}{2}
Trace 8: finished at 13271 tokens | answer=\dfrac{1}{2}
Trace 9: finished at 10098 tokens | answer=\dfrac{1}{2}
Trace 10: finished at 8384 tokens | answer=\dfrac{1}{2}
Trace 11: finished at 8933 tokens | answer=\dfrac{1}{2}
Trace 12: finished at 15998 tokens | answer=\dfrac{1}{2}
Trace 13: finished at 6443 tokens | answer=\dfrac{1}{2}
Trace 14: finished at 13701 tokens | answer=\dfrac{1}{2}
Trace 15: finished at 7688 tokens | answer=\dfrac{1}{2}

=== Voting Results Summary ===
  majority: \dfrac{1}{2} [16 votes]
  mean_confidence_weighted: \dfrac{1}{2} (conf: 14.344) [16 votes]
  tail_confidence_weighted: \dfrac{1}{2} (conf: 17.389) [16 votes]
  bottom_window_weighted: \dfrac{1}{2} (conf: 11.947) [16 votes]
  min_window_weighted: \dfrac{1}{2} (conf: 11.092) [16 votes]
  top10_tail_filtered: \dfrac{1}{2} (conf: 18.198) [2 votes]
  top10_bottom_window_filtered: \dfrac{1}{2} (conf: 12.754) [2 votes]

=== Detailed Voting Results ===
----------------------------------------------------------------------
Method                        Answer      Votes  Confidence  Correct
----------------------------------------------------------------------
majority                      \dfrac{1}{2} 16     -           ✓
mean_confidence_weighted      \dfrac{1}{2} 16     14.344      ✓
tail_confidence_weighted      \dfrac{1}{2} 16     17.389      ✓
bottom_window_weighted        \dfrac{1}{2} 16     11.947      ✓
min_window_weighted           \dfrac{1}{2} 16     11.092      ✓
top10_tail_filtered           \dfrac{1}{2} 2      18.198      ✓
top10_bottom_window_filtered  \dfrac{1}{2} 2      12.754      ✓
Q219 done | gt=\frac{1}{2} | majority:✓, mean_confidence_weighted:✓, tail_confidence_weighted:✓, bottom_window_weighted:✓, min_window_weighted:✓, top10_tail_filtered:✓, top10_bottom_window_filtered:✓
tokens=176436

============================================================
### Q220
============================================================
Ground truth: \frac{16}{27}
Trace 0: finished at 3873 tokens | answer=\dfrac{16}{27}
Trace 1: finished at 2822 tokens | answer=\dfrac{16}{27}
Trace 2: finished at 2710 tokens | answer=\dfrac{16}{27}
Trace 3: finished at 2824 tokens | answer=\dfrac{16}{27}
Trace 4: finished at 3208 tokens | answer=\dfrac{16}{27}
Trace 5: finished at 4149 tokens | answer=\dfrac{16}{27}
Trace 6: finished at 3298 tokens | answer=\dfrac{16}{27}
Trace 7: finished at 2862 tokens | answer=\dfrac{16}{27}
Trace 8: finished at 2767 tokens | answer=\dfrac{16}{27}
Trace 9: finished at 4082 tokens | answer=\dfrac{16}{27}
Trace 10: finished at 3694 tokens | answer=\dfrac{16}{27}
Trace 11: finished at 3263 tokens | answer=\dfrac{16}{27}
Trace 12: finished at 3790 tokens | answer=\dfrac{16}{27}
Trace 13: finished at 3484 tokens | answer=\dfrac{16}{27}
Trace 14: finished at 4497 tokens | answer=\dfrac{16}{27}
Trace 15: finished at 2772 tokens | answer=\dfrac{16}{27}

=== Voting Results Summary ===
  majority: \dfrac{16}{27} [16 votes]
  mean_confidence_weighted: \dfrac{16}{27} (conf: 12.352) [16 votes]
  tail_confidence_weighted: \dfrac{16}{27} (conf: 16.332) [16 votes]
  bottom_window_weighted: \dfrac{16}{27} (conf: 10.829) [16 votes]
  min_window_weighted: \dfrac{16}{27} (conf: 10.402) [16 votes]
  top10_tail_filtered: \dfrac{16}{27} (conf: 17.465) [2 votes]
  top10_bottom_window_filtered: \dfrac{16}{27} (conf: 12.034) [2 votes]

=== Detailed Voting Results ===
----------------------------------------------------------------------
Method                        Answer      Votes  Confidence  Correct
----------------------------------------------------------------------
majority                      \dfrac{16}{27} 16     -           ✓
mean_confidence_weighted      \dfrac{16}{27} 16     12.352      ✓
tail_confidence_weighted      \dfrac{16}{27} 16     16.332      ✓
bottom_window_weighted        \dfrac{16}{27} 16     10.829      ✓
min_window_weighted           \dfrac{16}{27} 16     10.402      ✓
top10_tail_filtered           \dfrac{16}{27} 2      17.465      ✓
top10_bottom_window_filtered  \dfrac{16}{27} 2      12.034      ✓
Q220 done | gt=\frac{16}{27} | majority:✓, mean_confidence_weighted:✓, tail_confidence_weighted:✓, bottom_window_weighted:✓, min_window_weighted:✓, top10_tail_filtered:✓, top10_bottom_window_filtered:✓
tokens=54095

============================================================
### Q221
============================================================
Ground truth: 900
Trace 0: finished at 12096 tokens | answer=900
Trace 1: finished at 9396 tokens | answer=900
Trace 2: finished at 13685 tokens | answer=900
Trace 3: finished at 14145 tokens | answer=900
Trace 4: finished at 14097 tokens | answer=900
Trace 5: finished at 11971 tokens | answer=900
Trace 6: finished at 10659 tokens | answer=900
Trace 7: finished at 12742 tokens | answer=900
Trace 8: finished at 15915 tokens | answer=900
Trace 9: finished at 9692 tokens | answer=900
Trace 10: finished at 9726 tokens | answer=900
Trace 11: finished at 12556 tokens | answer=900
Trace 12: finished at 13042 tokens | answer=900
Trace 13: finished at 15212 tokens | answer=900
Trace 14: finished at 13907 tokens | answer=900
Trace 15: finished at 15611 tokens | answer=900

=== Voting Results Summary ===
  majority: 900 [16 votes]
  mean_confidence_weighted: 900 (conf: 15.112) [16 votes]
  tail_confidence_weighted: 900 (conf: 18.212) [16 votes]
  bottom_window_weighted: 900 (conf: 12.726) [16 votes]
  min_window_weighted: 900 (conf: 11.726) [16 votes]
  top10_tail_filtered: 900 (conf: 18.786) [2 votes]
  top10_bottom_window_filtered: 900 (conf: 13.243) [2 votes]

=== Detailed Voting Results ===
----------------------------------------------------------------------
Method                        Answer      Votes  Confidence  Correct
----------------------------------------------------------------------
majority                      900         16     -           ✓
mean_confidence_weighted      900         16     15.112      ✓
tail_confidence_weighted      900         16     18.212      ✓
bottom_window_weighted        900         16     12.726      ✓
min_window_weighted           900         16     11.726      ✓
top10_tail_filtered           900         2      18.786      ✓
top10_bottom_window_filtered  900         2      13.243      ✓
Q221 done | gt=900 | majority:✓, mean_confidence_weighted:✓, tail_confidence_weighted:✓, bottom_window_weighted:✓, min_window_weighted:✓, top10_tail_filtered:✓, top10_bottom_window_filtered:✓
tokens=204452

============================================================
### Q222
============================================================
Ground truth: 54
Trace 0: finished at 14108 tokens | answer=54
Trace 1: finished at 11199 tokens | answer=54
Trace 2: finished at 12664 tokens | answer=54
Trace 3: finished at 11424 tokens | answer=54
Trace 4: finished at 13185 tokens | answer=54
Trace 5: finished at 15448 tokens | answer=54
Trace 6: finished at 10343 tokens | answer=54
Trace 7: finished at 16592 tokens | answer=54
Trace 8: finished at 13985 tokens | answer=54
Trace 9: finished at 12726 tokens | answer=54
Trace 10: finished at 13951 tokens | answer=54
Trace 11: finished at 13975 tokens | answer=54
Trace 12: finished at 18204 tokens | answer=54
Trace 13: finished at 14659 tokens | answer=54
Trace 14: finished at 12179 tokens | answer=54
Trace 15: finished at 11546 tokens | answer=54

=== Voting Results Summary ===
  majority: 54 [16 votes]
  mean_confidence_weighted: 54 (conf: 14.577) [16 votes]
  tail_confidence_weighted: 54 (conf: 17.895) [16 votes]
  bottom_window_weighted: 54 (conf: 12.148) [16 votes]
  min_window_weighted: 54 (conf: 11.272) [16 votes]
  top10_tail_filtered: 54 (conf: 18.661) [2 votes]
  top10_bottom_window_filtered: 54 (conf: 12.636) [2 votes]

=== Detailed Voting Results ===
----------------------------------------------------------------------
Method                        Answer      Votes  Confidence  Correct
----------------------------------------------------------------------
majority                      54          16     -           ✓
mean_confidence_weighted      54          16     14.577      ✓
tail_confidence_weighted      54          16     17.895      ✓
bottom_window_weighted        54          16     12.148      ✓
min_window_weighted           54          16     11.272      ✓
top10_tail_filtered           54          2      18.661      ✓
top10_bottom_window_filtered  54          2      12.636      ✓
Q222 done | gt=54 | majority:✓, mean_confidence_weighted:✓, tail_confidence_weighted:✓, bottom_window_weighted:✓, min_window_weighted:✓, top10_tail_filtered:✓, top10_bottom_window_filtered:✓
tokens=216188

============================================================
### Q223
============================================================
Ground truth: 14
Trace 0: finished at 12603 tokens | answer=14
Trace 1: finished at 11227 tokens | answer=14
Trace 2: finished at 7850 tokens | answer=14
Trace 3: finished at 11210 tokens | answer=14
Trace 4: finished at 11242 tokens | answer=14
Trace 5: finished at 9434 tokens | answer=14
Trace 6: finished at 11877 tokens | answer=14
Trace 7: finished at 15961 tokens | answer=14
Trace 8: finished at 7915 tokens | answer=14
Trace 9: finished at 14025 tokens | answer=14
Trace 10: finished at 12915 tokens | answer=14
Trace 11: finished at 10177 tokens | answer=14
Trace 12: finished at 12331 tokens | answer=14
Trace 13: finished at 11667 tokens | answer=14
Trace 14: finished at 13713 tokens | answer=14
Trace 15: finished at 9628 tokens | answer=14

=== Voting Results Summary ===
  majority: 14 [16 votes]
  mean_confidence_weighted: 14 (conf: 15.011) [16 votes]
  tail_confidence_weighted: 14 (conf: 17.322) [16 votes]
  bottom_window_weighted: 14 (conf: 12.806) [16 votes]
  min_window_weighted: 14 (conf: 11.765) [16 votes]
  top10_tail_filtered: 14 (conf: 17.892) [2 votes]
  top10_bottom_window_filtered: 14 (conf: 13.302) [2 votes]

=== Detailed Voting Results ===
----------------------------------------------------------------------
Method                        Answer      Votes  Confidence  Correct
----------------------------------------------------------------------
majority                      14          16     -           ✓
mean_confidence_weighted      14          16     15.011      ✓
tail_confidence_weighted      14          16     17.322      ✓
bottom_window_weighted        14          16     12.806      ✓
min_window_weighted           14          16     11.765      ✓
top10_tail_filtered           14          2      17.892      ✓
top10_bottom_window_filtered  14          2      13.302      ✓
Q223 done | gt=14 | majority:✓, mean_confidence_weighted:✓, tail_confidence_weighted:✓, bottom_window_weighted:✓, min_window_weighted:✓, top10_tail_filtered:✓, top10_bottom_window_filtered:✓
tokens=183775

============================================================
### Q224
============================================================
Ground truth: \frac{9}{256}
Trace 0: finished at 12031 tokens | answer=\dfrac{9}{256}
Trace 1: finished at 5907 tokens | answer=\dfrac{9}{256}
Trace 2: finished at 9957 tokens | answer=\dfrac{9}{256}
Trace 3: finished at 7476 tokens | answer=\dfrac{9}{256}
Trace 4: finished at 10687 tokens | answer=\dfrac{9}{256}
Trace 5: finished at 12136 tokens | answer=\dfrac{9}{256}
Trace 6: finished at 8588 tokens | answer=\dfrac{9}{256}
Trace 7: finished at 8974 tokens | answer=\dfrac{9}{256}
Trace 8: finished at 11045 tokens | answer=\dfrac{9}{256}
Trace 9: finished at 11750 tokens | answer=\dfrac{9}{256}
Trace 10: finished at 8735 tokens | answer=\dfrac{9}{256}
Trace 11: finished at 10280 tokens | answer=\dfrac{9}{256}
Trace 12: finished at 6771 tokens | answer=\dfrac{9}{256}
Trace 13: finished at 8834 tokens | answer=\dfrac{9}{256}
Trace 14: finished at 10610 tokens | answer=\dfrac{9}{256}
Trace 15: finished at 8098 tokens | answer=\dfrac{9}{256}

=== Voting Results Summary ===
  majority: \dfrac{9}{256} [16 votes]
  mean_confidence_weighted: \dfrac{9}{256} (conf: 16.159) [16 votes]
  tail_confidence_weighted: \dfrac{9}{256} (conf: 17.770) [16 votes]
  bottom_window_weighted: \dfrac{9}{256} (conf: 13.827) [16 votes]
  min_window_weighted: \dfrac{9}{256} (conf: 12.747) [16 votes]
  top10_tail_filtered: \dfrac{9}{256} (conf: 18.171) [2 votes]
  top10_bottom_window_filtered: \dfrac{9}{256} (conf: 14.323) [2 votes]

=== Detailed Voting Results ===
----------------------------------------------------------------------
Method                        Answer      Votes  Confidence  Correct
----------------------------------------------------------------------
majority                      \dfrac{9}{256} 16     -           ✓
mean_confidence_weighted      \dfrac{9}{256} 16     16.159      ✓
tail_confidence_weighted      \dfrac{9}{256} 16     17.770      ✓
bottom_window_weighted        \dfrac{9}{256} 16     13.827      ✓
min_window_weighted           \dfrac{9}{256} 16     12.747      ✓
top10_tail_filtered           \dfrac{9}{256} 2      18.171      ✓
top10_bottom_window_filtered  \dfrac{9}{256} 2      14.323      ✓
Q224 done | gt=\frac{9}{256} | majority:✓, mean_confidence_weighted:✓, tail_confidence_weighted:✓, bottom_window_weighted:✓, min_window_weighted:✓, top10_tail_filtered:✓, top10_bottom_window_filtered:✓
tokens=151879

============================================================
### Q225
============================================================
Ground truth: 11
Trace 0: finished at 1690 tokens | answer=11
Trace 1: finished at 2172 tokens | answer=11
Trace 2: finished at 1055 tokens | answer=11
Trace 3: finished at 1651 tokens | answer=11
Trace 4: finished at 2036 tokens | answer=11
Trace 5: finished at 1403 tokens | answer=11
Trace 6: finished at 1788 tokens | answer=11
Trace 7: finished at 1415 tokens | answer=11
Trace 8: finished at 1458 tokens | answer=11
Trace 9: finished at 1939 tokens | answer=11
Trace 10: finished at 1476 tokens | answer=11
Trace 11: finished at 1868 tokens | answer=11
Trace 12: finished at 1866 tokens | answer=11
Trace 13: finished at 2737 tokens | answer=11
Trace 14: finished at 1709 tokens | answer=11
Trace 15: finished at 1185 tokens | answer=11

=== Voting Results Summary ===
  majority: 11 [16 votes]
  mean_confidence_weighted: 11 (conf: 16.033) [16 votes]
  tail_confidence_weighted: 11 (conf: 16.816) [16 votes]
  bottom_window_weighted: 11 (conf: 13.905) [16 votes]
  min_window_weighted: 11 (conf: 13.493) [16 votes]
  top10_tail_filtered: 11 (conf: 17.626) [2 votes]
  top10_bottom_window_filtered: 11 (conf: 15.032) [2 votes]

=== Detailed Voting Results ===
----------------------------------------------------------------------
Method                        Answer      Votes  Confidence  Correct
----------------------------------------------------------------------
majority                      11          16     -           ✓
mean_confidence_weighted      11          16     16.033      ✓
tail_confidence_weighted      11          16     16.816      ✓
bottom_window_weighted        11          16     13.905      ✓
min_window_weighted           11          16     13.493      ✓
top10_tail_filtered           11          2      17.626      ✓
top10_bottom_window_filtered  11          2      15.032      ✓
Q225 done | gt=11 | majority:✓, mean_confidence_weighted:✓, tail_confidence_weighted:✓, bottom_window_weighted:✓, min_window_weighted:✓, top10_tail_filtered:✓, top10_bottom_window_filtered:✓
tokens=27448

============================================================
### Q226
============================================================
Ground truth: 3
Trace 0: finished at 8923 tokens | answer=3
Trace 1: finished at 8801 tokens | answer=3
Trace 2: finished at 9466 tokens | answer=3
Trace 3: finished at 7665 tokens | answer=3
Trace 4: finished at 8265 tokens | answer=3
Trace 5: finished at 8115 tokens | answer=3
Trace 6: finished at 6175 tokens | answer=3
Trace 7: finished at 8176 tokens | answer=3
Trace 8: finished at 8509 tokens | answer=3
Trace 9: finished at 7792 tokens | answer=3
Trace 10: finished at 8530 tokens | answer=3
Trace 11: finished at 8138 tokens | answer=3
Trace 12: finished at 7093 tokens | answer=3
Trace 13: finished at 6414 tokens | answer=3
Trace 14: finished at 11304 tokens | answer=3
Trace 15: finished at 10836 tokens | answer=3

=== Voting Results Summary ===
  majority: 3 [16 votes]
  mean_confidence_weighted: 3 (conf: 13.769) [16 votes]
  tail_confidence_weighted: 3 (conf: 16.691) [16 votes]
  bottom_window_weighted: 3 (conf: 12.400) [16 votes]
  min_window_weighted: 3 (conf: 11.784) [16 votes]
  top10_tail_filtered: 3 (conf: 17.325) [2 votes]
  top10_bottom_window_filtered: 3 (conf: 12.772) [2 votes]

=== Detailed Voting Results ===
----------------------------------------------------------------------
Method                        Answer      Votes  Confidence  Correct
----------------------------------------------------------------------
majority                      3           16     -           ✓
mean_confidence_weighted      3           16     13.769      ✓
tail_confidence_weighted      3           16     16.691      ✓
bottom_window_weighted        3           16     12.400      ✓
min_window_weighted           3           16     11.784      ✓
top10_tail_filtered           3           2      17.325      ✓
top10_bottom_window_filtered  3           2      12.772      ✓
Q226 done | gt=3 | majority:✓, mean_confidence_weighted:✓, tail_confidence_weighted:✓, bottom_window_weighted:✓, min_window_weighted:✓, top10_tail_filtered:✓, top10_bottom_window_filtered:✓
tokens=134202

============================================================
### Q227
============================================================
Ground truth: \text{(C)}
Trace 0: finished at 1867 tokens | answer=\text{C}
Trace 1: finished at 1451 tokens | answer=\text{C}
Trace 2: finished at 1445 tokens | answer=\text{C}
Trace 3: finished at 1724 tokens | answer=\text{C}
Trace 4: finished at 1074 tokens | answer=\text{C}
Trace 5: finished at 1357 tokens | answer=\text{C}
Trace 6: finished at 1898 tokens | answer=\text{C}
Trace 7: finished at 878 tokens | answer=\text{C}
Trace 8: finished at 1487 tokens | answer=\text{C}
Trace 9: finished at 1875 tokens | answer=\text{C}
Trace 10: finished at 1684 tokens | answer=\text{C}
Trace 11: finished at 946 tokens | answer=\text{C}
Trace 12: finished at 1712 tokens | answer=\text{C}
Trace 13: finished at 1213 tokens | answer=\text{C}
Trace 14: finished at 2537 tokens | answer=\text{C}
Trace 15: finished at 1185 tokens | answer=\text{C}

=== Voting Results Summary ===
  majority: \text{C} [16 votes]
  mean_confidence_weighted: \text{C} (conf: 12.945) [16 votes]
  tail_confidence_weighted: \text{C} (conf: 14.827) [16 votes]
  bottom_window_weighted: \text{C} (conf: 11.613) [16 votes]
  min_window_weighted: \text{C} (conf: 11.353) [16 votes]
  top10_tail_filtered: \text{C} (conf: 15.592) [2 votes]
  top10_bottom_window_filtered: \text{C} (conf: 12.041) [2 votes]

=== Detailed Voting Results ===
----------------------------------------------------------------------
Method                        Answer      Votes  Confidence  Correct
----------------------------------------------------------------------
majority                      \text{C}    16     -           ✓
mean_confidence_weighted      \text{C}    16     12.945      ✓
tail_confidence_weighted      \text{C}    16     14.827      ✓
bottom_window_weighted        \text{C}    16     11.613      ✓
min_window_weighted           \text{C}    16     11.353      ✓
top10_tail_filtered           \text{C}    2      15.592      ✓
top10_bottom_window_filtered  \text{C}    2      12.041      ✓
Q227 done | gt=\text{(C)} | majority:✓, mean_confidence_weighted:✓, tail_confidence_weighted:✓, bottom_window_weighted:✓, min_window_weighted:✓, top10_tail_filtered:✓, top10_bottom_window_filtered:✓
tokens=24333

============================================================
### Q228
============================================================
Ground truth: 288 \pi
Trace 0: finished at 8885 tokens | answer=288\pi
Trace 1: finished at 9202 tokens | answer=288\pi
Trace 2: finished at 10260 tokens | answer=288\pi
Trace 3: finished at 11786 tokens | answer=288\pi
Trace 4: finished at 8232 tokens | answer=288\pi
Trace 5: finished at 12194 tokens | answer=288\pi
Trace 6: finished at 10102 tokens | answer=288\pi
Trace 7: finished at 7300 tokens | answer=288\pi
Trace 8: finished at 7069 tokens | answer=288\pi
Trace 9: finished at 10789 tokens | answer=288\pi
Trace 10: finished at 9106 tokens | answer=\text{the ball centered at the origin with radius } 6
Trace 11: finished at 9621 tokens | answer=288\pi
Trace 12: finished at 9187 tokens | answer=288\pi
Trace 13: finished at 7746 tokens | answer=288\pi
Trace 14: finished at 6921 tokens | answer=288\pi
Trace 15: finished at 8254 tokens | answer=288\pi

=== Voting Results Summary ===
  majority: 288\pi [16 votes]
  mean_confidence_weighted: 288\pi (conf: 15.600) [16 votes]
  tail_confidence_weighted: 288\pi (conf: 17.884) [16 votes]
  bottom_window_weighted: 288\pi (conf: 13.052) [16 votes]
  min_window_weighted: 288\pi (conf: 12.163) [16 votes]
  top10_tail_filtered: 288\pi (conf: 18.525) [2 votes]
  top10_bottom_window_filtered: 288\pi (conf: 13.588) [2 votes]

=== Detailed Voting Results ===
----------------------------------------------------------------------
Method                        Answer      Votes  Confidence  Correct
----------------------------------------------------------------------
majority                      288\pi      16     -           ✓
mean_confidence_weighted      288\pi      16     15.600      ✓
tail_confidence_weighted      288\pi      16     17.884      ✓
bottom_window_weighted        288\pi      16     13.052      ✓
min_window_weighted           288\pi      16     12.163      ✓
top10_tail_filtered           288\pi      2      18.525      ✓
top10_bottom_window_filtered  288\pi      2      13.588      ✓
Q228 done | gt=288 \pi | majority:✓, mean_confidence_weighted:✓, tail_confidence_weighted:✓, bottom_window_weighted:✓, min_window_weighted:✓, top10_tail_filtered:✓, top10_bottom_window_filtered:✓
tokens=146654

============================================================
### Q229
============================================================
Ground truth: 90
Trace 0: finished at 1520 tokens | answer=90
Trace 1: finished at 2029 tokens | answer=90
Trace 2: finished at 1182 tokens | answer=90
Trace 3: finished at 1949 tokens | answer=90
Trace 4: finished at 1057 tokens | answer=90
Trace 5: finished at 1637 tokens | answer=90
Trace 6: finished at 1510 tokens | answer=90
Trace 7: finished at 1751 tokens | answer=90
Trace 8: finished at 1859 tokens | answer=90
Trace 9: finished at 1812 tokens | answer=90
Trace 10: finished at 1924 tokens | answer=90
Trace 11: finished at 1142 tokens | answer=90
Trace 12: finished at 1697 tokens | answer=90
Trace 13: finished at 1646 tokens | answer=90
Trace 14: finished at 1314 tokens | answer=90
Trace 15: finished at 1076 tokens | answer=90

=== Voting Results Summary ===
  majority: 90 [16 votes]
  mean_confidence_weighted: 90 (conf: 12.039) [16 votes]
  tail_confidence_weighted: 90 (conf: 14.595) [16 votes]
  bottom_window_weighted: 90 (conf: 10.661) [16 votes]
  min_window_weighted: 90 (conf: 10.425) [16 votes]
  top10_tail_filtered: 90 (conf: 15.294) [2 votes]
  top10_bottom_window_filtered: 90 (conf: 11.783) [2 votes]

=== Detailed Voting Results ===
----------------------------------------------------------------------
Method                        Answer      Votes  Confidence  Correct
----------------------------------------------------------------------
majority                      90          16     -           ✓
mean_confidence_weighted      90          16     12.039      ✓
tail_confidence_weighted      90          16     14.595      ✓
bottom_window_weighted        90          16     10.661      ✓
min_window_weighted           90          16     10.425      ✓
top10_tail_filtered           90          2      15.294      ✓
top10_bottom_window_filtered  90          2      11.783      ✓
Q229 done | gt=90 | majority:✓, mean_confidence_weighted:✓, tail_confidence_weighted:✓, bottom_window_weighted:✓, min_window_weighted:✓, top10_tail_filtered:✓, top10_bottom_window_filtered:✓
tokens=25105

============================================================
### Q230
============================================================
Ground truth: \frac{16}{5}
Trace 0: finished at 13027 tokens | answer=\dfrac{16}{5}
Trace 1: finished at 11236 tokens | answer=\dfrac{16}{5}
Trace 2: finished at 15459 tokens | answer=\dfrac{16}{5}
Trace 3: finished at 13974 tokens | answer=\dfrac{16}{5}
Trace 4: finished at 16148 tokens | answer=\dfrac{16}{5}
Trace 5: finished at 13520 tokens | answer=\dfrac{16}{5}
Trace 6: finished at 15405 tokens | answer=\dfrac{16}{5}
Trace 7: finished at 17758 tokens | answer=\dfrac{16}{5}
Trace 8: finished at 13869 tokens | answer=\dfrac{16}{5}
Trace 9: finished at 13383 tokens | answer=\dfrac{16}{5}
Trace 10: finished at 13328 tokens | answer=\dfrac{16}{5}
Trace 11: finished at 17673 tokens | answer=\dfrac{16}{5}
Trace 12: finished at 11118 tokens | answer=\dfrac{16}{5}
Trace 13: finished at 10944 tokens | answer=\dfrac{16}{5}
Trace 14: finished at 14415 tokens | answer=\dfrac{16}{5}
Trace 15: finished at 19748 tokens | answer=\dfrac{16}{5}

=== Voting Results Summary ===
  majority: \dfrac{16}{5} [16 votes]
  mean_confidence_weighted: \dfrac{16}{5} (conf: 15.076) [16 votes]
  tail_confidence_weighted: \dfrac{16}{5} (conf: 18.352) [16 votes]
  bottom_window_weighted: \dfrac{16}{5} (conf: 12.878) [16 votes]
  min_window_weighted: \dfrac{16}{5} (conf: 12.045) [16 votes]
  top10_tail_filtered: \dfrac{16}{5} (conf: 19.051) [2 votes]
  top10_bottom_window_filtered: \dfrac{16}{5} (conf: 13.270) [2 votes]

=== Detailed Voting Results ===
----------------------------------------------------------------------
Method                        Answer      Votes  Confidence  Correct
----------------------------------------------------------------------
majority                      \dfrac{16}{5} 16     -           ✓
mean_confidence_weighted      \dfrac{16}{5} 16     15.076      ✓
tail_confidence_weighted      \dfrac{16}{5} 16     18.352      ✓
bottom_window_weighted        \dfrac{16}{5} 16     12.878      ✓
min_window_weighted           \dfrac{16}{5} 16     12.045      ✓
top10_tail_filtered           \dfrac{16}{5} 2      19.051      ✓
top10_bottom_window_filtered  \dfrac{16}{5} 2      13.270      ✓
Q230 done | gt=\frac{16}{5} | majority:✓, mean_confidence_weighted:✓, tail_confidence_weighted:✓, bottom_window_weighted:✓, min_window_weighted:✓, top10_tail_filtered:✓, top10_bottom_window_filtered:✓
tokens=231005

============================================================
### Q231
============================================================
Ground truth: 10
Trace 0: finished at 1094 tokens | answer=10
Trace 1: finished at 1402 tokens | answer=10
Trace 2: finished at 2042 tokens | answer=10
Trace 3: finished at 1606 tokens | answer=10
Trace 4: finished at 1798 tokens | answer=10
Trace 5: finished at 1330 tokens | answer=10
Trace 6: finished at 1797 tokens | answer=10
Trace 7: finished at 1270 tokens | answer=10
Trace 8: finished at 1750 tokens | answer=10
Trace 9: finished at 1464 tokens | answer=10
Trace 10: finished at 1462 tokens | answer=10
Trace 11: finished at 1042 tokens | answer=10
Trace 12: finished at 1465 tokens | answer=10
Trace 13: finished at 1529 tokens | answer=10
Trace 14: finished at 1342 tokens | answer=10
Trace 15: finished at 1719 tokens | answer=10

=== Voting Results Summary ===
  majority: 10 [16 votes]
  mean_confidence_weighted: 10 (conf: 14.358) [16 votes]
  tail_confidence_weighted: 10 (conf: 14.824) [16 votes]
  bottom_window_weighted: 10 (conf: 12.759) [16 votes]
  min_window_weighted: 10 (conf: 12.581) [16 votes]
  top10_tail_filtered: 10 (conf: 15.855) [2 votes]
  top10_bottom_window_filtered: 10 (conf: 13.754) [2 votes]

=== Detailed Voting Results ===
----------------------------------------------------------------------
Method                        Answer      Votes  Confidence  Correct
----------------------------------------------------------------------
majority                      10          16     -           ✓
mean_confidence_weighted      10          16     14.358      ✓
tail_confidence_weighted      10          16     14.824      ✓
bottom_window_weighted        10          16     12.759      ✓
min_window_weighted           10          16     12.581      ✓
top10_tail_filtered           10          2      15.855      ✓
top10_bottom_window_filtered  10          2      13.754      ✓
Q231 done | gt=10 | majority:✓, mean_confidence_weighted:✓, tail_confidence_weighted:✓, bottom_window_weighted:✓, min_window_weighted:✓, top10_tail_filtered:✓, top10_bottom_window_filtered:✓
tokens=24112

============================================================
### Q232
============================================================
Ground truth: \frac{1997}{2}
Trace 0: finished at 7039 tokens | answer=\dfrac{1997}{2}
Trace 1: finished at 7146 tokens | answer=\dfrac{1997}{2}
Trace 2: finished at 8483 tokens | answer=\dfrac{1997}{2}
Trace 3: finished at 9312 tokens | answer=\dfrac{1997}{2}
Trace 4: finished at 6118 tokens | answer=\dfrac{1997}{2}
Trace 5: finished at 7882 tokens | answer=\dfrac{1997}{2}
Trace 6: finished at 8514 tokens | answer=\dfrac{1997}{2}
Trace 7: finished at 7478 tokens | answer=\dfrac{1997}{2}
Trace 8: finished at 11190 tokens | answer=\dfrac{1997}{2}
Trace 9: finished at 7789 tokens | answer=\dfrac{1997}{2}
Trace 10: finished at 10322 tokens | answer=\dfrac{1997}{2}
Trace 11: finished at 7926 tokens | answer=\dfrac{1997}{2}
Trace 12: finished at 7912 tokens | answer=\dfrac{1997}{2}
Trace 13: finished at 7933 tokens | answer=\dfrac{1997}{2}
Trace 14: finished at 6354 tokens | answer=\dfrac{1997}{2}
Trace 15: finished at 11678 tokens | answer=\dfrac{1997}{2}

=== Voting Results Summary ===
  majority: \dfrac{1997}{2} [16 votes]
  mean_confidence_weighted: \dfrac{1997}{2} (conf: 15.607) [16 votes]
  tail_confidence_weighted: \dfrac{1997}{2} (conf: 17.650) [16 votes]
  bottom_window_weighted: \dfrac{1997}{2} (conf: 13.595) [16 votes]
  min_window_weighted: \dfrac{1997}{2} (conf: 12.880) [16 votes]
  top10_tail_filtered: \dfrac{1997}{2} (conf: 18.315) [2 votes]
  top10_bottom_window_filtered: \dfrac{1997}{2} (conf: 14.184) [2 votes]

=== Detailed Voting Results ===
----------------------------------------------------------------------
Method                        Answer      Votes  Confidence  Correct
----------------------------------------------------------------------
majority                      \dfrac{1997}{2} 16     -           ✓
mean_confidence_weighted      \dfrac{1997}{2} 16     15.607      ✓
tail_confidence_weighted      \dfrac{1997}{2} 16     17.650      ✓
bottom_window_weighted        \dfrac{1997}{2} 16     13.595      ✓
min_window_weighted           \dfrac{1997}{2} 16     12.880      ✓
top10_tail_filtered           \dfrac{1997}{2} 2      18.315      ✓
top10_bottom_window_filtered  \dfrac{1997}{2} 2      14.184      ✓
Q232 done | gt=\frac{1997}{2} | majority:✓, mean_confidence_weighted:✓, tail_confidence_weighted:✓, bottom_window_weighted:✓, min_window_weighted:✓, top10_tail_filtered:✓, top10_bottom_window_filtered:✓
tokens=133076

============================================================
### Q233
============================================================
Ground truth: 30^\circ
Trace 0: finished at 20439 tokens | answer=30
Trace 1: finished at 24873 tokens | answer=30
Trace 2: finished at 23102 tokens | answer=30
Trace 3: finished at 27323 tokens | answer=30
Trace 4: finished at 16624 tokens | answer=30
Trace 5: finished at 15464 tokens | answer=30
Trace 6: finished at 17756 tokens | answer=30
Trace 7: finished at 20025 tokens | answer=30
Trace 8: finished at 19980 tokens | answer=30
Trace 9: finished at 16848 tokens | answer=30
Trace 10: finished at 29912 tokens | answer=30
Trace 11: finished at 13202 tokens | answer=30
Trace 12: finished at 15563 tokens | answer=30
Trace 13: finished at 20908 tokens | answer=30
Trace 14: finished at 26789 tokens | answer=30
Trace 15: finished at 18701 tokens | answer=30

=== Voting Results Summary ===
  majority: 30 [16 votes]
  mean_confidence_weighted: 30 (conf: 15.426) [16 votes]
  tail_confidence_weighted: 30 (conf: 17.770) [16 votes]
  bottom_window_weighted: 30 (conf: 12.874) [16 votes]
  min_window_weighted: 30 (conf: 11.996) [16 votes]
  top10_tail_filtered: 30 (conf: 19.278) [2 votes]
  top10_bottom_window_filtered: 30 (conf: 13.280) [2 votes]

=== Detailed Voting Results ===
----------------------------------------------------------------------
Method                        Answer      Votes  Confidence  Correct
----------------------------------------------------------------------
majority                      30          16     -           ✗
mean_confidence_weighted      30          16     15.426      ✗
tail_confidence_weighted      30          16     17.770      ✗
bottom_window_weighted        30          16     12.874      ✗
min_window_weighted           30          16     11.996      ✗
top10_tail_filtered           30          2      19.278      ✗
top10_bottom_window_filtered  30          2      13.280      ✗
Q233 done | gt=30^\circ | majority:✗, mean_confidence_weighted:✗, tail_confidence_weighted:✗, bottom_window_weighted:✗, min_window_weighted:✗, top10_tail_filtered:✗, top10_bottom_window_filtered:✗
tokens=327509

============================================================
### Q234
============================================================
Ground truth: 34
Trace 0: finished at 3846 tokens | answer=34
Trace 1: finished at 5627 tokens | answer=34
Trace 2: finished at 4104 tokens | answer=34
Trace 3: finished at 2343 tokens | answer=34
Trace 4: finished at 4073 tokens | answer=34
Trace 5: finished at 3313 tokens | answer=34
Trace 6: finished at 2981 tokens | answer=34
Trace 7: finished at 3558 tokens | answer=34
Trace 8: finished at 3333 tokens | answer=34
Trace 9: finished at 3672 tokens | answer=34
Trace 10: finished at 3538 tokens | answer=34
Trace 11: finished at 4898 tokens | answer=34
Trace 12: finished at 3221 tokens | answer=34
Trace 13: finished at 3601 tokens | answer=34
Trace 14: finished at 4107 tokens | answer=34
Trace 15: finished at 3532 tokens | answer=34

=== Voting Results Summary ===
  majority: 34 [16 votes]
  mean_confidence_weighted: 34 (conf: 16.407) [16 votes]
  tail_confidence_weighted: 34 (conf: 17.862) [16 votes]
  bottom_window_weighted: 34 (conf: 13.604) [16 votes]
  min_window_weighted: 34 (conf: 12.946) [16 votes]
  top10_tail_filtered: 34 (conf: 18.856) [2 votes]
  top10_bottom_window_filtered: 34 (conf: 14.491) [2 votes]

=== Detailed Voting Results ===
----------------------------------------------------------------------
Method                        Answer      Votes  Confidence  Correct
----------------------------------------------------------------------
majority                      34          16     -           ✓
mean_confidence_weighted      34          16     16.407      ✓
tail_confidence_weighted      34          16     17.862      ✓
bottom_window_weighted        34          16     13.604      ✓
min_window_weighted           34          16     12.946      ✓
top10_tail_filtered           34          2      18.856      ✓
top10_bottom_window_filtered  34          2      14.491      ✓
Q234 done | gt=34 | majority:✓, mean_confidence_weighted:✓, tail_confidence_weighted:✓, bottom_window_weighted:✓, min_window_weighted:✓, top10_tail_filtered:✓, top10_bottom_window_filtered:✓
tokens=59747

============================================================
### Q235
============================================================
Ground truth: \frac 59
Trace 0: finished at 2109 tokens | answer=\dfrac{5}{9}
Trace 1: finished at 2612 tokens | answer=\dfrac{5}{9}
Trace 2: finished at 1544 tokens | answer=\dfrac{5}{9}
Trace 3: finished at 1667 tokens | answer=\dfrac{5}{9}
Trace 4: finished at 2316 tokens | answer=\dfrac{5}{9}
Trace 5: finished at 1100 tokens | answer=\dfrac{5}{9}
Trace 6: finished at 4128 tokens | answer=\dfrac{5}{9}
Trace 7: finished at 1360 tokens | answer=\dfrac{5}{9}
Trace 8: finished at 2405 tokens | answer=\dfrac{5}{9}
Trace 9: finished at 2547 tokens | answer=\dfrac{5}{9}
Trace 10: finished at 2528 tokens | answer=\dfrac{5}{9}
Trace 11: finished at 3489 tokens | answer=\dfrac{5}{9}
Trace 12: finished at 1390 tokens | answer=\dfrac{5}{9}
Trace 13: finished at 2208 tokens | answer=\dfrac{5}{9}
Trace 14: finished at 1539 tokens | answer=\dfrac{5}{9}
Trace 15: finished at 2029 tokens | answer=\dfrac{5}{9}

=== Voting Results Summary ===
  majority: \dfrac{5}{9} [16 votes]
  mean_confidence_weighted: \dfrac{5}{9} (conf: 15.855) [16 votes]
  tail_confidence_weighted: \dfrac{5}{9} (conf: 17.669) [16 votes]
  bottom_window_weighted: \dfrac{5}{9} (conf: 13.623) [16 votes]
  min_window_weighted: \dfrac{5}{9} (conf: 13.122) [16 votes]
  top10_tail_filtered: \dfrac{5}{9} (conf: 18.234) [2 votes]
  top10_bottom_window_filtered: \dfrac{5}{9} (conf: 15.007) [2 votes]

=== Detailed Voting Results ===
----------------------------------------------------------------------
Method                        Answer      Votes  Confidence  Correct
----------------------------------------------------------------------
majority                      \dfrac{5}{9} 16     -           ✗
mean_confidence_weighted      \dfrac{5}{9} 16     15.855      ✗
tail_confidence_weighted      \dfrac{5}{9} 16     17.669      ✗
bottom_window_weighted        \dfrac{5}{9} 16     13.623      ✗
min_window_weighted           \dfrac{5}{9} 16     13.122      ✗
top10_tail_filtered           \dfrac{5}{9} 2      18.234      ✗
top10_bottom_window_filtered  \dfrac{5}{9} 2      15.007      ✗
Q235 done | gt=\frac 59 | majority:✗, mean_confidence_weighted:✗, tail_confidence_weighted:✗, bottom_window_weighted:✗, min_window_weighted:✗, top10_tail_filtered:✗, top10_bottom_window_filtered:✗
tokens=34971

============================================================
### Q236
============================================================
Ground truth: 12
Trace 0: finished at 15017 tokens | answer=12
Trace 1: finished at 12396 tokens | answer=12
Trace 2: finished at 10403 tokens | answer=12
Trace 3: finished at 21265 tokens | answer=12
Trace 4: finished at 10193 tokens | answer=12
Trace 5: finished at 18261 tokens | answer=12
Trace 6: finished at 20188 tokens | answer=12
Trace 7: finished at 14028 tokens | answer=12
Trace 8: finished at 28503 tokens | answer=12
Trace 9: finished at 17790 tokens | answer=12
Trace 10: finished at 15319 tokens | answer=12
Trace 11: finished at 16823 tokens | answer=12
Trace 12: finished at 24607 tokens | answer=12
Trace 13: finished at 15648 tokens | answer=12
Trace 14: finished at 20324 tokens | answer=12
Trace 15: finished at 11946 tokens | answer=12

=== Voting Results Summary ===
  majority: 12 [16 votes]
  mean_confidence_weighted: 12 (conf: 16.329) [16 votes]
  tail_confidence_weighted: 12 (conf: 16.707) [16 votes]
  bottom_window_weighted: 12 (conf: 14.079) [16 votes]
  min_window_weighted: 12 (conf: 12.831) [16 votes]
  top10_tail_filtered: 12 (conf: 17.924) [2 votes]
  top10_bottom_window_filtered: 12 (conf: 14.812) [2 votes]

=== Detailed Voting Results ===
----------------------------------------------------------------------
Method                        Answer      Votes  Confidence  Correct
----------------------------------------------------------------------
majority                      12          16     -           ✓
mean_confidence_weighted      12          16     16.329      ✓
tail_confidence_weighted      12          16     16.707      ✓
bottom_window_weighted        12          16     14.079      ✓
min_window_weighted           12          16     12.831      ✓
top10_tail_filtered           12          2      17.924      ✓
top10_bottom_window_filtered  12          2      14.812      ✓
Q236 done | gt=12 | majority:✓, mean_confidence_weighted:✓, tail_confidence_weighted:✓, bottom_window_weighted:✓, min_window_weighted:✓, top10_tail_filtered:✓, top10_bottom_window_filtered:✓
tokens=272711

============================================================
### Q237
============================================================
Ground truth: 22
Trace 0: finished at 2622 tokens | answer=22
Trace 1: finished at 2308 tokens | answer=22
Trace 2: finished at 2822 tokens | answer=22
Trace 3: finished at 2059 tokens | answer=22
Trace 4: finished at 4232 tokens | answer=22
Trace 5: finished at 3255 tokens | answer=22
Trace 6: finished at 2459 tokens | answer=22
Trace 7: finished at 1769 tokens | answer=22
Trace 8: finished at 2475 tokens | answer=22
Trace 9: finished at 1954 tokens | answer=22
Trace 10: finished at 2315 tokens | answer=22
Trace 11: finished at 2633 tokens | answer=22
Trace 12: finished at 2663 tokens | answer=22
Trace 13: finished at 2156 tokens | answer=22
Trace 14: finished at 2334 tokens | answer=22
Trace 15: finished at 1995 tokens | answer=22

=== Voting Results Summary ===
  majority: 22 [16 votes]
  mean_confidence_weighted: 22 (conf: 15.598) [16 votes]
  tail_confidence_weighted: 22 (conf: 17.840) [16 votes]
  bottom_window_weighted: 22 (conf: 13.393) [16 votes]
  min_window_weighted: 22 (conf: 12.914) [16 votes]
  top10_tail_filtered: 22 (conf: 18.703) [2 votes]
  top10_bottom_window_filtered: 22 (conf: 14.384) [2 votes]

=== Detailed Voting Results ===
----------------------------------------------------------------------
Method                        Answer      Votes  Confidence  Correct
----------------------------------------------------------------------
majority                      22          16     -           ✓
mean_confidence_weighted      22          16     15.598      ✓
tail_confidence_weighted      22          16     17.840      ✓
bottom_window_weighted        22          16     13.393      ✓
min_window_weighted           22          16     12.914      ✓
top10_tail_filtered           22          2      18.703      ✓
top10_bottom_window_filtered  22          2      14.384      ✓
Q237 done | gt=22 | majority:✓, mean_confidence_weighted:✓, tail_confidence_weighted:✓, bottom_window_weighted:✓, min_window_weighted:✓, top10_tail_filtered:✓, top10_bottom_window_filtered:✓
tokens=40051

============================================================
### Q238
============================================================
Ground truth: -4
Trace 0: finished at 7216 tokens | answer=-4
Trace 1: finished at 5540 tokens | answer=-4
Trace 2: finished at 5342 tokens | answer=-4
Trace 3: finished at 4537 tokens | answer=-4
Trace 4: finished at 6487 tokens | answer=-4
Trace 5: finished at 6998 tokens | answer=-4
Trace 6: finished at 7640 tokens | answer=-4
Trace 7: finished at 6253 tokens | answer=-4
Trace 8: finished at 7985 tokens | answer=-4
Trace 9: finished at 7882 tokens | answer=-4
Trace 10: finished at 5460 tokens | answer=-4
Trace 11: finished at 5429 tokens | answer=-4
Trace 12: finished at 5248 tokens | answer=-4
Trace 13: finished at 9034 tokens | answer=-4
Trace 14: finished at 4360 tokens | answer=-4
Trace 15: finished at 5083 tokens | answer=-4

=== Voting Results Summary ===
  majority: -4 [16 votes]
  mean_confidence_weighted: -4 (conf: 14.866) [16 votes]
  tail_confidence_weighted: -4 (conf: 17.464) [16 votes]
  bottom_window_weighted: -4 (conf: 12.812) [16 votes]
  min_window_weighted: -4 (conf: 12.249) [16 votes]
  top10_tail_filtered: -4 (conf: 18.016) [2 votes]
  top10_bottom_window_filtered: -4 (conf: 13.287) [2 votes]

=== Detailed Voting Results ===
----------------------------------------------------------------------
Method                        Answer      Votes  Confidence  Correct
----------------------------------------------------------------------
majority                      -4          16     -           ✓
mean_confidence_weighted      -4          16     14.866      ✓
tail_confidence_weighted      -4          16     17.464      ✓
bottom_window_weighted        -4          16     12.812      ✓
min_window_weighted           -4          16     12.249      ✓
top10_tail_filtered           -4          2      18.016      ✓
top10_bottom_window_filtered  -4          2      13.287      ✓
Q238 done | gt=-4 | majority:✓, mean_confidence_weighted:✓, tail_confidence_weighted:✓, bottom_window_weighted:✓, min_window_weighted:✓, top10_tail_filtered:✓, top10_bottom_window_filtered:✓
tokens=100494

============================================================
### Q239
============================================================
Ground truth: 16
Trace 0: finished at 28127 tokens | answer=16
Trace 1: finished at 22936 tokens | answer=16
Trace 2: finished at 32647 tokens | answer=16
Trace 3: finished at 22832 tokens | answer=30
Trace 4: finished at 23137 tokens | answer=16
Trace 5: finished at 26416 tokens | answer=16
Trace 6: finished at 29516 tokens | answer=16
Trace 7: finished at 26923 tokens | answer=16
Trace 8: finished at 30517 tokens | answer=16
Trace 9: finished at 26387 tokens | answer=16
Trace 10: finished at 24658 tokens | answer=16
Trace 11: finished at 25773 tokens | answer=16
Trace 12: finished at 28778 tokens | answer=16
Trace 13: finished at 37264 tokens | answer=16
Trace 14: finished at 26707 tokens | answer=16
Trace 15: finished at 20902 tokens | answer=16

=== Voting Results Summary ===
  majority: 16 [16 votes]
  mean_confidence_weighted: 16 (conf: 15.431) [16 votes]
  tail_confidence_weighted: 16 (conf: 16.896) [16 votes]
  bottom_window_weighted: 16 (conf: 13.275) [16 votes]
  min_window_weighted: 16 (conf: 12.165) [16 votes]
  top10_tail_filtered: 16 (conf: 17.382) [2 votes]
  top10_bottom_window_filtered: 16 (conf: 13.761) [2 votes]

=== Detailed Voting Results ===
----------------------------------------------------------------------
Method                        Answer      Votes  Confidence  Correct
----------------------------------------------------------------------
majority                      16          16     -           ✓
mean_confidence_weighted      16          16     15.431      ✓
tail_confidence_weighted      16          16     16.896      ✓
bottom_window_weighted        16          16     13.275      ✓
min_window_weighted           16          16     12.165      ✓
top10_tail_filtered           16          2      17.382      ✓
top10_bottom_window_filtered  16          2      13.761      ✓
Q239 done | gt=16 | majority:✓, mean_confidence_weighted:✓, tail_confidence_weighted:✓, bottom_window_weighted:✓, min_window_weighted:✓, top10_tail_filtered:✓, top10_bottom_window_filtered:✓
tokens=433520

============================================================
### Q240
============================================================
Ground truth: 116
Trace 0: finished at 30386 tokens | answer=52
Trace 1: finished at 28118 tokens | answer=58
Trace 2: finished at 28290 tokens | answer=154
Trace 3: finished at 20680 tokens | answer=58
Trace 4: finished at 20315 tokens | answer=116
Trace 5: finished at 26352 tokens | answer=154
Trace 6: finished at 24407 tokens | answer=116
Trace 7: finished at 29448 tokens | answer=154
Trace 8: finished at 22792 tokens | answer=116
Trace 9: finished at 19087 tokens | answer=154
Trace 10: finished at 29241 tokens | answer=154
Trace 11: finished at 21216 tokens | answer=154
Trace 12: finished at 17742 tokens | answer=154
Trace 13: finished at 30256 tokens | answer=64
Trace 14: finished at 39659 tokens | answer=116
Trace 15: finished at 28230 tokens | answer=154

=== Voting Results Summary ===
  majority: 154 [16 votes]
  mean_confidence_weighted: 154 (conf: 13.611) [16 votes]
  tail_confidence_weighted: 154 (conf: 15.770) [16 votes]
  bottom_window_weighted: 154 (conf: 12.176) [16 votes]
  min_window_weighted: 154 (conf: 11.420) [16 votes]
  top10_tail_filtered: 154 (conf: 17.743) [2 votes]
  top10_bottom_window_filtered: 58 (conf: 12.421) [2 votes]

=== Detailed Voting Results ===
----------------------------------------------------------------------
Method                        Answer      Votes  Confidence  Correct
----------------------------------------------------------------------
majority                      154         16     -           ✗
mean_confidence_weighted      154         16     13.611      ✗
tail_confidence_weighted      154         16     15.770      ✗
bottom_window_weighted        154         16     12.176      ✗
min_window_weighted           154         16     11.420      ✗
top10_tail_filtered           154         2      17.743      ✗
top10_bottom_window_filtered  58          2      12.421      ✗
Q240 done | gt=116 | majority:✗, mean_confidence_weighted:✗, tail_confidence_weighted:✗, bottom_window_weighted:✗, min_window_weighted:✗, top10_tail_filtered:✗, top10_bottom_window_filtered:✗
tokens=416219

============================================================
### Q241
============================================================
Ground truth: 17
Trace 0: finished at 9494 tokens | answer=17
Trace 1: finished at 7456 tokens | answer=17
Trace 2: finished at 6538 tokens | answer=17
Trace 3: finished at 8628 tokens | answer=17
Trace 4: finished at 6405 tokens | answer=17
Trace 5: finished at 7743 tokens | answer=17
Trace 6: finished at 5249 tokens | answer=17
Trace 7: finished at 5572 tokens | answer=17
Trace 8: finished at 5863 tokens | answer=17
Trace 9: finished at 3664 tokens | answer=17
Trace 10: finished at 6334 tokens | answer=17
Trace 11: finished at 5677 tokens | answer=17
Trace 12: finished at 5909 tokens | answer=17
Trace 13: finished at 6815 tokens | answer=17
Trace 14: finished at 9749 tokens | answer=17
Trace 15: finished at 4055 tokens | answer=17

=== Voting Results Summary ===
  majority: 17 [16 votes]
  mean_confidence_weighted: 17 (conf: 15.914) [16 votes]
  tail_confidence_weighted: 17 (conf: 17.368) [16 votes]
  bottom_window_weighted: 17 (conf: 13.660) [16 votes]
  min_window_weighted: 17 (conf: 12.866) [16 votes]
  top10_tail_filtered: 17 (conf: 18.370) [2 votes]
  top10_bottom_window_filtered: 17 (conf: 14.908) [2 votes]

=== Detailed Voting Results ===
----------------------------------------------------------------------
Method                        Answer      Votes  Confidence  Correct
----------------------------------------------------------------------
majority                      17          16     -           ✓
mean_confidence_weighted      17          16     15.914      ✓
tail_confidence_weighted      17          16     17.368      ✓
bottom_window_weighted        17          16     13.660      ✓
min_window_weighted           17          16     12.866      ✓
top10_tail_filtered           17          2      18.370      ✓
top10_bottom_window_filtered  17          2      14.908      ✓
Q241 done | gt=17 | majority:✓, mean_confidence_weighted:✓, tail_confidence_weighted:✓, bottom_window_weighted:✓, min_window_weighted:✓, top10_tail_filtered:✓, top10_bottom_window_filtered:✓
tokens=105151

============================================================
### Q242
============================================================
Ground truth: \$32,\!348
Trace 0: finished at 11937 tokens | answer=32348
Trace 1: finished at 19490 tokens | answer=32348
Trace 2: finished at 26743 tokens | answer=32348
Trace 3: finished at 21201 tokens | answer=32348
Trace 4: finished at 19505 tokens | answer=32348
Trace 5: finished at 32700 tokens | answer=32348
Trace 6: finished at 27825 tokens | answer=32348
Trace 7: finished at 18683 tokens | answer=32348
Trace 8: finished at 14393 tokens | answer=32348
Trace 9: finished at 26524 tokens | answer=32348
Trace 10: finished at 22958 tokens | answer=32348
Trace 11: finished at 16661 tokens | answer=32348
Trace 12: finished at 17235 tokens | answer=32348
Trace 13: finished at 34060 tokens | answer=32348
Trace 14: finished at 19767 tokens | answer=32348
Trace 15: finished at 22607 tokens | answer=32348

=== Voting Results Summary ===
  majority: 32348 [16 votes]
  mean_confidence_weighted: 32348 (conf: 15.616) [16 votes]
  tail_confidence_weighted: 32348 (conf: 18.174) [16 votes]
  bottom_window_weighted: 32348 (conf: 13.499) [16 votes]
  min_window_weighted: 32348 (conf: 12.150) [16 votes]
  top10_tail_filtered: 32348 (conf: 18.972) [2 votes]
  top10_bottom_window_filtered: 32348 (conf: 14.091) [2 votes]

=== Detailed Voting Results ===
----------------------------------------------------------------------
Method                        Answer      Votes  Confidence  Correct
----------------------------------------------------------------------
majority                      32348       16     -           ✗
mean_confidence_weighted      32348       16     15.616      ✗
tail_confidence_weighted      32348       16     18.174      ✗
bottom_window_weighted        32348       16     13.499      ✗
min_window_weighted           32348       16     12.150      ✗
top10_tail_filtered           32348       2      18.972      ✗
top10_bottom_window_filtered  32348       2      14.091      ✗
Q242 done | gt=\$32,\!348 | majority:✗, mean_confidence_weighted:✗, tail_confidence_weighted:✗, bottom_window_weighted:✗, min_window_weighted:✗, top10_tail_filtered:✗, top10_bottom_window_filtered:✗
tokens=352289

============================================================
### Q243
============================================================
Ground truth: 3
Trace 0: finished at 2546 tokens | answer=3
Trace 1: finished at 2731 tokens | answer=3
Trace 2: finished at 2752 tokens | answer=3
Trace 3: finished at 6723 tokens | answer=3
Trace 4: finished at 3197 tokens | answer=3
Trace 5: finished at 2668 tokens | answer=3
Trace 6: finished at 4481 tokens | answer=3
Trace 7: finished at 5057 tokens | answer=3
Trace 8: finished at 3147 tokens | answer=3
Trace 9: finished at 5228 tokens | answer=3
Trace 10: finished at 3339 tokens | answer=3
Trace 11: finished at 1912 tokens | answer=3
Trace 12: finished at 4708 tokens | answer=3
Trace 13: finished at 2503 tokens | answer=3
Trace 14: finished at 4839 tokens | answer=3
Trace 15: finished at 3584 tokens | answer=3

=== Voting Results Summary ===
  majority: 3 [16 votes]
  mean_confidence_weighted: 3 (conf: 13.693) [16 votes]
  tail_confidence_weighted: 3 (conf: 17.392) [16 votes]
  bottom_window_weighted: 3 (conf: 12.020) [16 votes]
  min_window_weighted: 3 (conf: 11.578) [16 votes]
  top10_tail_filtered: 3 (conf: 17.928) [2 votes]
  top10_bottom_window_filtered: 3 (conf: 12.428) [2 votes]

=== Detailed Voting Results ===
----------------------------------------------------------------------
Method                        Answer      Votes  Confidence  Correct
----------------------------------------------------------------------
majority                      3           16     -           ✓
mean_confidence_weighted      3           16     13.693      ✓
tail_confidence_weighted      3           16     17.392      ✓
bottom_window_weighted        3           16     12.020      ✓
min_window_weighted           3           16     11.578      ✓
top10_tail_filtered           3           2      17.928      ✓
top10_bottom_window_filtered  3           2      12.428      ✓
Q243 done | gt=3 | majority:✓, mean_confidence_weighted:✓, tail_confidence_weighted:✓, bottom_window_weighted:✓, min_window_weighted:✓, top10_tail_filtered:✓, top10_bottom_window_filtered:✓
tokens=59415

============================================================
### Q244
============================================================
Ground truth: 8
Trace 0: finished at 5123 tokens | answer=8
Trace 1: finished at 6314 tokens | answer=8
Trace 2: finished at 7023 tokens | answer=8
Trace 3: finished at 7642 tokens | answer=8
Trace 4: finished at 9783 tokens | answer=8
Trace 5: finished at 8331 tokens | answer=8
Trace 6: finished at 8712 tokens | answer=8
Trace 7: finished at 7149 tokens | answer=8
Trace 8: finished at 11689 tokens | answer=8
Trace 9: finished at 6996 tokens | answer=8
Trace 10: finished at 13888 tokens | answer=8
Trace 11: finished at 4776 tokens | answer=8
Trace 12: finished at 9318 tokens | answer=8
Trace 13: finished at 23754 tokens | answer=8
Trace 14: finished at 12159 tokens | answer=8
Trace 15: finished at 10187 tokens | answer=8

=== Voting Results Summary ===
  majority: 8 [16 votes]
  mean_confidence_weighted: 8 (conf: 15.091) [16 votes]
  tail_confidence_weighted: 8 (conf: 17.560) [16 votes]
  bottom_window_weighted: 8 (conf: 12.927) [16 votes]
  min_window_weighted: 8 (conf: 12.117) [16 votes]
  top10_tail_filtered: 8 (conf: 18.301) [2 votes]
  top10_bottom_window_filtered: 8 (conf: 13.494) [2 votes]

=== Detailed Voting Results ===
----------------------------------------------------------------------
Method                        Answer      Votes  Confidence  Correct
----------------------------------------------------------------------
majority                      8           16     -           ✓
mean_confidence_weighted      8           16     15.091      ✓
tail_confidence_weighted      8           16     17.560      ✓
bottom_window_weighted        8           16     12.927      ✓
min_window_weighted           8           16     12.117      ✓
top10_tail_filtered           8           2      18.301      ✓
top10_bottom_window_filtered  8           2      13.494      ✓
Q244 done | gt=8 | majority:✓, mean_confidence_weighted:✓, tail_confidence_weighted:✓, bottom_window_weighted:✓, min_window_weighted:✓, top10_tail_filtered:✓, top10_bottom_window_filtered:✓
tokens=152844

============================================================
### Q245
============================================================
Ground truth: -13x+3
Trace 0: finished at 3634 tokens | answer=-13x+3
Trace 1: finished at 3807 tokens | answer=-13x+3
Trace 2: finished at 3725 tokens | answer=-13x+3
Trace 3: finished at 4083 tokens | answer=3-13x
Trace 4: finished at 9258 tokens | answer=-13x+3
Trace 5: finished at 4538 tokens | answer=3-13x
Trace 6: finished at 5408 tokens | answer=-13x+3
Trace 7: finished at 4455 tokens | answer=-13x+3
Trace 8: finished at 6354 tokens | answer=-13x+3
Trace 9: finished at 3746 tokens | answer=-13x+3
Trace 10: finished at 4413 tokens | answer=-13x+3
Trace 11: finished at 4753 tokens | answer=-13x+3
Trace 12: finished at 5503 tokens | answer=-13x+3
Trace 13: finished at 6251 tokens | answer=-13x+3
Trace 14: finished at 3582 tokens | answer=-13x+3
Trace 15: finished at 3863 tokens | answer=-13x+3

=== Voting Results Summary ===
  majority: -13x+3 [16 votes]
  mean_confidence_weighted: -13x+3 (conf: 16.188) [16 votes]
  tail_confidence_weighted: -13x+3 (conf: 17.550) [16 votes]
  bottom_window_weighted: -13x+3 (conf: 13.619) [16 votes]
  min_window_weighted: -13x+3 (conf: 12.944) [16 votes]
  top10_tail_filtered: -13x+3 (conf: 18.040) [2 votes]
  top10_bottom_window_filtered: -13x+3 (conf: 14.704) [2 votes]

=== Detailed Voting Results ===
----------------------------------------------------------------------
Method                        Answer      Votes  Confidence  Correct
----------------------------------------------------------------------
majority                      -13x+3      16     -           ✓
mean_confidence_weighted      -13x+3      16     16.188      ✓
tail_confidence_weighted      -13x+3      16     17.550      ✓
bottom_window_weighted        -13x+3      16     13.619      ✓
min_window_weighted           -13x+3      16     12.944      ✓
top10_tail_filtered           -13x+3      2      18.040      ✓
top10_bottom_window_filtered  -13x+3      2      14.704      ✓
Q245 done | gt=-13x+3 | majority:✓, mean_confidence_weighted:✓, tail_confidence_weighted:✓, bottom_window_weighted:✓, min_window_weighted:✓, top10_tail_filtered:✓, top10_bottom_window_filtered:✓
tokens=77373

============================================================
### Q246
============================================================
Ground truth: 8
Trace 0: finished at 3986 tokens | answer=8
Trace 1: finished at 4689 tokens | answer=8
Trace 2: finished at 3937 tokens | answer=8
Trace 3: finished at 3243 tokens | answer=8
Trace 4: finished at 3106 tokens | answer=8
Trace 5: finished at 3601 tokens | answer=8
Trace 6: finished at 2942 tokens | answer=8
Trace 7: finished at 3044 tokens | answer=8
Trace 8: finished at 2973 tokens | answer=8
Trace 9: finished at 2510 tokens | answer=8
Trace 10: finished at 7024 tokens | answer=8
Trace 11: finished at 3800 tokens | answer=8
Trace 12: finished at 4044 tokens | answer=8
Trace 13: finished at 3865 tokens | answer=8
Trace 14: finished at 3333 tokens | answer=8
Trace 15: finished at 3614 tokens | answer=8

=== Voting Results Summary ===
  majority: 8 [16 votes]
  mean_confidence_weighted: 8 (conf: 11.194) [16 votes]
  tail_confidence_weighted: 8 (conf: 13.693) [16 votes]
  bottom_window_weighted: 8 (conf: 9.945) [16 votes]
  min_window_weighted: 8 (conf: 9.568) [16 votes]
  top10_tail_filtered: 8 (conf: 14.925) [2 votes]
  top10_bottom_window_filtered: 8 (conf: 10.602) [2 votes]

=== Detailed Voting Results ===
----------------------------------------------------------------------
Method                        Answer      Votes  Confidence  Correct
----------------------------------------------------------------------
majority                      8           16     -           ✓
mean_confidence_weighted      8           16     11.194      ✓
tail_confidence_weighted      8           16     13.693      ✓
bottom_window_weighted        8           16     9.945       ✓
min_window_weighted           8           16     9.568       ✓
top10_tail_filtered           8           2      14.925      ✓
top10_bottom_window_filtered  8           2      10.602      ✓
Q246 done | gt=8 | majority:✓, mean_confidence_weighted:✓, tail_confidence_weighted:✓, bottom_window_weighted:✓, min_window_weighted:✓, top10_tail_filtered:✓, top10_bottom_window_filtered:✓
tokens=59711

============================================================
### Q247
============================================================
Ground truth: \frac{10}{11}
Trace 0: finished at 5098 tokens | answer=\dfrac{10}{11}
Trace 1: finished at 2994 tokens | answer=\dfrac{10}{11}
Trace 2: finished at 4927 tokens | answer=\dfrac{10}{11}
Trace 3: finished at 5716 tokens | answer=\dfrac{10}{11}
Trace 4: finished at 3915 tokens | answer=\dfrac{10}{11}
Trace 5: finished at 3654 tokens | answer=\dfrac{10}{11}
Trace 6: finished at 4263 tokens | answer=\dfrac{10}{11}
Trace 7: finished at 5263 tokens | answer=\dfrac{10}{11}
Trace 8: finished at 4947 tokens | answer=\dfrac{10}{11}
Trace 9: finished at 4558 tokens | answer=\dfrac{10}{11}
Trace 10: finished at 3016 tokens | answer=\dfrac{10}{11}
Trace 11: finished at 3719 tokens | answer=\dfrac{10}{11}
Trace 12: finished at 4978 tokens | answer=\dfrac{10}{11}
Trace 13: finished at 3131 tokens | answer=\dfrac{10}{11}
Trace 14: finished at 4421 tokens | answer=\dfrac{10}{11}
Trace 15: finished at 3919 tokens | answer=\dfrac{10}{11}

=== Voting Results Summary ===
  majority: \dfrac{10}{11} [16 votes]
  mean_confidence_weighted: \dfrac{10}{11} (conf: 16.020) [16 votes]
  tail_confidence_weighted: \dfrac{10}{11} (conf: 17.956) [16 votes]
  bottom_window_weighted: \dfrac{10}{11} (conf: 13.711) [16 votes]
  min_window_weighted: \dfrac{10}{11} (conf: 13.141) [16 votes]
  top10_tail_filtered: \dfrac{10}{11} (conf: 18.695) [2 votes]
  top10_bottom_window_filtered: \dfrac{10}{11} (conf: 14.565) [2 votes]

=== Detailed Voting Results ===
----------------------------------------------------------------------
Method                        Answer      Votes  Confidence  Correct
----------------------------------------------------------------------
majority                      \dfrac{10}{11} 16     -           ✓
mean_confidence_weighted      \dfrac{10}{11} 16     16.020      ✓
tail_confidence_weighted      \dfrac{10}{11} 16     17.956      ✓
bottom_window_weighted        \dfrac{10}{11} 16     13.711      ✓
min_window_weighted           \dfrac{10}{11} 16     13.141      ✓
top10_tail_filtered           \dfrac{10}{11} 2      18.695      ✓
top10_bottom_window_filtered  \dfrac{10}{11} 2      14.565      ✓
Q247 done | gt=\frac{10}{11} | majority:✓, mean_confidence_weighted:✓, tail_confidence_weighted:✓, bottom_window_weighted:✓, min_window_weighted:✓, top10_tail_filtered:✓, top10_bottom_window_filtered:✓
tokens=68519

============================================================
### Q248
============================================================
Ground truth: \begin{pmatrix} -1 & 0 \\ 0 & -1 \end{pmatrix}
Trace 0: finished at 9489 tokens | answer=\begin{pmatrix} -1 & 0 \\ 0 & -1 \end{pmatrix}
Trace 1: finished at 5648 tokens | answer=\begin{pmatrix} -1 & 0 \\ 0 & -1 \end{pmatrix}
Trace 2: finished at 5179 tokens | answer=\begin{pmatrix} -1 & 0 \\ 0 & -1 \end{pmatrix}
Trace 3: finished at 4740 tokens | answer=\begin{pmatrix} -1 & 0 \\ 0 & -1 \end{pmatrix}
Trace 4: finished at 3400 tokens | answer=\begin{pmatrix} -1 & 0 \\ 0 & -1 \end{pmatrix}
Trace 5: finished at 5484 tokens | answer=\begin{pmatrix} -1 & 0 \\ 0 & -1 \end{pmatrix}
Trace 6: finished at 4298 tokens | answer=\begin{pmatrix} -1 & 0 \\ 0 & -1 \end{pmatrix}
Trace 7: finished at 3728 tokens | answer=\begin{pmatrix} -1 & 0 \\ 0 & -1 \end{pmatrix}
Trace 8: finished at 4705 tokens | answer=\begin{pmatrix} -1 & 0 \\ 0 & -1 \end{pmatrix}
Trace 9: finished at 4648 tokens | answer=\begin{pmatrix} -1 & 0 \\ 0 & -1 \end{pmatrix}
Trace 10: finished at 5130 tokens | answer=\begin{pmatrix} -1 & 0 \\ 0 & -1 \end{pmatrix}
Trace 11: finished at 4980 tokens | answer=\begin{pmatrix} -1 & 0 \\ 0 & -1 \end{pmatrix}
Trace 12: finished at 5338 tokens | answer=\begin{pmatrix} -1 & 0 \\ 0 & -1 \end{pmatrix}
Trace 13: finished at 5392 tokens | answer=\begin{pmatrix} -1 & 0 \\ 0 & -1 \end{pmatrix}
Trace 14: finished at 8037 tokens | answer=\begin{pmatrix} -1 & 0 \\ 0 & -1 \end{pmatrix}
Trace 15: finished at 4075 tokens | answer=\begin{pmatrix} -1 & 0 \\ 0 & -1 \end{pmatrix}

=== Voting Results Summary ===
  majority: \begin{pmatrix} -1 & 0 \\ 0 & -1 \end{pmatrix} [16 votes]
  mean_confidence_weighted: \begin{pmatrix} -1 & 0 \\ 0 & -1 \end{pmatrix} (conf: 16.002) [16 votes]
  tail_confidence_weighted: \begin{pmatrix} -1 & 0 \\ 0 & -1 \end{pmatrix} (conf: 18.206) [16 votes]
  bottom_window_weighted: \begin{pmatrix} -1 & 0 \\ 0 & -1 \end{pmatrix} (conf: 13.530) [16 votes]
  min_window_weighted: \begin{pmatrix} -1 & 0 \\ 0 & -1 \end{pmatrix} (conf: 12.730) [16 votes]
  top10_tail_filtered: \begin{pmatrix} -1 & 0 \\ 0 & -1 \end{pmatrix} (conf: 18.801) [2 votes]
  top10_bottom_window_filtered: \begin{pmatrix} -1 & 0 \\ 0 & -1 \end{pmatrix} (conf: 14.463) [2 votes]

=== Detailed Voting Results ===
----------------------------------------------------------------------
Method                        Answer      Votes  Confidence  Correct
----------------------------------------------------------------------
majority                      \begin{pmatrix} -1 & 0 \\ 0 & -1 \end{pmatrix} 16     -           ✓
mean_confidence_weighted      \begin{pmatrix} -1 & 0 \\ 0 & -1 \end{pmatrix} 16     16.002      ✓
tail_confidence_weighted      \begin{pmatrix} -1 & 0 \\ 0 & -1 \end{pmatrix} 16     18.206      ✓
bottom_window_weighted        \begin{pmatrix} -1 & 0 \\ 0 & -1 \end{pmatrix} 16     13.530      ✓
min_window_weighted           \begin{pmatrix} -1 & 0 \\ 0 & -1 \end{pmatrix} 16     12.730      ✓
top10_tail_filtered           \begin{pmatrix} -1 & 0 \\ 0 & -1 \end{pmatrix} 2      18.801      ✓
top10_bottom_window_filtered  \begin{pmatrix} -1 & 0 \\ 0 & -1 \end{pmatrix} 2      14.463      ✓
Q248 done | gt=\begin{pmatrix} -1 & 0 \\ 0 & -1 \end{pmatrix} | majority:✓, mean_confidence_weighted:✓, tail_confidence_weighted:✓, bottom_window_weighted:✓, min_window_weighted:✓, top10_tail_filtered:✓, top10_bottom_window_filtered:✓
tokens=84271

============================================================
### Q249
============================================================
Ground truth: 17
Trace 0: finished at 4117 tokens | answer=17
Trace 1: finished at 2248 tokens | answer=17
Trace 2: finished at 4158 tokens | answer=17
Trace 3: finished at 4427 tokens | answer=17
Trace 4: finished at 4545 tokens | answer=17
Trace 5: finished at 4960 tokens | answer=17
Trace 6: finished at 4139 tokens | answer=17
Trace 7: finished at 4664 tokens | answer=17
Trace 8: finished at 5431 tokens | answer=17
Trace 9: finished at 4770 tokens | answer=17
Trace 10: finished at 5326 tokens | answer=17
Trace 11: finished at 7769 tokens | answer=17
Trace 12: finished at 4046 tokens | answer=17
Trace 13: finished at 4031 tokens | answer=17
Trace 14: finished at 5716 tokens | answer=17
Trace 15: finished at 4707 tokens | answer=17

=== Voting Results Summary ===
  majority: 17 [16 votes]
  mean_confidence_weighted: 17 (conf: 15.514) [16 votes]
  tail_confidence_weighted: 17 (conf: 17.049) [16 votes]
  bottom_window_weighted: 17 (conf: 13.088) [16 votes]
  min_window_weighted: 17 (conf: 12.461) [16 votes]
  top10_tail_filtered: 17 (conf: 17.757) [2 votes]
  top10_bottom_window_filtered: 17 (conf: 13.543) [2 votes]

=== Detailed Voting Results ===
----------------------------------------------------------------------
Method                        Answer      Votes  Confidence  Correct
----------------------------------------------------------------------
majority                      17          16     -           ✓
mean_confidence_weighted      17          16     15.514      ✓
tail_confidence_weighted      17          16     17.049      ✓
bottom_window_weighted        17          16     13.088      ✓
min_window_weighted           17          16     12.461      ✓
top10_tail_filtered           17          2      17.757      ✓
top10_bottom_window_filtered  17          2      13.543      ✓
Q249 done | gt=17 | majority:✓, mean_confidence_weighted:✓, tail_confidence_weighted:✓, bottom_window_weighted:✓, min_window_weighted:✓, top10_tail_filtered:✓, top10_bottom_window_filtered:✓
tokens=75054

============================================================
### Q422
============================================================
Ground truth: \{1\pm\sqrt{5},-2\}
Trace 0: finished at 31706 tokens | answer=\left\{-2,\ 1+\sqrt{5},\ 1-\sqrt{5}\right\}
Trace 1: truncated at 64000 tokens | answer=None
Trace 2: finished at 25828 tokens | answer=\left\{-2,\ 1-\sqrt{5},\ 1+\sqrt{5}\right\}
Trace 3: finished at 18773 tokens | answer=\left\{-2,\ 1-\sqrt{5},\ 1+\sqrt{5}\right\}
Trace 4: finished at 18759 tokens | answer=\left\{-2,\ 1+\sqrt{5},\ 1-\sqrt{5}\right\}
Trace 5: finished at 30876 tokens | answer=\left\{-2,\ 1+\sqrt{5},\ 1-\sqrt{5}\right\}
Trace 6: finished at 31483 tokens | answer=\left\{-2,\ 1-\sqrt{5},\ 1+\sqrt{5}\right\}
Trace 7: finished at 56379 tokens | answer=\left\{0, -2\sqrt{2}, 2\sqrt{2}\right\}
Trace 8: finished at 12545 tokens | answer=\left\{-2,\ 1+\sqrt{5},\ 1-\sqrt{5}\right\}
Trace 9: finished at 50855 tokens | answer=\left\{ 2, -1 + \sqrt{5}, -1 - \sqrt{5} \right\}
Trace 10: finished at 14617 tokens | answer=\left\{-2,\ 1+\sqrt{5},\ 1-\sqrt{5}\right\}
Trace 11: finished at 54593 tokens | answer=\left\{ -\frac{5}{2}, \frac{1}{2} + \sqrt{5}, \frac{1}{2} - \sqrt{5} \right\}
Trace 12: finished at 22596 tokens | answer=\left\{-2,\ 1+\sqrt{5},\ 1-\sqrt{5}\right\}
Trace 13: finished at 30730 tokens | answer=\left\{-2,\ 1+\sqrt{5},\ 1-\sqrt{5}\right\}
Trace 14: finished at 32865 tokens | answer=\left\{0,\ -2\sqrt{2},\ 2\sqrt{2}\right\}
Trace 15: finished at 51299 tokens | answer=\{-4,\ 2+2i,\ 2-2i\}

=== Voting Results Summary ===
  majority: \left\{-2,\ 1+\sqrt{5},\ 1-\sqrt{5}\right\} [15 votes]
  mean_confidence_weighted: \left\{-2,\ 1+\sqrt{5},\ 1-\sqrt{5}\right\} (conf: 14.954) [15 votes]
  tail_confidence_weighted: \left\{-2,\ 1+\sqrt{5},\ 1-\sqrt{5}\right\} (conf: 16.135) [15 votes]
  bottom_window_weighted: \left\{-2,\ 1+\sqrt{5},\ 1-\sqrt{5}\right\} (conf: 12.346) [15 votes]
  min_window_weighted: \left\{-2,\ 1+\sqrt{5},\ 1-\sqrt{5}\right\} (conf: 11.215) [15 votes]
  top10_tail_filtered: \left\{-2,\ 1+\sqrt{5},\ 1-\sqrt{5}\right\} (conf: 18.009) [2 votes]
  top10_bottom_window_filtered: \left\{-2,\ 1+\sqrt{5},\ 1-\sqrt{5}\right\} (conf: 13.291) [2 votes]

=== Detailed Voting Results ===
----------------------------------------------------------------------
Method                        Answer      Votes  Confidence  Correct
----------------------------------------------------------------------
majority                      \left\{-2,\ 1+\sqrt{5},\ 1-\sqrt{5}\right\} 15     -           ✗
mean_confidence_weighted      \left\{-2,\ 1+\sqrt{5},\ 1-\sqrt{5}\right\} 15     14.954      ✗
tail_confidence_weighted      \left\{-2,\ 1+\sqrt{5},\ 1-\sqrt{5}\right\} 15     16.135      ✗
bottom_window_weighted        \left\{-2,\ 1+\sqrt{5},\ 1-\sqrt{5}\right\} 15     12.346      ✗
min_window_weighted           \left\{-2,\ 1+\sqrt{5},\ 1-\sqrt{5}\right\} 15     11.215      ✗
top10_tail_filtered           \left\{-2,\ 1+\sqrt{5},\ 1-\sqrt{5}\right\} 2      18.009      ✗
top10_bottom_window_filtered  \left\{-2,\ 1+\sqrt{5},\ 1-\sqrt{5}\right\} 2      13.291      ✗
Q422 done | gt=\{1\pm\sqrt{5},-2\} | majority:✗, mean_confidence_weighted:✗, tail_confidence_weighted:✗, bottom_window_weighted:✗, min_window_weighted:✗, top10_tail_filtered:✗, top10_bottom_window_filtered:✗
tokens=547904

============================================================
### Q460
============================================================
Ground truth: 75^\circ
Trace 0: finished at 22815 tokens | answer=70
Trace 1: finished at 32756 tokens | answer=75
Trace 2: finished at 41072 tokens | answer=50
Trace 3: finished at 18454 tokens | answer=75
Trace 4: finished at 39902 tokens | answer=63
Trace 5: finished at 28907 tokens | answer=75
Trace 6: finished at 42400 tokens | answer=55
Trace 7: finished at 29359 tokens | answer=75
Trace 8: finished at 31903 tokens | answer=75
Trace 9: finished at 21265 tokens | answer=75
Trace 10: finished at 26223 tokens | answer=75
Trace 11: finished at 14742 tokens | answer=75
Trace 12: finished at 22888 tokens | answer=75
Trace 13: finished at 20848 tokens | answer=105
Trace 14: finished at 26058 tokens | answer=75
Trace 15: finished at 16982 tokens | answer=75

=== Voting Results Summary ===
  majority: 75 [16 votes]
  mean_confidence_weighted: 75 (conf: 14.446) [16 votes]
  tail_confidence_weighted: 75 (conf: 16.667) [16 votes]
  bottom_window_weighted: 75 (conf: 12.322) [16 votes]
  min_window_weighted: 75 (conf: 11.236) [16 votes]
  top10_tail_filtered: 105 (conf: 18.756) [2 votes]
  top10_bottom_window_filtered: 75 (conf: 12.954) [2 votes]

=== Detailed Voting Results ===
----------------------------------------------------------------------
Method                        Answer      Votes  Confidence  Correct
----------------------------------------------------------------------
majority                      75          16     -           ✗
mean_confidence_weighted      75          16     14.446      ✗
tail_confidence_weighted      75          16     16.667      ✗
bottom_window_weighted        75          16     12.322      ✗
min_window_weighted           75          16     11.236      ✗
top10_tail_filtered           105         2      18.756      ✗
top10_bottom_window_filtered  75          2      12.954      ✗
Q460 done | gt=75^\circ | majority:✗, mean_confidence_weighted:✗, tail_confidence_weighted:✗, bottom_window_weighted:✗, min_window_weighted:✗, top10_tail_filtered:✗, top10_bottom_window_filtered:✗
tokens=436574

============================================================
### Q478
============================================================
Ground truth: \frac{2}{1005}
Trace 0: finished at 14222 tokens | answer=\dfrac{2}{1005}
Trace 1: finished at 16448 tokens | answer=\dfrac{2}{1005}
Trace 2: finished at 21677 tokens | answer=\dfrac{2}{1005}
Trace 3: finished at 13731 tokens | answer=\dfrac{2}{1005}
Trace 4: finished at 19977 tokens | answer=\dfrac{2}{1005}
Trace 5: finished at 23298 tokens | answer=\dfrac{2}{1005}
Trace 6: finished at 22128 tokens | answer=\dfrac{2}{1005}
Trace 7: finished at 22951 tokens | answer=\dfrac{2}{1005}
Trace 8: finished at 24065 tokens | answer=\dfrac{2}{1005}
Trace 9: finished at 17306 tokens | answer=\dfrac{2}{1005}
Trace 10: finished at 12301 tokens | answer=\dfrac{2}{1005}
Trace 11: finished at 25604 tokens | answer=\dfrac{2}{1005}
Trace 12: finished at 21399 tokens | answer=\dfrac{2}{1005}
Trace 13: finished at 29672 tokens | answer=-\dfrac{2}{1005}
Trace 14: finished at 20297 tokens | answer=\dfrac{2}{1005}
Trace 15: finished at 26137 tokens | answer=\dfrac{2}{1005}

=== Voting Results Summary ===
  majority: \dfrac{2}{1005} [16 votes]
  mean_confidence_weighted: \dfrac{2}{1005} (conf: 15.363) [16 votes]
  tail_confidence_weighted: \dfrac{2}{1005} (conf: 17.824) [16 votes]
  bottom_window_weighted: \dfrac{2}{1005} (conf: 13.088) [16 votes]
  min_window_weighted: \dfrac{2}{1005} (conf: 12.041) [16 votes]
  top10_tail_filtered: \dfrac{2}{1005} (conf: 18.768) [2 votes]
  top10_bottom_window_filtered: \dfrac{2}{1005} (conf: 13.780) [2 votes]

=== Detailed Voting Results ===
----------------------------------------------------------------------
Method                        Answer      Votes  Confidence  Correct
----------------------------------------------------------------------
majority                      \dfrac{2}{1005} 16     -           ✓
mean_confidence_weighted      \dfrac{2}{1005} 16     15.363      ✓
tail_confidence_weighted      \dfrac{2}{1005} 16     17.824      ✓
bottom_window_weighted        \dfrac{2}{1005} 16     13.088      ✓
min_window_weighted           \dfrac{2}{1005} 16     12.041      ✓
top10_tail_filtered           \dfrac{2}{1005} 2      18.768      ✓
top10_bottom_window_filtered  \dfrac{2}{1005} 2      13.780      ✓
Q478 done | gt=\frac{2}{1005} | majority:✓, mean_confidence_weighted:✓, tail_confidence_weighted:✓, bottom_window_weighted:✓, min_window_weighted:✓, top10_tail_filtered:✓, top10_bottom_window_filtered:✓
tokens=331213

